,walkforward,ew_regime,spy
2004-01-08,0.9804929428551685,0.9885868937966011,1.0039841962731448
2004-01-09,0.9937639354507712,1.0058505199955614,0.9952183726487772
2004-01-12,1.0179962563074723,1.0324427711929882,1.0025674933828015
2004-01-13,1.0076979179199497,1.0211439401783737,0.996723440902347
2004-01-14,1.0453996910251662,1.0601756187449434,1.0050473356720562
2004-01-15,1.0658354511966142,1.0684389943508534,1.0075258514604772
2004-01-16,1.1010075319106634,1.1002972579953922,1.011511374234456
2004-01-20,1.1243758498861678,1.1199170015245405,1.011245461836571
2004-01-21,1.1474248873610495,1.131758836120242,1.0192148747681173
2004-01-22,1.138574226933319,1.1206892388645207,1.0165593221376663
2004-01-23,1.1287283320897052,1.1174471866079894,1.0132823548859107
2004-01-26,1.1594227546863078,1.1511785987742924,1.0260338033227825
2004-01-27,1.1437845991424929,1.1397612500301926,1.0154958766231779
2004-01-28,1.1132502505338273,1.1141707733321602,1.0038956268328671
2004-01-29,1.1097898822465133,1.1037766348177065,1.0048702988300264
2004-01-30,1.0999674206823136,1.0993745744762973,1.0048702988300264
2004-02-02,1.1283558115910066,1.1155912409498492,1.0092090789798598
2004-02-03,1.1245947724122596,1.1087664730014426,1.0075258514604777
2004-02-04,1.1065612783743437,1.089526947332696,0.9992909342851489
2004-02-05,1.1718874279086096,1.137050887995551,1.002213317660216
2004-02-06,1.2037170200258887,1.1642781162456557,1.0134594937664667
2004-02-09,1.235927195024834,1.1891079550509083,1.0137252020873004
2004-02-10,1.2325835596943227,1.195995143224135,1.0170013530308508
2004-02-11,1.2536904841580205,1.226586995675006,1.0278042737816095
2004-02-12,1.2998527936075965,1.2776071903968778,1.0240851735981442
2004-02-13,1.3142240585517928,1.282244908158363,1.0194809912430542
2004-02-17,1.3399866195998527,1.3090708575419516,1.0286902742999653
2004-02-18,1.360645652855775,1.3110582735289011,1.0241741511925249
2004-02-19,1.3340904140280208,1.2746516135302406,1.0203667876843587
2004-02-20,1.3256617262091883,1.273492658392676,1.0172672654287358
2004-02-23,1.279449925118273,1.2396706567513909,1.0146989557377288
2004-02-24,1.2612449162319452,1.2258649796829877,1.0129278730477485
2004-02-25,1.307938094317825,1.2754378022850157,1.0171782878343552
2004-02-26,1.3390930528331055,1.3018197327168486,1.0177984779933515
2004-02-27,1.3664394372132536,1.324412284778358,1.0185067273999977
2004-03-01,1.4053672131474892,1.3542667270120186,1.0286017048596874
2004-03-02,1.3989985227731943,1.3484083195120335,1.0225804114601513
2004-03-03,1.398627209557111,1.3479720575579122,1.02443934932073
2004-03-04,1.403981768191676,1.3542628500667957,1.027096126413489
2004-03-05,1.4089831260954537,1.360143593020643,1.030549416237595
2004-03-08,1.3996277630269325,1.349134732226118,1.0179750046427531
2004-03-09,1.3923794847691202,1.3406178547935856,1.013902034852279
2004-03-10,1.3757855528061291,1.3211418687763608,0.9969008858984799
2004-03-11,1.3614660809957821,1.3043797668954753,0.9839715843113727
2004-03-12,1.3781117417592947,1.3238199805063873,0.9969008858984799
2004-03-15,1.3616361811955469,1.3045275269174486,0.9846806500262241
2004-03-16,1.3654799283106218,1.3090165282823751,0.9899049205017848
2004-03-17,1.3833928403104097,1.329949397855231,1.000973855688954
2004-03-18,1.3822308010275821,1.328587598360385,1.0012389517786335
2004-03-19,1.374715558179675,1.3197820701574516,0.9868882535290023
2004-03-22,1.358164282590858,1.3004123381599133,0.9743589429625048
2004-03-23,1.3587087795876844,1.3010478549525157,0.9726708175938906
2004-03-24,1.3562781198070324,1.2982106296136473,0.9734703914810074
2004-03-25,1.3759752276500468,1.3211933605927795,0.986355000193873
2004-03-26,1.3765654392192266,1.3218841827382666,0.9866217288999632
2004-03-29,1.3919245896068402,1.339863222902523,1.000484070765758
2004-03-30,1.4000185788771176,1.3493607414294466,1.0038605255800377
2004-03-31,1.4020672978290392,1.3517677598955156,1.005015601690574
2004-04-01,1.4112390557475458,1.3625470106092268,1.0110580170649226
2004-04-02,1.4211911352501134,1.3742599935456532,1.018700498560236
2004-04-05,1.4270472458044854,1.3811628437085268,1.02429925042499
2004-04-06,1.4228351123985579,1.3761933583215573,1.0210109568968855
2004-04-07,1.4193698405791455,1.37210767260934,1.0186115209658553
2004-04-08,1.416752081999159,1.3690228870637828,1.0163014707833082
2004-04-12,1.4604771215625854,1.3942538467154553,1.0203001565270975
2004-04-13,1.4337254362426608,1.3635633511308414,1.005993232804977
2004-04-14,1.4266125960782754,1.3543608599741264,1.0075932989259415
2004-04-15,1.4176098219232787,1.3511003557369439,1.0037717520627079
2004-04-16,1.4445604412357127,1.3898414757185213,1.0115033131909275
2004-04-19,1.4588796431247169,1.4014970310757282,1.0115033131909275
2004-04-20,1.4065850006723335,1.33437245632049,0.9945302248316866
2004-04-21,1.408010547323439,1.3373630644728178,1.0011949731740706
2004-04-22,1.440196017037155,1.3553717244585513,1.0152346579974725
2004-04-23,1.4242744711721635,1.3535104717514697,1.016212595227453
2004-04-26,1.4270750834577923,1.3605831657377012,1.0147907904108264
2004-04-27,1.3973827561842762,1.3324157506685808,1.015679035776747
2004-04-28,1.373322805617613,1.2982543247539307,1.002527698357791
2004-04-29,1.3542971020433514,1.2913319540306214,0.9937306509445697
2004-04-30,1.3137348037592749,1.243137294575914,0.9859999061245555
2004-05-03,1.3259281015059114,1.2536566392817043,0.9965738524237202
2004-05-04,1.3584674468680153,1.281274840031264,0.9957747887292318
2004-05-05,1.3606138886960881,1.2892325195114842,1.002172094095846
2004-05-06,1.391549296960922,1.2902029789996237,0.9935528998328601
2004-05-07,1.4262113064485404,1.2837837792510671,0.9771136770399025
2004-05-10,1.3724055727708346,1.2336212018912571,0.9670727799988157
2004-05-11,1.4190862894750442,1.2630884638817814,0.9752475964825272
2004-05-12,1.435658378602425,1.2795090111797123,0.9814676609300601
2004-05-13,1.4341537660667167,1.2794070903724841,0.9773803037074671
2004-05-14,1.4336301153078492,1.2788376378273505,0.9778246814867413
2004-05-17,1.4205158300832137,1.2645774355852735,0.9694715016601659
2004-05-18,1.4311773214906793,1.2761470817537528,0.9743589429625039
2004-05-19,1.4304652533379458,1.2753730984114489,0.9709822840711729
2004-05-20,1.4307618018347907,1.2756953970208273,0.974092418333465
2004-05-21,1.4369747940278776,1.282448186724345,0.975780645740605
2004-05-24,1.446116214050472,1.2923932398446427,0.9798682070402494
2004-05-25,1.468287179464631,1.3165466720201324,0.9939081979792284
2004-05-26,1.474356280857644,1.323180319846448,0.9973737324264144
2004-05-27,1.4814619301208563,1.3309539365150103,1.002972280214117
2004-05-28,1.4836968269206618,1.3334014932555087,1.0028834046582622
2004-06-01,1.4861196108967556,1.33605569070489,1.0015502713204392
2004-06-02,1.4890873319283962,1.3393080359137757,1.0052822283581384
2004-06-03,1.4754039014386642,1.324305728458093,0.9960411092812198
2004-06-04,1.4823072778305753,1.3318591139318772,1.0039498092899952
2004-06-07,1.5031047945383549,1.3546380949908052,1.0192331396642114
2004-06-08,1.504010917971399,1.3556335557658836,1.0206553526349404
2004-06-09,1.4898052084060964,1.3400252049310684,1.0111475048519316
2004-06-10,1.4936532709787604,1.3442443880027406,1.0161237196715989
2004-06-11,1.4936532709787604,1.3442443880027406,
2004-06-14,1.479305643433337,1.3285041499048877,1.0060821083608324
2004-06-15,1.4916081999300668,1.3419721507515665,1.0131916426365934
2004-06-16,1.4928209907787557,1.3433022296942108,1.013013177255204
2004-06-17,1.4924641996066415,1.342910863897086,1.011503313190928
2004-06-18,1.4952819693091504,1.34600152599064,1.0134116376979287
2004-06-21,1.4922450907074258,1.3426691603118253,1.009576417672256
2004-06-22,1.4981191505775409,1.3491118911687112,1.0146600790594493
2004-06-23,1.512136177049124,1.3644991150820733,1.0234001889753492
2004-06-24,1.5126783405977893,1.3650939152038597,1.0201891386111737
2004-06-25,1.517576184708841,1.3704676877414204,1.0152845548365237
2004-06-28,1.5132229491637956,1.3656881175557223,1.0118063676121551
2004-06-29,1.5156983257438412,1.368404233270815,1.0159981102465043
2004-06-30,1.524535467224441,1.378104235299553,1.0214376820112199
2004-07-01,1.511378439213172,1.363644487664884,1.007257592176502
2004-07-02,1.5088811124525863,1.3609050483216363,1.006722400109385
2004-07-06,1.4675762568180244,1.339301287962107,0.997892904445002
2004-07-07,1.4705238904872993,1.3384986329486976,1.0008363077563562
2004-07-08,1.4022652752634732,1.284164693056104,0.9938799333076194
2004-07-09,1.3926717081756554,1.283650535956508,0.9964664058561947
2004-07-12,1.374119223320851,1.2776344001322386,0.996912008097777
2004-07-13,1.3682009642857031,1.2710425034624917,0.9976259716618604
2004-07-14,1.3337676185989715,1.2482366764903199,0.9945935907561256
2004-07-15,1.3242927142003642,1.2388606396911068,0.9881721022589286
2004-07-16,1.3589346213282005,1.243848969503018,0.9873690590619392
2004-07-19,1.3132381685806807,1.213533719754039,0.9831774184661158
2004-07-20,1.3452179844151337,1.2241122982154948,0.9956635667362567
2004-07-21,1.3293452401759402,1.2001806199554512,0.9772915301901383
2004-07-22,1.301897187921079,1.1809290333429199,0.9799668782945685
2004-07-23,1.2869516801285315,1.1663199634980304,0.9717618584072598
2004-07-26,1.2724776746935644,1.134275727744127,0.969888635153088
2004-07-27,1.314652978368189,1.1837943454887963,0.9789857778702923
2004-07-28,1.3079346629830606,1.1951060803379576,0.9819286709890181
2004-07-29,1.3389386837301276,1.213591147365285,0.9861204136233671
2004-07-30,1.3564352430808886,1.2248735380759874,0.9885285228290788
2004-08-02,1.3741758618456354,1.2365265263368044,0.9905803135031658
2004-08-03,1.3336773421060002,1.204980911196476,0.98290987345182
2004-08-04,1.3413922770173659,1.2068514856781771,0.9828209978959652
2004-08-05,1.3531348532744272,1.2033216515340917,0.966767480730024
2004-08-06,1.320460272738078,1.1766282159321055,0.9529437094269309
2004-08-09,1.3258642469067448,1.1813559992753166,0.9542812304213574
2004-08-10,1.3615117630670828,1.209170045519012,0.9665892194256859
2004-08-11,1.3645154154632289,1.2137830004992265,0.9646272226541848
2004-08-12,1.3447387336892334,1.1930537046498912,0.9541033772711219
2004-08-13,1.3101536804641514,1.17662810748467,0.9559763964482424
2004-08-16,1.2898803956212825,1.1784402199734005,0.9658759701312821
2004-08-17,1.299648366834888,1.1851325442387664,0.9713162561656773
2004-08-18,1.3645406084478118,1.232662228062532,0.9813046033660462
2004-08-19,1.3651992559873243,1.231717960964334,0.9784505858031751
2004-08-20,1.3749348953930562,1.2439171942487377,0.9853179826575315
2004-08-23,1.3833765374586486,1.239213924950188,0.9828209978959649
2004-08-24,1.386935451505724,1.233866129305885,0.9841590290830199
2004-08-25,1.4086256094591798,1.2538426429876628,0.9908474503633584
2004-08-26,1.40980883947118,1.2611451210963924,0.9908474503633584
2004-08-27,1.405548756827908,1.2559421229675762,0.9939690129405252
2004-08-30,1.4033420754268728,1.2468838697073006,0.9857636869376395
2004-08-31,1.4022100814170688,1.249453327217824,0.9909366320347903
2004-09-01,1.4476338625138174,1.2673302485539684,0.9928096512119109
2004-09-02,1.4751628300955724,1.2994878385810866,1.0040472560820057
2004-09-03,1.460639510201672,1.2857976307329517,0.9999439808494089
2004-09-07,1.512447465509043,1.3183809143513867,1.0065439347279954
2004-09-08,1.511156057321178,1.328045343256195,1.0040472560820057
2004-09-09,1.4978570393609107,1.3162459867252343,1.0031552352906357
2004-09-10,1.5475527332372518,1.347414678354315,1.0083276701951582
2004-09-13,1.5269019341780297,1.3413552601690262,1.0116272899996115
2004-09-14,1.5575281686350437,1.3671371449261647,1.0136787745581213
2004-09-15,1.5494437994309826,1.3672764720172355,1.0060089467379296
2004-09-16,1.5496678263774506,1.3605598771966048,1.00904142968219
2004-09-17,1.5339431574665119,1.3563416952897474,1.0133312313397036
2004-09-20,1.516427707320258,1.3365725106234194,1.0072408578582919
2004-09-21,1.5101997028717364,1.3435919216813175,1.0116298409627527
2004-09-22,1.511166637650663,1.3361785973972609,0.9990021652575134
2004-09-23,1.518567673480895,1.3404951956736613,0.9936289185344807
2004-09-24,1.5425108756534038,1.3536690625762315,0.9981960609047539
2004-09-27,1.5411854506039644,1.342989660780825,0.991837734254944
2004-09-28,1.5535671985639044,1.3455082398062315,0.9965842603533378
2004-09-29,1.5598080506565426,1.3519324397204129,1.001599249812758
2004-09-30,1.5839312680118738,1.3674444344640513,1.000882429169956
2004-10-01,1.6013332110917726,1.386631461158371,1.0178085798073908
2004-10-04,1.6399078910544673,1.406111803178046,1.0195106844540212
2004-10-05,1.6430888515928264,1.4068430393483589,1.0200475091375487
2004-10-06,1.6549408435300248,1.4137799839525995,1.0270333727202028
2004-10-07,1.6293624960682274,1.3863377042573393,1.0160179057204823
2004-10-08,1.619637548224235,1.3728224929726436,1.007599727353058
2004-10-11,1.6091268266055352,1.3699011776194956,1.0117186144800816
2004-10-12,1.6216135397350795,1.3834841142828085,1.007777988657396
2004-10-13,1.6135142217550207,1.3693107403047964,0.9989129835860814
2004-10-14,1.5893495061738059,1.3546774115299611,0.9908523482125898
2004-10-15,1.6021454524973406,1.3651990871060578,0.9964048766252174
2004-10-18,1.6369699546922694,1.384428039589885,1.0001664248353594
2004-10-19,1.6396889492128064,1.387479433863922,0.9917478383138324
2004-10-20,1.6441963504583734,1.3906164258971374,0.9897778825373295
2004-10-21,1.6513498537524536,1.395184396631979,0.9962257990126739
2004-10-22,1.6191628695258502,1.37502376776564,0.9850312544004101
2004-10-25,1.6598035426006017,1.403498405552607,0.9838670968610895
2004-10-26,1.7168554568423882,1.43807206490018,0.9989129835860815
2004-10-27,1.7362636158426366,1.4464670771720054,1.010912918281425
2004-10-28,1.7023338161178099,1.4250232298345171,1.0139579519643422
2004-10-29,1.7028506727770576,1.4293517204353845,1.0137789763903247
2004-11-01,1.7211636918658817,1.4392046436227415,1.0165551385581126
2004-11-02,1.7319627948741512,1.4409237466021223,1.0169131917446737
2004-11-03,1.749966819095158,1.459531478849439,1.0297197409854049
2004-11-04,1.8367524747066608,1.5194244067147373,1.0437804457450939
2004-11-05,1.9236301938259024,1.5683375274220768,1.0503180540844983
2004-11-08,2.027864213830403,1.6343654583079146,1.0487953331659883
2004-11-09,2.0054024313363956,1.6239081553166779,1.0467355834868994
2004-11-10,2.0451341989636536,1.6450672315174153,1.047541993955236
2004-11-11,2.09351972044551,1.6736754079586613,1.055512121156462
2004-11-12,2.090142656459785,1.6733197526394366,1.0638410158139286
2004-11-15,2.1368337548324328,1.699365541994971,1.066454732648857
2004-11-16,2.111587850962098,1.682915196354538,1.0588202101585455
2004-11-17,2.1032424623820303,1.6829837944056383,1.0651070078018636
2004-11-18,2.1020779813000052,1.683861078531471,1.0665442204358657
2004-11-19,2.083001841162507,1.6655715457802736,1.054688364138762
2004-11-22,2.0951286726568257,1.6771473718441536,1.0597182512229297
2004-11-23,2.098923459106533,1.6807737983242554,1.061334949623578
2004-11-24,2.1128261514196454,1.694064337180205,1.0638499952041873
2004-11-26,2.114492626122731,1.695680345061096,1.0630416460038632
2004-11-29,2.1120369772028758,1.693329439960111,1.0581906324551877
2004-11-30,2.108174282766074,1.6896323390360801,1.0589095959070285
2004-12-01,2.1361114995339774,1.716362393898592,1.0709459583560346
2004-12-02,2.131652352069714,1.7120851115679687,1.0718441014589444
2004-12-03,2.1474281968807625,1.741156143349238,1.0711254441226805
2004-12-06,2.158124966335526,1.727135966752917,1.0707663705508628
2004-12-07,2.09251911640144,1.6855522107363239,1.0607954719383825
2004-12-08,2.0715924157189636,1.6729623561845195,1.0669940062569998
2004-12-09,2.0583734893185386,1.6699519778913876,1.0707663705508625
2004-12-10,2.0588437969689948,1.6723751779391238,1.0718441014589442
2004-12-13,2.0743772306324324,1.6874380848557555,1.081185320329541
2004-12-14,2.0842961278886047,1.6970704849265585,1.0849583988930835
2004-12-15,2.093016772033912,1.7055470526121834,1.0857665440163562
2004-12-16,2.0850516312112366,1.6977985913575524,1.0851375785441526
2004-12-17,2.0820765449926775,1.6949065804810648,1.0778997818416296
2004-12-20,2.080353465940185,1.693232079958738,1.0781708982043234
2004-12-21,2.0950821429366524,1.707543215859989,1.0864732628451172
2004-12-22,2.100525543290095,1.7128395080479315,1.0890903469513924
2004-12-23,2.1023001851429095,1.7145670572878227,1.0899026756542174
2004-12-27,2.0946880745800116,1.7071557325181663,1.0876466038517476
2004-12-28,2.1127751303993567,1.7247533012429042,1.0936026946333832
2004-12-29,2.1143840292181455,1.726321255729382,1.095227454077559
2004-12-30,2.117831590217828,1.7296815763565594,1.0931516843499407
2004-12-31,2.116565103020443,1.7284305854463275,1.090805206413731
2005-01-03,2.0936570473110776,1.7060979718108156,1.0856608321037666
2005-01-04,2.0667927202969976,1.6799640011432384,1.0723949054204882
2005-01-05,2.0527336191818404,1.666321574808085,1.0649945613465797
2005-01-06,2.05859172882117,1.6719985203536538,1.0704093377495583
2005-01-07,2.0549146310417847,1.668433172942505,1.0688754946317507
2005-01-10,2.0614636050658253,1.6706806378444063,1.0739289526153468
2005-01-11,2.050938447006519,1.66671876442809,1.0665288126184895
2005-01-12,2.074497281266199,1.685785149688282,1.0700486315613296
2005-01-13,2.1082493926263743,1.7028833978234728,1.0614748444422648
2005-01-14,2.1644009770646675,1.7389223664199034,1.0670707392283003
2005-01-18,2.225020964077423,1.771547866498513,1.0781708982043234
2005-01-19,2.1755310975376574,1.7421193004068607,1.0668898249222951
2005-01-20,2.1344088442374973,1.714401340724655,1.0603920116079002
2005-01-21,2.131067359582853,1.7053987451593358,1.0538944023705565
2005-01-24,2.170650792075424,1.7164077313459931,1.0518187346814638
2005-01-25,2.17665476141118,1.7163743898464285,1.0547971372071214
2005-01-26,2.156394832228065,1.7166594115726501,1.0579554336535277
2005-01-27,2.16149605565943,1.710267649058238,1.0597605972110804
2005-01-28,2.168570844510267,1.7192146426182338,1.0597605972110804
2005-01-31,2.194231036472598,1.7376533052939742,1.0663480003510097
2005-02-01,2.2525023552972345,1.7520588694166859,1.0731172361436756
2005-02-02,2.2821499191488774,1.7764811139909393,1.0763653264926678
2005-02-03,2.3529796076220735,1.8097625486407904,1.0735679403115412
2005-02-04,2.410073570999243,1.8440185582879305,1.085029315668421
2005-02-07,2.410064560358603,1.8393714053886359,1.083585368491725
2005-02-08,2.2803612074524047,1.8092673819715839,1.0848487074779924
2005-02-09,2.23334986994302,1.7803221213958533,1.0767267469505757
2005-02-10,2.287920976655997,1.7952765896762435,1.08060737412017
2005-02-11,2.3378059124553414,1.826032324023846,1.0899026756542172
2005-02-14,2.387983390227558,1.8422832288853734,1.0890903469513922
2005-02-15,2.4148506278911657,1.8600700943522728,1.0931516843499403
2005-02-16,2.415273872567375,1.862994458186588,1.0938735048804997
2005-02-17,2.3969204354871567,1.8454095097805,1.0850293156684208
2005-02-18,2.3768616221076684,1.8292854015973714,1.0864732628451168
2005-02-22,2.3600796918031333,1.8287467150660692,1.0703190336543436
2005-02-23,2.376585289653261,1.8197609755033597,1.0779897798212663
2005-02-24,2.46819812103823,1.834870998240235,1.0851197218021607
2005-02-25,2.4897366573651154,1.84187703433625,1.0958588684743782
2005-02-28,2.465409802388826,1.8330901437032336,1.0886390305523723
2005-03-01,2.46095151720876,1.8325058012382225,1.094054419186505
2005-03-02,2.474830287593622,1.8305986357417394,1.0935125946152198
2005-03-03,2.468475486825897,1.815307467640061,1.0939638089757138
2005-03-04,2.503596458172013,1.8397491231214076,1.1075911561169005
2005-03-07,2.5034425579199815,1.8464894017230429,1.108132572534083
2005-03-08,2.5046343591532674,1.8325390555418815,1.1039809310403206
2005-03-09,2.449239624718945,1.8138985257449336,1.0917073290191415
2005-03-10,2.384069219843536,1.7898984883945668,1.0941443151276167
2005-03-11,2.450599405653006,1.8139920961822644,1.086473262845117
2005-03-14,2.639798332901804,1.8654570918796076,1.093241886406629
2005-03-15,2.6850203229022678,1.8677469060238672,1.0842172930811729
2005-03-16,2.697756222021558,1.8706437497579078,1.0750118874882373
2005-03-17,2.787603948283949,1.9054605333229768,1.0771778592725443
2005-03-18,2.756624055852081,1.8990789089332838,1.0739798698396539
2005-03-21,2.7207416086238,1.887350369693084,1.069993224641893
2005-03-22,2.7170496810354816,1.8810712425594258,1.0591214278863101
2005-03-23,2.732264428303261,1.8852790562049806,1.0600273259171706
2005-03-24,2.85166055665557,1.927040211486432,1.0612952566370932
2005-03-28,2.8500881780366436,1.9479977477250041,1.0628357322590691
2005-03-29,2.7829515554915165,1.920742644838436,1.0557687480485105
2005-03-30,2.877807128551278,1.96147752229668,1.0707180042896969
2005-03-31,2.894066804026195,1.9606418165337458,1.068724783729342
2005-04-01,2.8485750298450063,1.9488593328874428,1.063922850711512
2005-04-04,2.9115902146858694,1.9695848566985081,1.065735565119964
2005-04-05,2.9184943522148035,1.9881441132490507,1.0708084104234368
2005-04-06,2.8815945215101024,1.9989221372636583,1.0745233270273498
2005-04-07,2.8853216190556474,2.0035931588524085,1.080321972363883
2005-04-08,2.872274206497896,2.0002926677629813,1.069087530688084
2005-04-11,2.8662573415040566,1.999174792327308,1.0699030225852046
2005-04-12,2.881749650915485,1.9911683902591877,1.0754293270967359
2005-04-13,2.8350733090944535,1.9568589074524498,1.0627451220482778
2005-04-14,2.802752733887158,1.9483411883895114,1.048883392413637
2005-04-15,2.7239670342731963,1.9055304978170522,1.0342057627277728
2005-04-18,2.7551664391086033,1.9134327029732507,1.0373773241825155
2005-04-19,2.7396860921232915,1.9362675634869388,1.04562152686368
2005-04-20,2.7369970431488615,1.9268511667090071,1.031035119619761
2005-04-21,2.7925599341401646,1.9749151561412408,1.0510577313570484
2005-04-22,2.833538237997474,2.0040116236346988,1.047071596351916
2005-04-25,2.9175544990010778,2.077391458214763,1.0539571560638408
2005-04-26,2.9111418244968617,2.0653520768524913,1.0437191205911678
2005-04-27,2.8798529572808325,2.0337034090548975,1.0477956617300404
2005-04-28,2.8683235563677107,2.0225020098557547,1.034659119897306
2005-04-29,2.928970001426749,2.033498928397713,1.048702171992055
2005-05-02,2.943832928361223,2.0403464407285936,1.0545914275393795
2005-05-03,2.937201721944351,2.015211517994403,1.0564030195240492
2005-05-04,3.009961394538487,2.0432242395317672,1.0645568160714736
2005-05-05,3.005367571403475,2.0402607328540148,1.064194885420937
2005-05-06,3.02362656341529,2.0658452561047085,1.060842919852817
2005-05-09,3.05227736796497,2.0887872395229636,1.067456444855317
2005-05-10,3.0039138582951193,2.0590533864997242,1.056403019524049
2005-05-11,2.9951739782233746,2.0377000150156244,1.0622013587450052
2005-05-12,2.8839793472915325,1.9524979712992343,1.0505140700923015
2005-05-13,2.8458582016410103,1.9473219730711662,1.0484302393211555
2005-05-16,2.8234825454063617,1.959634291528678,1.058215121701347
2005-05-17,2.7967863456698967,1.9632783408104213,1.0652822079504312
2005-05-18,2.782156652516494,1.9623488627046686,1.076245023070908
2005-05-19,2.7715173737704553,1.98047003782824,1.0807748193407876
2005-05-20,2.8577390846892174,2.0005962516379623,1.0792344457573375
2005-05-23,2.9139736738094806,2.0334096488785294,1.0852139033613506
2005-05-24,2.930067841765095,2.052081647471632,1.082676919497723
2005-05-25,2.944310294815673,2.0655425375728216,1.081861835754705
2005-05-26,2.9828186306432025,2.1033105456645576,1.0876609912838666
2005-05-27,3.024448457849922,2.130945782016747,1.0894725832685364
2005-05-31,3.1140490253018034,2.161208596009776,1.082496209268769
2005-06-01,3.1240337068911392,2.1811941049163392,1.0917374303842136
2005-06-02,3.111158433269271,2.182053105365074,1.0940932958647844
2005-06-03,3.13849651367058,2.202171912877249,1.0885664811606248
2005-06-06,3.1408345138680676,2.204681116475854,1.0875697688419217
2005-06-07,3.1563582616327093,2.240469911819781,1.088385362777568
2005-06-08,3.1557093283997886,2.2434388878411036,1.0863921422172131
2005-06-09,3.1680382818579926,2.2766491628204877,1.091556209962631
2005-06-10,3.198988179644046,2.284315439726352,1.0890191240604778
2005-06-13,3.2005502244735715,2.3167554803796975,1.09246261818612
2005-06-14,3.2241727655175763,2.3276687672232486,1.0949989898185934
2005-06-15,3.246894194004663,2.3382887867204336,1.0970829226282652
2005-06-16,3.2972533634632497,2.3719476571091227,1.0998917371242662
2005-06-17,3.279883605085112,2.3614073748057294,1.103966951762305
2005-06-20,3.2885655931641176,2.3639187036304112,1.1043309231833547
2005-06-21,3.2571466520658925,2.373733026756578,1.1049675415449833
2005-06-22,3.248724469982946,2.3687449020040567,1.1058773170398193
2005-06-23,3.2068789851518127,2.3402080495032243,1.0903221560332297
2005-06-24,3.1584232768758245,2.310004486205313,1.0823169275791746
2005-06-27,3.193639000799406,2.325875930736265,1.0838629132815363
2005-06-28,3.2467736294148817,2.3519799868759947,1.0929598519216894
2005-06-29,3.275659071741962,2.3777082018977596,1.0900495090926507
2005-06-30,3.175854077814621,2.3270839941599757,1.0841363765303205
2005-07-01,3.2245958503382317,2.3304643248934678,1.0873200805696175
2005-07-05,3.2588397599840344,2.3388079295847666,1.0960528437116692
2005-07-06,3.253098052816351,2.34477818238373,1.086865600976302
2005-07-07,3.285533396020816,2.35933698088287,1.0911403009320173
2005-07-08,3.3252987158157605,2.3927478261446065,1.1036027762642038
2005-07-11,3.406224883804157,2.442041768357188,1.1092427516933268
2005-07-12,3.401708711757551,2.4542620441257275,1.1121537067535194
2005-07-13,3.3384340369169117,2.4319762076679527,1.1137002026485094
2005-07-14,3.3299933052332626,2.432264878125092,1.1180666352387982
2005-07-15,3.3286651257675346,2.4342080221841313,1.1174300168771696
2005-07-18,3.3464194705253196,2.4456994149021036,1.1129726679605125
2005-07-19,3.376734437018626,2.480235696307598,1.119067122982951
2005-07-20,3.3961562277442634,2.4840371400867713,1.122887955576505
2005-07-21,3.3307812794915472,2.436565498769788,1.1163386128066488
2005-07-22,3.3007224351951057,2.4131917939349155,1.1237973229172382
2005-07-25,3.3204484443976146,2.408659392248322,1.1206134148008897
2005-07-26,3.487195697983447,2.455346260819173,1.121978282120195
2005-07-27,3.7977617984237972,2.5906889715584906,1.1260714555387508
2005-07-28,3.8796259729209117,2.6315273408001794,1.1331667044209186
2005-07-29,3.801015556482739,2.6005055375716077,1.1256166698298584
2005-08-01,3.8427735235541007,2.6201936001482777,1.124798320854019
2005-08-02,3.8770229745449916,2.634472895007723,1.1315298023921887
2005-08-03,4.018325844698591,2.6893313943008788,1.1345312656246467
2005-08-04,3.9764265024379815,2.671165143042609,1.1254353473697505
2005-08-05,3.959754454689499,2.646347645575163,1.1177935801441168
2005-08-08,4.041733260588241,2.6842785184166287,1.1157013822138662
2005-08-09,4.083124276154453,2.696602391249116,1.1224328637520355
2005-08-10,3.9924680076981516,2.643280866038464,1.1218870596782495
2005-08-11,4.0208656597101555,2.6578547485739326,1.126344204517855
2005-08-12,4.106873144791771,2.6867633648899862,1.119431196442526
2005-08-15,4.120498899255797,2.696353831073125,1.1263442045178549
2005-08-16,4.0993459631331435,2.681862930181395,1.1116987169675754
2005-08-17,4.09764554941879,2.6837572158661938,1.1116080047182586
2005-08-18,4.042159356184553,2.6720360982958766,1.1115170883918903
2005-08-19,4.072523466347857,2.701568737148486,1.1140639699925072
2005-08-22,4.132630940760258,2.739891755271203,1.1140639699925072
2005-08-23,4.122743214259869,2.7333870256690167,1.1119717720622566
2005-08-24,4.088742773736076,2.703095634456254,1.1020564844462644
2005-08-25,4.092995088455487,2.7144534879427895,1.1060585374614007
2005-08-26,4.047236315785989,2.69216293902063,1.0985092171400201
2005-08-29,4.109917987355502,2.7204284647174175,1.1069684149947623
2005-08-30,4.075968510059298,2.7187325109891898,1.1011466069129028
2005-08-31,4.161242611195508,2.772508629709863,1.1150645597751854
2005-09-01,4.12518223415699,2.7692953911256324,1.1142459046837692
2005-09-02,4.108892382601406,2.75600246237404,1.11224431696431
2005-09-06,4.207260291074343,2.831961888611196,1.1252531065629108
2005-09-07,4.209482300119337,2.840104039556372,1.127163471840425
2005-09-08,4.211828567836172,2.8685500417327985,1.1234335555732393
2005-09-09,4.212344870154141,2.880340866425814,1.1334400656311767
2005-09-12,4.2286192038022,2.88116403503182,1.1311658309711385
2005-09-13,4.261390323463485,2.911877053778844,1.1248888290262844
2005-09-14,4.136817529453321,2.8542283420797547,1.1207955535692027
2005-09-15,4.089680616140892,2.8270273514674247,1.1202500556109936
2005-09-16,4.1813376093115915,2.8870247581316533,1.1282157951556162
2005-09-19,4.148796020371063,2.8643839967654823,1.1244700629169522
2005-09-20,4.120241714017859,2.8518817478033536,1.1149697659848425
2005-09-21,4.089315107352368,2.827478600045679,1.104555101824242
2005-09-22,4.062949537605293,2.8120384417208673,1.108482768754168
2005-09-23,4.106947908505548,2.843109098176794,1.1093967278285564
2005-09-26,4.138875279532204,2.865584801401255,1.1106759848248278
2005-09-27,4.150015153598572,2.87138967070001,1.1104017052678383
2005-09-28,4.158529812445876,2.8815567502001564,1.1114982112646425
2005-09-29,4.229817979395589,2.942386362055319,1.1205423959870264
2005-09-30,4.242914246499034,2.96920338840089,1.1240134405145983
2005-10-03,4.309121807450774,3.011991818072572,1.119993632795996
2005-10-04,4.297351602759345,2.987571286557187,1.1073873851811467
2005-10-05,4.19797833788485,2.926749396878853,1.0928623030911528
2005-10-06,4.121154627206662,2.8961247780703547,1.0889336157759701
2005-10-07,4.160684538179095,2.93142103563303,1.0926788378220058
2005-10-10,4.160070852572333,2.918808267317087,1.0834524122927829
2005-10-11,4.169270630872877,2.928054836506808,1.0818996920477273
2005-10-12,4.078261361516597,2.8615275476240924,1.0734031480925916
2005-10-13,4.053855653091073,2.8573279754748357,1.0727639787678214
2005-10-14,4.112701213065957,2.897906198820103,1.0840915816175534
2005-10-17,4.18305476004041,2.9548800957787607,1.0881116954517325
2005-10-18,4.0731831933604274,2.8936575524238393,1.0763271640840693
2005-10-19,4.150493153352851,2.930001436085516,1.0942324764137923
2005-10-20,4.011947590397263,2.877327855548943,1.0749565826073268
2005-10-21,4.064950750713406,2.912278510896832,1.0791588352098194
2005-10-24,4.135451847538714,2.947794080638999,1.0958767252163701
2005-10-25,4.233824849649377,2.988824568191947,1.0936840193383388
2005-10-26,4.355129290420461,3.0163001800229505,1.0904867441751283
2005-10-27,4.332746569719661,3.0007191381607385,1.0788848617684068
2005-10-28,4.342333852275589,3.0267704679198997,1.0944149212976826
2005-10-31,4.329541181649569,3.0401102888551415,1.0974296495384772
2005-11-01,4.267418841137261,3.0063882051811976,1.1007182491821585
2005-11-02,4.403973733160164,3.105508638506936,1.1122290111854605
2005-11-03,4.409756160230535,3.108737775949092,1.116978904555201
2005-11-04,4.495668891806218,3.1531573916390503,1.1155177128676674
2005-11-07,4.57525553392894,3.1836610812632014,1.116614422941523
2005-11-08,4.6095346396417005,3.210990700991172,1.116614422941523
2005-11-09,4.635541147877475,3.274863015998691,1.1180756146290562
2005-11-10,4.79976419680033,3.362852712846269,1.1267539912369282
2005-11-11,4.8600723109056005,3.3912833802108793,1.130591047956063
2005-11-14,4.850663584343881,3.3937316568239657,1.1299518786312928
2005-11-15,4.786247763661984,3.3452574953265666,1.1258406443936941
2005-11-16,4.812714930769288,3.37207027078201,1.1281246747521962
2005-11-17,4.919943469196046,3.438649903595277,1.1386301532006393
2005-11-18,4.873120428868034,3.411388737550644,1.143106787398647
2005-11-21,4.905669217505579,3.4319365776916766,1.148861760246195
2005-11-22,5.03837431275703,3.5360195252212057,1.1537948127695057
2005-11-23,5.012957263492321,3.53051192406952,1.1604634385758652
2005-11-24,5.012957263492321,,
2005-11-25,5.042260716049979,3.5744884117357807,1.1613770915346764
2005-11-28,4.899725287065599,3.5099458970873707,1.153155847521787
2005-11-29,4.944721711482957,3.5463969269977165,1.151876386448464
2005-11-30,5.043807719445489,3.5975250469459006,1.1456642810059332
2005-12-01,5.135160872682307,3.6708268526520325,1.1573573858545998
2005-12-02,5.252564173355111,3.742446645788725,1.15881959792739
2005-12-05,5.216520276913235,3.728716963257634,1.1563529186079462
2005-12-06,5.193735154651739,3.731230013786339,1.1585451142933492
2005-12-07,5.1496505572833025,3.7176982821822553,1.1517845517753649
2005-12-08,5.2322244443446815,3.7605575331400143,1.1510543640857007
2005-12-09,5.180268718447328,3.7452730042759796,1.1540689902879697
2005-12-12,5.262069279146711,3.7744280806128088,1.1551650881306712
2005-12-13,5.186589948869834,3.7140027236320172,1.1630216464528311
2005-12-14,5.132814245651415,3.68276262988861,1.1675890949386816
2005-12-15,5.079398239687007,3.639691076023014,1.1642093748915807
2005-12-16,5.069693404323543,3.623600566930998,1.1604619079979803
2005-12-19,5.046006610664498,3.5983662924900304,1.154492960362111
2005-12-20,5.061676413825078,3.620161862852415,1.1555945682851985
2005-12-21,5.213249336016094,3.694998620254075,1.1574312617471818
2005-12-22,5.211154260116623,3.7088604865424597,1.1634931664799326
2005-12-23,5.155929501494618,3.683435559052198,1.1641359071531012
2005-12-27,4.975395968242743,3.592416881592718,1.1522883159765767
2005-12-28,5.024671873548318,3.6166034664003543,1.1548601970159817
2005-12-29,4.985096378641679,3.584123114822222,1.149717149206851
2005-12-30,4.949536205596255,3.566416084147962,1.1434719832820044
2006-01-03,4.891777762814236,3.581438199956493,1.1635848991145061
2006-01-04,4.890463867694255,3.5931106345977066,1.1690947754234053
2006-01-05,4.834161753862315,3.5677280488558534,1.1698292487311472
2006-01-06,4.881400742642649,3.6333463903832883,1.1795639281567112
2006-01-09,4.918248983163746,3.6745620541173096,1.182595390715715
2006-01-10,4.962168566218346,3.7061558615100187,1.183788731273376
2006-01-11,4.923982646202676,3.6987440571272274,1.1875541569474934
2006-01-12,4.934021772022921,3.698441294484253,1.1828702825038586
2006-01-13,4.927260505050092,3.7403219270518697,1.1817682664266687
2006-01-17,4.952931662745845,3.722710710148377,1.1785539508296718
2006-01-18,4.833824624127458,3.6648550913049336,1.1738704845401395
2006-01-19,4.952272222726212,3.7505889787167854,1.178370791676102
2006-01-20,4.857902254985597,3.6838415223378633,1.1568803557471126
2006-01-23,4.786304031195249,3.6316776828687765,1.1610132221521525
2006-01-24,4.938011672550656,3.7312558589496896,1.1622067667868647
2006-01-25,5.028693206265816,3.75243895077443,1.1632172543065327
2006-01-26,5.0635041525781,3.7702251355216587,1.1696457834620007
2006-01-27,5.075749784349434,3.7806904536539134,1.1804825810032804
2006-01-30,5.167664625399366,3.8132150102441997,1.1795639281567116
2006-01-31,5.185972105285947,3.8284436946881244,1.1709314688853891
2006-02-01,5.040469174774547,3.77423982999685,1.1791050609067928
2006-02-02,4.8924760997528915,3.683933394030552,1.16542159257649
2006-02-03,4.79929292211013,3.6426599847832337,1.1596351918630365
2006-02-06,4.626878790483973,3.547998617581039,1.1626666544220405
2006-02-07,4.519253346826463,3.4923031807291967,1.1523807628808302
2006-02-08,4.489636236809092,3.4911198140912965,1.162850017652662
2006-02-09,4.5015292692737745,3.5593530405851364,1.1609211834020023
2006-02-10,4.5352579810262545,3.5586903551878364,1.1630336869988604
2006-02-13,4.473408823130353,3.501540748134757,1.1609211834020023
2006-02-14,4.452810112137981,3.4860306603936326,1.1732276418284457
2006-02-15,4.4861938469713625,3.528791674558934,1.1773603041564342
2006-02-16,4.502209979474577,3.576262484986191,1.186176738889532
2006-02-17,4.449038426894418,3.55803517560053,1.182962423292535
2006-02-21,4.460550263478831,3.5710341271403085,1.1800237137533616
2006-02-22,4.4666490691902965,3.5827860241717633,1.1871870223321486
2006-02-23,4.482494661845894,3.606958772310494,1.185441959466213
2006-02-24,4.530074955994816,3.631974291693943,1.1884727077555368
2006-02-27,4.528825249891234,3.6208987751741764,1.188931779082507
2006-02-28,4.476774713218724,3.5976789773287727,1.1776357061372056
2006-03-01,4.517193990701473,3.6188589429831244,1.18810536906314
2006-03-02,4.528345997232002,3.6359551015861977,1.1880133303129896
2006-03-03,4.5126338715459395,3.626353129873586,1.1825034540040904
2006-03-06,4.427032475763638,3.5904177445285317,1.1770849021756622
2006-03-07,4.38273790132096,3.540102153255461,1.1752480046366274
2006-03-08,4.3876631557058134,3.5370703237621464,1.1777275408103052
2006-03-09,4.3833685417182116,3.5309939442415414,1.169829248731148
2006-03-10,4.4721007395290275,3.5968978478842706,1.1809418564073022
2006-03-13,4.5129688690138865,3.6285276280880683,1.1831461946772595
2006-03-14,4.562823802012566,3.6763805429348175,1.1955436714685967
2006-03-15,4.604837873445129,3.714392195682369,1.200870694739503
2006-03-16,4.712525077606175,3.767460766541578,1.2033502309131807
2006-03-17,4.789319779322761,3.824337420355914,1.2043550042754112
2006-03-20,4.778267870287685,3.8303763870500576,1.2024188232509037
2006-03-21,4.767980338252557,3.8122604139796414,1.1948580746146484
2006-03-22,4.855734351987236,3.8486338295704794,1.2021421968078236
2006-03-23,4.958763043298263,3.9027353503605045,1.199652864935682
2006-03-24,5.010719630697376,3.936417705883651,1.200575089130649
2006-03-27,5.095195757142444,4.00909526850792,1.1988229856064425
2006-03-28,5.051175591175476,3.9580928191140687,1.1914469267016425
2006-03-29,5.1256471357439475,4.048958634460684,1.1989153304721702
2006-03-30,5.148990197346022,4.05321835612341,1.1967943576776818
2006-03-31,5.163831318593368,4.1118427231593175,1.1970713922748644
2006-04-03,5.111639551737746,4.104671011015726,1.1961491680798972
2006-04-04,5.037132821377189,4.046989586199259,1.203802465658931
2006-04-05,5.102580753174581,4.081423471298715,1.2079508419198721
2006-04-06,5.10076500282007,4.106139345383555,1.2066600545702004
2006-04-07,5.015338886979514,4.038366835250553,1.1943974727097932
2006-04-10,5.042739670243287,4.04267498468035,1.1962410027529964
2006-04-11,4.978813060646168,4.025274366630061,1.1860992916485518
2006-04-12,5.034723718733618,4.0587294491779105,1.188312099116139
2006-04-13,5.084395913544,4.088657035844531,1.1867443792078105
2006-04-17,5.139061167111231,4.13440475440588,1.186283879341481
2006-04-18,5.317940100912757,4.264313153115199,1.205092538738923
2006-04-19,5.40311007838785,4.340848310750819,1.207397997187815
2006-04-20,5.3873847229417375,4.3167192203055995,1.2090573476921915
2006-04-21,5.358589515220737,4.329262812820956,1.2092416292695438
2006-04-24,5.325026696536083,4.3109581718486485,1.207029229956059
2006-04-25,5.3195598335510885,4.336502396422761,1.202050158057673
2006-04-26,5.29510399525598,4.312117448449142,1.2023268865392787
2006-04-27,5.15460312060138,4.2427872783589375,1.2081355316513271
2006-04-28,5.335124843381961,4.323134447059414,1.212192379354746
2006-05-01,5.373923847333886,4.395572689469268,1.2023268865392787
2006-05-02,5.426990331301277,4.429146277363691,1.2113630102181348
2006-05-03,5.392779996570428,4.410042684669487,1.206844540224604
2006-05-04,5.573666735511007,4.505334269062494,1.2111786266022568
2006-05-05,5.598589220694736,4.5642625736303,1.2218738967084382
2006-05-08,5.610437829677612,4.5933247151103735,1.2203988277814142
2006-05-09,5.686360288268867,4.712777865106533,1.2227957127493025
2006-05-10,5.797517029852248,4.825471725108086,1.222150523151518
2006-05-11,5.630482729870261,4.69658337320745,1.2073979971878153
2006-05-12,5.426327229709459,4.54197631421439,1.1916317184716232
2006-05-15,5.398930372944408,4.528979517107986,1.1940287054780372
2006-05-16,5.412479675850116,4.544761189218026,1.1922766019538307
2006-05-17,5.272057548392627,4.441683563087308,1.1695945601221167
2006-05-18,5.1817819105177545,4.37174682819655,1.1636938762599178
2006-05-19,5.238171087175023,4.413881694104319,1.1719001206095345
2006-05-22,5.231655061690976,4.365641561461248,1.1629561377193545
2006-05-23,5.174563176035754,4.340397406640925,1.1541046017334275
2006-05-24,5.068165946069467,4.218327830269562,1.1633247008740593
2006-05-25,5.179292598701276,4.358053033692568,1.1777089697986345
2006-05-26,5.201190484626408,4.36497335246071,1.1837014883339327
2006-05-30,5.087174364926683,4.2810705501798365,1.162679817391852
2006-05-31,5.219679801456311,4.364897867724372,1.1756798316772454
2006-06-01,5.31920979145218,4.431184371665434,1.186929068939266
2006-06-02,5.362434613664123,4.455595497689103,1.189418604888459
2006-06-05,5.17105988949021,4.329160525613173,1.1720841981098356
2006-06-06,5.0974301361844985,4.270990307651213,1.1692262010444636
2006-06-07,5.050319078793377,4.228332171152003,1.1604667038086873
2006-06-08,5.108887283440224,4.206989883251076,1.1594527469791467
2006-06-09,5.062610557379249,4.199986568564222,1.155764564468958
2006-06-12,4.978568591604956,4.09263185789162,1.14322443781874
2006-06-13,4.880074248692163,3.979167061687158,1.1299475930132152
2006-06-14,4.994609958347424,4.086724161652324,1.1387071922875174
2006-06-15,5.196685922995629,4.278756372612447,1.1628638948921528
2006-06-16,5.119242579271747,4.232445383129653,1.1543902075667662
2006-06-19,5.003299103441521,4.143005527725516,1.1453142888629004
2006-06-20,4.9207605297299795,4.126142957219705,1.1492039974612787
2006-06-21,5.007268070655984,4.237033825826128,1.1577241123158433
2006-06-22,5.087089183962921,4.2755849785007936,1.1526304511531347
2006-06-23,5.095095745122346,4.3052593523641365,1.1524452512290513
2006-06-26,5.074726104155938,4.304237040752834,1.1575391164688111
2006-06-27,5.018854175201164,4.240697149050338,1.1475369940674773
2006-06-28,4.985256463004466,4.230483904029212,1.155316411264234
2006-06-29,5.239997301251484,4.436152115331906,1.1786541526618761
2006-06-30,5.311188989460426,4.513370037404103,1.1787465995661293
2006-07-03,5.344076657090961,4.5714239824655305,1.1835626139005013
2006-07-05,5.259714575247015,4.5242628669785026,1.1768018473054658
2006-07-06,5.2593766080337785,4.531953462995003,1.1802283009973218
2006-07-07,5.178107275542889,4.482639349099378,1.1725416368203951
2006-07-10,5.080224340306852,4.358559616890792,1.1747643420249723
2006-07-11,5.121945141277762,4.42303205854072,1.1799506541689855
2006-07-12,5.064429401959323,4.366506598568939,1.1673555287534336
2006-07-13,5.112690184239851,4.372374808723484,1.1483705467836411
2006-07-14,5.122756547333796,4.385964302769989,1.1439252384130127
2006-07-17,4.985862263271332,4.306230680561593,1.1422581329806858
2006-07-18,4.943101706982841,4.272987531634112,1.148092185685625
2006-07-19,5.100579920023058,4.3766973630720845,1.1640218280814079
2006-07-20,5.047349159475376,4.298703793555867,1.156056802806465
2006-07-21,4.9700252218195695,4.2045153161941,1.1479071898385929
2006-07-24,5.139128213759768,4.3383789309885685,1.1688375363002028
2006-07-25,4.900259998352464,4.230820916728725,1.173005197842495
2006-07-26,4.890215675138994,4.20687859055594,1.174579448216466
2006-07-27,4.899867480947622,4.321309674628202,1.173467942556389
2006-07-28,5.02889069532509,4.401621286726028,1.1852294132172518
2006-07-31,5.119859017588543,4.515697030636306,1.184025358614396
2006-08-01,5.052278188285077,4.460679741659927,1.1781907957168285
2006-08-02,5.16210019178289,4.539117225820308,1.18615561691472
2006-08-03,5.094107551503575,4.491992522301016,1.1893041176626624
2006-08-04,5.120196589831221,4.456272000835679,1.1872669184977458
2006-08-07,4.920725236537109,4.239200823416647,1.1844884094438675
2006-08-08,4.916743224677108,4.229109706146016,1.179950654168986
2006-08-09,4.938685971172529,4.236659869212791,1.175968294589303
2006-08-10,4.894564742049449,4.18995743877054,1.1795801522822937
2006-08-11,4.838739598736616,4.154580925962108,1.176246451610268
2006-08-14,4.766282970912863,4.110799903379829,1.1771719410380563
2006-08-15,4.826709831598527,4.175139314019209,1.1912494821544801
2006-08-16,4.867363377694821,4.217251067931759,1.2011582393048297
2006-08-17,4.869910838150121,4.2035534336349425,1.204214599264096
2006-08-18,4.873289350841421,4.21406804190824,1.2103262987973717
2006-08-21,4.806547594382888,4.158228766498995,1.2051400886918844
2006-08-22,4.825110160270865,4.1823717861849135,1.2050479479032081
2006-08-23,4.743772914686189,4.1301233553380925,1.2017137370385542
2006-08-24,4.787539545538247,4.143227171314793,1.200695086436833
2006-08-25,4.792629018046643,4.1477034875084415,1.2021767878680254
2006-08-28,4.768776322714536,4.139037018649414,1.2079186997842886
2006-08-29,4.814061530305235,4.166151322006318,1.2093080563497534
2006-08-30,4.7975477383789595,4.154767071541143,1.2100492642001894
2006-08-31,4.761487963333823,4.125318209411342,1.2098637581605292
2006-09-01,4.75389450766086,4.1347093399391746,1.217087881700613
2006-09-04,4.745952474241732,4.116417262327128,
2006-09-05,4.8036182835249965,4.172731036427052,1.219402829732392
2006-09-06,4.77489691780198,4.122843593407852,1.2086598055961992
2006-09-07,4.697002220106668,4.067446380725163,1.2031033997195963
2006-09-08,4.663052953676166,4.063362029468297,1.2065300574885036
2006-09-11,4.690480452008117,4.084565722623316,1.2077342141298852
2006-09-12,4.77900153795271,4.160196270966007,1.2195878255794241
2006-09-13,4.858862205047279,4.229452387688146,1.2244964908951008
2006-09-14,4.775320670312522,4.236737387921481,1.2245888357608283
2006-09-15,4.821288080825148,4.263103957797532,1.22746285287473
2006-09-18,4.84803345451857,4.281469591766191,1.2291371010038536
2006-09-19,4.84586312345319,4.281173856020631,1.2260679862288792
2006-09-20,4.863735501861216,4.29856167491009,1.232579370667188
2006-09-21,4.861031128528539,4.296534834488278,1.226625830848694
2006-09-22,4.811045510928061,4.254685208408701,1.2229050980488179
2006-09-25,4.838313864810971,4.3214977647368364,1.232299581029812
2006-09-26,4.830807877915971,4.314104039109757,1.242532106422099
2006-09-27,4.815644494909772,4.2962450468696245,1.2440201342418828
2006-09-28,5.065638876631079,4.464196804434569,1.2435547365263213
2006-09-29,5.028224150746525,4.420244605622224,1.242532106422099
2006-10-02,4.982595641528596,4.3767391807276725,1.2378813944993057
2006-10-03,4.9842345170931095,4.369868730022132,1.2404855197128213
2006-10-04,5.082671227353184,4.438289439892181,1.2549967245633247
2006-10-05,5.188158576864887,4.499342925559752,1.2574150376216031
2006-10-06,5.2051095681651125,4.481607664632764,1.2558333384352582
2006-10-09,5.251296706814423,4.5104698180743545,1.256577607441464
2006-10-10,5.2427711617094195,4.501119504061682,1.2582521616861648
2006-10-11,5.190093303919096,4.486440829670184,1.256763623673753
2006-10-12,5.171378793588899,4.468169131895215,1.2676469507827364
2006-10-13,5.172340925972335,4.494460007775999,1.2709023879055765
2006-10-16,5.365625359860108,4.618303281156638,1.2728558134409218
2006-10-17,5.286561610891431,4.544774854359019,1.2688560052733502
2006-10-18,5.3095528301635735,4.5313218542077145,1.2705302534024738
2006-10-19,5.365033014483395,4.56204182119031,1.272576738073226
2006-10-20,5.371372418007168,4.561277921380545,1.272855813440922
2006-10-23,5.392831191228627,4.572252914241498,1.278715885969906
2006-10-24,5.612054711530326,4.70811571146523,1.2825300860592919
2006-10-25,5.708266038699239,4.764447350799499,1.2869014164988124
2006-10-26,5.779901861534174,4.84461379291803,1.2909010205893328
2006-10-27,5.529340250870063,4.662577625735368,1.2828088553114105
2006-10-30,5.5675087965350105,4.666211134475208,1.281878774149967
2006-10-31,5.544751175471757,4.669615754654632,1.28169224772505
2006-11-01,5.508843268801142,4.630280640231997,1.2730415235576333
2006-11-02,5.450425376030023,4.607703114043764,1.2722974586284788
2006-11-03,5.453904321443805,4.60833631255194,1.2700652638410148
2006-11-06,5.422836020701017,4.578611298380731,1.2843898402280753
2006-11-07,5.496484341441177,4.63158338324013,1.2893201377111931
2006-11-08,5.554450253404357,4.6831943528259785,1.2921104832340486
2006-11-09,5.5112124324625285,4.59152100346816,1.2853201254665698
2006-11-10,5.562249028163427,4.655817203405682,1.2858784802790129
2006-11-13,5.55733563723691,4.64497375255663,1.2890404501123431
2006-11-14,5.576184076690167,4.6710537873595,1.2987145186536615
2006-11-15,5.630914580099115,4.696074838698324,1.302435353492063
2006-11-16,5.573058229329336,4.689869942184639,1.3057840538273617
2006-11-17,5.632896703566192,4.720037409469286,1.3061561883304647
2006-11-20,5.670131622344386,4.745366364293876,1.3069002532596194
2006-11-21,5.668618979053926,4.763559193926808,1.3082025709626912
2006-11-22,5.647096245862228,4.760720182412433,1.310806900253258
2006-11-23,5.647096245862228,,
2006-11-24,5.643269622983565,4.757255586699414,1.3055052845752426
2006-11-27,5.6236298733902315,4.700679115180773,1.2875527284081363
2006-11-28,5.713980335443987,4.743349514270316,1.2931333174153217
2006-11-29,5.820677629356601,4.817497484011454,1.3066212799304489
2006-11-30,5.8321954642937675,4.840623447093002,1.3071795327043663
2006-12-01,5.767047949774515,4.7849691769501845,1.3042953117378981
2006-12-04,5.712717396228356,4.781039839046953,1.3142485576854381
2006-12-05,5.738102192437972,4.828760018859758,1.3199228180591849
2006-12-06,5.777927998882622,4.855959929580305,1.318806414549876
2006-12-07,5.758666423737113,4.88326909927641,1.3130392991177735
2006-12-08,5.761380936703702,4.902008384034116,1.3154577142145774
2006-12-11,5.80088163628174,4.930787896366834,1.319271914303963
2006-12-12,5.781433296274384,4.930929148080846,1.31824836585301
2006-12-13,5.759682904560542,4.909672562554354,1.3196441508455918
2006-12-14,5.748446071758748,4.919214414519683,1.3312709306525756
2006-12-15,5.719181683922551,4.896599744190461,1.3313928666907462
2006-12-18,5.586620494012531,4.803807557469931,1.3277444792055673
2006-12-19,5.627232613450469,4.840262984808131,1.3302700347543202
2006-12-20,5.613600628121268,4.836385712545523,1.3295218882841389
2006-12-21,5.553575901316383,4.790017592246132,1.324658221958281
2006-12-22,5.458913232437803,4.723242583958254,1.3165206495364374
2006-12-25,5.458913232437803,,
2006-12-26,5.413148026111516,4.690083479051743,1.3242843528002417
2006-12-27,5.377835595355685,4.695939466121052,1.332982728959144
2006-12-28,5.427662152244907,4.717393822294368,1.3301768735803872
2006-12-29,5.4046302005553155,4.69791645169557,1.3246582219582808
2007-01-01,5.4046302005553155,,
2007-01-02,5.4046302005553155,4.69791645169557,
2007-01-03,5.358019507944312,4.649982041114634,1.322319703027073
2007-01-04,5.328250908610244,4.651224034517554,1.3251256604443555
2007-01-05,5.2684656524519164,4.606509228362941,1.3145561018017944
2007-01-08,5.235554600491097,4.592810612941816,1.3206356591994854
2007-01-09,5.288885062424882,4.652531482135225,1.3195137456097905
2007-01-10,5.338253006740526,4.723981754297384,1.3239096673339967
2007-01-11,5.336358685427519,4.7267063589207305,1.3297084147090557
2007-01-12,5.4145496553225465,4.793370374739646,1.3398110450581702
2007-01-16,5.405842255236893,4.779813134442877,1.3371917161043303
2007-01-17,5.379329844371109,4.778510886288306,1.3377530300340177
2007-01-18,5.319345456428582,4.7111873145367085,1.3332633349047247
2007-01-19,5.447223278954611,4.826732316496498,1.3358820516274106
2007-01-22,5.506699250579514,4.842713347977435,1.3317669399258365
2007-01-23,5.543283939462508,4.869268069797419,1.3356952190869165
2007-01-24,5.622242042572677,4.937363467029939,1.3464522225011255
2007-01-25,5.526726085151542,4.862404946564801,1.3306443120664617
2007-01-26,5.572224499441466,4.895043442172449,1.3294282169175773
2007-01-29,5.535151195753583,4.877291335035303,1.328680376562973
2007-01-30,5.69461211810206,4.983895407766623,1.3356015477203553
2007-01-31,5.676745112935731,4.984874923967103,1.3445812440945182
2007-02-01,5.692380713109056,4.997124223772367,1.3526254512653777
2007-02-02,5.915449070692831,5.1097788835916,1.354495511325254
2007-02-05,5.894070898643598,5.114970156172883,1.3548699927144472
2007-02-06,5.893435251748123,5.0875142998062595,1.3552446781806917
2007-02-07,5.938219501303078,5.129847191657217,1.358237570176994
2007-02-08,6.003206216243544,5.177305391650369,1.3564598549828453
2007-02-09,5.935956459927636,5.146665476460235,1.3463585511345644
2007-02-12,5.863513631837433,5.106971510633213,1.341774674446082
2007-02-13,5.853392706263224,5.065365068049055,1.353093706059658
2007-02-14,5.871706499841219,5.10511989391447,1.3619791188361057
2007-02-15,5.875419844799168,5.10873872924589,1.3637562217991004
2007-02-16,5.929333044840633,5.11542029471322,1.3631013385413775
2007-02-20,6.00277626158048,5.156117625442133,1.3660011714022724
2007-02-21,6.023333372707056,5.196786903550411,1.3654394493184825
2007-02-22,6.074689262114663,5.222301414691052,1.3644110030182974
2007-02-23,6.079459945723711,5.2109358229492475,1.3590796941293133
2007-02-26,6.038141732651525,5.188807632920277,1.3578637010189545
2007-02-27,5.836493357225548,4.990670210505836,1.3048281569189242
2007-02-28,5.858247111548012,4.9895102778115,1.3182035709402422
2007-03-01,5.839873797991992,4.949713531023636,1.3142753938176879
2007-03-02,5.710998891557756,4.826990969245719,1.297064759770697
2007-03-05,5.5532400207825505,4.715057427935208,1.284718200203667
2007-03-06,5.730451567235848,4.835179947385473,1.3066991353255317
2007-03-07,5.756740681027726,4.858420019141473,1.3053893688100862
2007-03-08,5.787320209912067,4.914177819248841,1.3164272842854532
2007-03-09,5.772987904871759,4.912501855435311,1.3168008473279156
2007-03-12,5.775753298280429,4.951838972676628,1.3187653950625584
2007-03-13,5.678431641585855,4.874807746577948,1.2931364806096175
2007-03-14,5.767371999287727,4.925182706281339,1.302770243933298
2007-03-15,5.8192700142406295,4.963650767570675,1.3045475509733442
2007-03-16,5.800363041227002,4.957063713132174,1.3008947758315617
2007-03-19,5.837048127882518,4.979944886131199,1.316577280918182
2007-03-20,5.911061713112542,5.0230502027917225,1.323808343078011
2007-03-21,6.022373232567645,5.10156066503622,1.3455939764617513
2007-03-22,6.140935325177541,5.177332877956304,1.3445612445434882
2007-03-23,6.17806385182446,5.174533351727945,1.346533751283133
2007-03-26,6.161649987646378,5.168145978241286,1.344748791353662
2007-03-27,6.20013602865105,5.1680572798716,1.341555903847055
2007-03-28,6.193044607947942,5.156307675625731,1.3317901026711632
2007-03-29,6.1950695597694185,5.154549637918774,1.3331989485950302
2007-03-30,6.199760887884664,5.179498143789248,1.3334805749258676
2007-04-02,6.236240312582912,5.216782222057718,1.3349827861007186
2007-04-03,6.2346240759429135,5.223275826248857,1.349350218668559
2007-04-04,6.304652936985485,5.258064373950201,1.3508531441130898
2007-04-05,6.306944908057202,5.261647439178625,1.3545159190303875
2007-04-09,6.307363498086471,5.280224103827706,1.3563946523649453
2007-04-10,6.3775326252069275,5.32284697514377,1.3579902287907806
2007-04-11,6.361090647503985,5.316107659223671,1.3524501490782843
2007-04-12,6.4104867421151575,5.366338121378309,1.3584605243555739
2007-04-13,6.4139341608120395,5.378974842891409,1.364657528096306
2007-04-16,6.404421717833863,5.38850385142056,1.3776163188173305
2007-04-17,6.353748130286353,5.36056247825332,1.3812787876190513
2007-04-18,6.227361667312646,5.299697207556281,1.3829693619122814
2007-04-19,6.2032245871727065,5.285071454530325,1.3825935540222545
2007-04-20,6.355166825595383,5.363103606002477,1.3956471385336224
2007-04-23,6.433945719867486,5.432415937344859,1.3903877668052327
2007-04-24,6.4047131109183955,5.399867058730396,1.390951835775113
2007-04-25,6.434003631780533,5.363695680789937,1.403722773570387
2007-04-26,6.426034690619758,5.32006620864305,1.405319064265902
2007-04-27,6.460593121199669,5.319206351225477,1.4041923548655006
2007-04-30,6.387985669775809,5.261440397386816,1.3925480244321022
2007-05-01,6.356398964885392,5.2203385550045125,1.3961160055590567
2007-05-02,6.395438883147152,5.259151466885539,1.4042859241935364
2007-05-03,6.505708579331647,5.3121482813384375,1.4118927942433923
2007-05-04,6.550995083261824,5.391309479939844,1.4172458373383432
2007-05-07,6.552752556067356,5.383022642140799,1.4175275657077064
2007-05-08,6.480451754603019,5.32515888002848,1.4156489344116743
2007-05-09,6.52597659739522,5.362407621079856,1.419499460216197
2007-05-10,6.432560269454256,5.2916029782320075,1.4046619361606145
2007-05-11,6.49245225356488,5.353292525859449,1.4166822785610913
2007-05-14,6.5040823682187625,5.34086156644042,1.4135833685366224
2007-05-15,6.459623063819597,5.29232316399893,1.4139586662340209
2007-05-16,6.453619037338131,5.295794938372548,1.4236314082745056
2007-05-17,6.469728511617864,5.305342037926468,1.4208142266194
2007-05-18,6.515233601099785,5.35260582760722,1.4332100707943267
2007-05-21,6.577449692759083,5.406336609635329,1.432458965206901
2007-05-22,6.585860090787133,5.391823234368911,1.4313319496909227
2007-05-23,6.642090135681133,5.424368417316631,1.4315203128093017
2007-05-24,6.520060132154584,5.313204353357402,1.4185600935489178
2007-05-25,6.53471841870954,5.337604917998089,1.4244767974596464
2007-05-29,6.511287503687104,5.31625422874407,1.4296422937444238
2007-05-30,6.65122242568931,5.411810120911245,1.441285807869617
2007-05-31,6.62287558887182,5.425939623254619,1.4397835966947659
2007-06-01,6.650155059045052,5.452601793311902,1.446919967102777
2007-06-04,6.743927882544933,5.49781719991351,1.447107820028528
2007-06-05,6.702206954629735,5.480669308458806,1.4413797853517554
2007-06-06,6.723491018714062,5.471996733141925,1.425884725036783
2007-06-07,6.6430828160803745,5.380973850391041,1.4001552005975357
2007-06-08,6.639981085037059,5.416718261207934,1.418371832469065
2007-06-11,6.568642468272643,5.392034280847339,1.4208142266194004
2007-06-12,6.4236907692245095,5.298030828457702,1.4053190642659021
2007-06-13,6.419200852285463,5.320722132274453,1.4263546124474735
2007-06-14,6.495407086903152,5.382477407224411,1.4354634895951295
2007-06-15,6.635898422396134,5.518753643140155,1.4436306531894163
2007-06-18,6.623168912142427,5.5166324591355735,1.4419335484305436
2007-06-19,6.569729388424814,5.4721678397704165,1.4455168353363477
2007-06-20,6.477151673674253,5.4156100685574176,1.425428612827057
2007-06-21,6.507903926518939,5.456536938836216,1.4333508839597457
2007-06-22,6.3962614769132715,5.371456451196432,1.4198652683307087
2007-06-25,6.345379041583869,5.331035977539659,1.413073992216499
2007-06-26,6.299141348320824,5.286921657622144,1.398549828473236
2007-06-27,6.457175534580857,5.392731381724415,1.4184491776715193
2007-06-28,6.392908368334977,5.387379945156031,1.418261222707243
2007-06-29,6.373608157294964,5.371589267216762,1.4187324366187677
2007-07-02,6.4448104630728205,5.433025131537766,1.4315587813334782
2007-07-03,6.462013576623976,5.436151471402628,1.4367463179397995
2007-07-05,6.427274349202941,5.407040369701879,1.4352371681452032
2007-07-06,6.492375067714975,5.4637844421837976,1.4427822028485058
2007-07-09,6.534967305968899,5.4909148260472,1.4439140141751905
2007-07-10,6.5344055341371,5.502970533152643,1.4233538634846958
2007-07-11,6.5299211483487465,5.509012974656055,1.4334453716345128
2007-07-12,6.589890013020094,5.569785501532839,1.4560798635132663
2007-07-13,6.607624420037956,5.5609453891878795,1.4604186436630997
2007-07-16,6.527621431156257,5.496734830606807,1.4602294642365155
2007-07-17,6.538193112662699,5.506074707434276,1.4594752974933198
2007-07-18,6.576728404664298,5.53253749659795,1.4568343363720389
2007-07-19,6.6308639583212035,5.580574742422088,1.4624932909669357
2007-07-20,6.992192944570904,5.720490271737922,1.4476867866231558
2007-07-23,6.82310771725004,5.633467901024979,1.4521184218313448
2007-07-24,6.615174233903076,5.4854953733424345,1.4269382728142819
2007-07-25,6.624755487093604,5.48452487871677,1.4298611663819774
2007-07-26,6.598936315626039,5.324098876297169,1.3960035591037734
2007-07-27,6.531321475246272,5.248860279281304,1.3685583588939823
2007-07-30,6.781887349745393,5.386999238514917,1.389967470118016
2007-07-31,6.644568439396218,5.270280113695766,1.3743112909710173
2007-08-01,6.604190494042008,5.237661317053521,1.3810083855260376
2007-08-02,6.587649899233124,5.276541607910083,1.3920429337300573
2007-08-03,6.426426316965896,5.148589767293348,1.3562034321678476
2007-08-06,6.499488186922462,5.1965875041210765,1.378933023952522
2007-08-07,6.571659101038116,5.257707153813066,1.3936457548912151
2007-08-08,6.7411041028277765,5.43900373295468,1.4130739922164997
2007-08-09,6.641888324638957,5.383945548109523,1.371199422053789
2007-08-10,6.667648499929175,5.371687935655154,1.3647863007156966
2007-08-13,6.665554709098886,5.360695564439576,1.3696906804132951
2007-08-14,6.59603297333988,5.284941092460773,1.3487535994089912
2007-08-15,6.513311657758758,5.207785796849586,1.3301737103860918
2007-08-16,6.364919259733849,5.03594717409602,1.3401707308611421
2007-08-17,6.5595337491916546,5.190815376923044,1.3647863007156966
2007-08-20,6.403975361292591,5.139727663312354,1.3641262134931649
2007-08-21,6.415174565976531,5.136746501209241,1.3668615602506868
2007-08-22,6.513237708297481,5.204224418761527,1.3830834409839765
2007-08-23,6.392353108729403,5.115914421050166,1.3818563256743202
2007-08-24,6.652389934990168,5.294416221503171,1.3989273710182
2007-08-27,6.587084591540766,5.248249715467399,1.3859120509539566
2007-08-28,6.358693734198314,5.071723736857326,1.3554491633861265
2007-08-29,6.5503014801678505,5.221473866857974,1.3820453010238531
2007-08-30,6.561375688225016,5.239985076309354,1.3783680366359108
2007-08-31,6.647756304701829,5.296015247911634,1.3919478338241373
2007-09-04,6.735805809395189,5.352384598712355,1.4060009877329271
2007-09-05,6.726402856946712,5.341009470335384,1.3938337098554918
2007-09-06,6.783042798633353,5.397086345590606,1.397040576640115
2007-09-07,6.624377966395143,5.299773864045837,1.3776126454304074
2007-09-10,6.614134195695427,5.311477287348526,1.3749720924632292
2007-09-11,6.846778219566068,5.445724222670261,1.3910047937699346
2007-09-12,6.964456101490802,5.485607439540984,1.3945883867913158
2007-09-13,7.041520326669836,5.5219680131718185,1.4043974523020901
2007-09-14,7.074048676974625,5.551288144094826,1.4043026585117466
2007-09-17,7.113024828387451,5.571297286443059,1.3967578278854953
2007-09-18,7.451240790162369,5.802189451723759,1.437878333343536
2007-09-19,7.453044046154252,5.857194405089508,1.4463656938313618
2007-09-20,7.357780200054537,5.786252657740819,1.436180718392035
2007-09-21,7.383230942952802,5.808539808967101,1.4400561415968203
2007-09-24,7.627098870811131,5.890192312578365,1.4374027317754081
2007-09-25,7.637709644842126,5.907730073277758,1.434560040488886
2007-09-26,7.631553935798918,5.902853820351264,1.442140686637646
2007-09-27,7.722163943910896,5.989696248300741,1.4506685564201611
2007-09-28,7.650046109040242,5.965423751488573,1.445836317960208
2007-10-01,7.873609604003613,6.126307271903255,1.462135339818901
2007-10-02,7.8585585724836475,6.105170843954318,1.4601451804143162
2007-10-03,7.902905273837193,6.135556247638489,1.4572070831062967
2007-10-04,7.9812761513451775,6.217972493694064,1.4594818279589632
2007-10-05,8.167305849746004,6.324864327407292,1.4768222550106007
2007-10-08,8.199612067240126,6.337617105890446,1.4689574315678617
2007-10-09,8.112207365212319,6.304963411987315,1.4827920189546757
2007-10-10,8.194833871547791,6.3586136110632765,1.4803289109836302
2007-10-11,7.925958624749811,6.2046793933870426,1.4732216215554337
2007-10-12,8.069613102518197,6.289690103977109,1.4813714386003574
2007-10-15,7.967012460324444,6.209572030230071,1.468862535738993
2007-10-16,7.873822169869705,6.143825750796876,1.457207083106297
2007-10-17,7.942872555511814,6.1835854678271245,1.4616612688286583
2007-10-18,8.08885526764944,6.266896797737613,1.456354755301411
2007-10-19,7.886181960949387,6.1554157499455044,1.4182612227072446
2007-10-22,8.038346111708023,6.211959700381718,1.4265059355810372
2007-10-23,8.230617811250024,6.327436008484957,1.4380661862692872
2007-10-24,8.22786458345751,6.340927782823053,1.435413388679029
2007-10-25,7.369189606014764,5.934232298666225,1.4388240263994065
2007-10-26,7.740348861695103,6.2522059757053485,1.4556911987690064
2007-10-29,8.054949619286168,6.421373465163942,1.4605234372289593
2007-10-30,7.896635045711171,6.3257845573156635,1.4503850933958617
2007-10-31,8.177576710011552,6.682172306620439,1.4654515919030382
2007-11-01,7.926129388146105,6.522663894567235,1.4311483823832518
2007-11-02,7.93421219484245,6.560856011223317,1.4327593666264626
2007-11-05,7.852616851269491,6.504605443054156,1.4218623663550403
2007-11-06,7.950336160875688,6.6545145606896146,1.4410036713461527
2007-11-07,7.824796836282553,6.574118335583913,1.4015842501494857
2007-11-08,7.458418741552806,6.347869364955098,1.3944766546057124
2007-11-09,7.899268269777907,6.522186860134897,1.375335961845754
2007-11-12,7.58483277391464,6.246296529971346,1.3616899416543704
2007-11-13,8.083636268916063,6.585906134915455,1.4031955405082737
2007-11-14,7.928793631079787,6.537519001524672,1.3993091991812423
2007-11-15,7.806437357980478,6.393525482101648,1.3791255706504542
2007-11-16,7.860815189751175,6.383546793534138,1.3814945991008358
2007-11-19,7.5379489977565495,6.197514791775464,1.3622586023579055
2007-11-20,7.745220836775304,6.3134542314138224,1.3705974967908876
2007-11-21,7.7830871602963265,6.305457021495237,1.3425486366632577
2007-11-23,7.89200632674419,6.413441581467541,1.3657649522153574
2007-11-26,7.772251962555446,6.37936378389414,1.3356313429698508
2007-11-27,7.973146834394489,6.494319871477015,1.3509820187710062
2007-11-28,8.560458861986934,6.825072932234458,1.3941926813887842
2007-11-29,8.533172907730645,6.818910029042966,1.3946664462634502
2007-11-30,8.435564837851334,6.7892971551144745,1.4086903151153738
2007-12-03,8.689399145035017,6.965297477816095,1.3994046052027393
2007-12-04,8.702288959974421,6.957132516862803,1.386895702341375
2007-12-05,9.054646323798924,7.19213552300554,1.4101124260475775
2007-12-06,9.314410381974216,7.3343945776539945,1.4302957484627885
2007-12-07,9.263693903015765,7.327558173272163,1.4300111630147068
2007-12-10,9.361869383263356,7.426643929354903,1.4410984651364958
2007-12-11,9.16444602652779,7.282451367052165,1.4015842501494853
2007-12-12,9.022732075885656,7.209638088833468,1.415418225305145
2007-12-13,9.054245250503657,7.199520495997517,1.412480536151228
2007-12-14,9.009656442825946,7.168143566398112,1.3945716524731067
2007-12-17,8.800366574274355,7.00695388796243,1.3746720991977721
2007-12-18,8.760609761424309,7.024087775137331,1.3823476411754012
2007-12-19,9.015732583231612,7.176323289351338,1.3823476411754012
2007-12-20,9.087792519483868,7.250654179265304,1.3910656087312316
2007-12-21,9.157980986083722,7.334640539313944,1.4111180157180134
2007-12-24,9.155616895380124,7.355553512412237,1.421597168226835
2007-12-26,9.286339624805096,7.421101494667693,1.4246451610269966
2007-12-27,9.043444603696857,7.242629683100467,1.4067364814259264
2007-12-28,9.014221795990057,7.213123537207084,1.4032111524027004
2007-12-31,8.799958775598792,7.075506787108989,1.3928283242621078
2008-01-02,8.610330268020743,6.96348264162738,1.380634618406525
2008-01-03,8.510378986485243,6.930923905894589,1.3799671844101453
2008-01-04,8.219852980590089,6.6843642858969785,1.3461498823495794
2008-01-07,8.05969855505255,6.574150713001516,1.345006438630969
2008-01-08,7.971203473397075,6.577842533968017,1.323286313980706
2008-01-09,7.938299897756487,6.616355890061556,1.3371946752215762
2008-01-10,7.918349380084551,6.612868468899082,1.345958866229533
2008-01-11,7.910280697999811,6.568182138917114,1.3350988039044014
2008-01-14,8.373297300712144,6.8447379744556205,1.3458639704006636
2008-01-15,7.892428030777119,6.549476970465562,1.3162368803965616
2008-01-16,7.875057026998836,6.540533763209949,1.304901216503302
2008-01-17,7.693836962320313,6.370934529999516,1.271082996096005
2008-01-18,7.6669394639555435,6.345837046828602,1.2580320645863043
2008-01-21,7.666881157332878,6.3235410577314415,
2008-01-22,7.624905962470927,6.284529575540349,1.2452673511410959
2008-01-23,7.798713685904975,6.4459525971598515,1.2751791286318053
2008-01-24,7.864819337735293,6.507521418807464,1.2859431727042854
2008-01-25,7.800713884483944,6.447751873869043,1.26736695706831
2008-01-28,7.923169766879026,6.561806193510393,1.288325058008901
2008-01-29,7.972469264933715,6.607813314172866,1.2947083840974989
2008-01-30,7.919082911337593,6.557953197722996,1.2851817612257674
2008-01-31,8.046622433338685,6.676966724977338,1.308615826991638
2008-02-01,8.182718828075597,6.804220398343064,1.3296691298766752
2008-02-04,8.12052433190778,6.74594425309644,1.3129031797245359
2008-02-05,7.9093416601444195,6.548258635046287,1.2777508055941593
2008-02-06,7.856413097174869,6.498880610657418,1.2674625671668587
2008-02-07,7.924512869019477,6.5623578489299135,1.2758461544740822
2008-02-08,7.89416130924811,6.534035682710755,1.2676529710557507
2008-02-11,7.9309514437555455,6.568349181222902,1.2741309888961665
2008-02-12,7.97994673951832,6.614073099920281,1.285943172704285
2008-02-13,8.077534222989026,6.7052156625598265,1.2990897143125346
2008-02-14,7.974348858995801,6.608697251559055,1.2876584403207263
2008-02-15,7.982030763034984,6.615871024432668,1.2873728344873878
2008-02-18,7.981662279398364,6.474768814665591,
2008-02-19,7.976565412781283,6.470109819008483,1.2909925491468546
2008-02-20,8.043157572535646,6.530976124349123,1.2948027697337394
2008-02-21,7.961054781866844,6.455854052538311,1.2840386236227337
2008-02-22,8.009037532913734,6.499699686548301,1.2919450787839444
2008-02-25,8.113891720233523,6.595586052496279,1.308234713098276
2008-02-26,8.1844364634566,6.6602030775006495,1.3180475540345
2008-02-27,8.17211215350664,6.648902011251743,1.3167135023499459
2008-02-28,8.094195758803238,6.577468403928659,1.3038529747291374
2008-02-29,7.90465113484504,6.403906399591679,1.2747981167769689
2008-03-03,7.911942286931283,6.410562449109481,1.2717497158227045
2008-03-04,7.89829263745656,6.3981003086396795,1.266891457538707
2008-03-05,7.949431395769353,6.444779800700146,1.2748932166828895
2008-03-06,7.783080028705673,6.292810274055996,1.2485053396760468
2008-03-07,7.730960574104532,6.2453258556232525,1.2356453222478667
2008-03-10,7.6062185332631875,6.131774425474078,1.219355381817958
2008-03-11,7.844670451903565,6.3483833324489956,1.2631762348192173
2008-03-12,7.803882236838072,6.311188615491825,1.2513629285873165
2008-03-13,7.858333923165129,6.360810117442884,1.254125825746768
2008-03-14,7.716749885844074,6.231672026170441,1.2346925885337259
2008-03-17,7.617975714440035,6.14179024335937,1.222213787037433
2008-03-18,7.884530597288508,6.383359794601125,1.2729878512931334
2008-03-19,7.734892493022143,6.247179009919459,1.241456314246006
2008-03-20,7.874133926515132,6.373287090043148,1.264451308235937
2008-03-24,8.016852657385325,6.503137048092208,1.2897252306580866
2008-03-25,8.058599621356496,6.54111125054165,1.2909704067867858
2008-03-26,7.991409814201771,6.4799551042772,1.275173516512894
2008-03-27,7.922865159951477,6.417629435993135,1.2711528924860864
2008-03-28,7.862104347295182,6.362439396447665,1.2589953082685892
2008-03-31,7.908372981105138,6.40442653620671,1.2633983726895919
2008-04-01,8.168381623487571,6.64054266153148,1.3078191101832402
2008-04-02,8.180580607093844,6.65166345969758,1.3086804173783848
2008-04-03,8.205767255859813,6.6746281865981,1.3119355483856479
2008-04-04,8.218588075240346,6.686322330260711,1.3104994581754281
2008-04-07,8.22383394632949,6.691108107379354,1.3111702594431547
2008-04-08,8.190630234446262,6.660814212752079,1.3098292691388553
2008-04-09,8.100374787841869,6.578508841327542,1.3003521349520717
2008-04-10,8.14949300386178,6.623239953227984,1.3021703594409098
2008-04-11,8.019743596553973,6.504992977979717,1.2768968451728626
2008-04-14,7.996593794825459,6.483936856190146,1.2725887786192547
2008-04-15,8.033574528557741,6.517561216008422,1.27555687525382
2008-04-16,8.213167233644604,6.680945298430072,1.3101157933189247
2008-04-17,8.206828623625695,6.675163458789928,1.3120312605227222
2008-04-18,8.323990393813723,6.782023964420078,1.325721463395719
2008-04-21,8.313855146026404,6.772764051981406,1.3263911422396633
2008-04-22,8.219422973331653,6.686500321731056,1.3205514774158125
2008-04-23,8.269668794200403,6.732335850429035,1.31844519816902
2008-04-24,8.333590441877138,6.790548523476626,1.324189252894322
2008-04-25,8.402771927555944,6.8536086027059815,1.3364434675956245
2008-04-28,8.411690436215322,6.861745913158423,1.3367300938142195
2008-04-29,8.39308573641668,6.844768717986578,1.3314651099669181
2008-04-30,8.364539776675748,6.818726756551377,1.3236144698792467
2008-05-01,8.507751088386174,6.949322939393934,1.3509944674711376
2008-05-02,8.512483587231921,6.953647183074885,1.3547288734334528
2008-05-05,8.484103117622437,6.92765033471871,1.348219121611555
2008-05-06,8.535481670697878,6.9745806869783085,1.3598980431051542
2008-05-07,8.412056016395825,6.8617603400480345,1.335677464383452
2008-05-08,8.439876988478442,6.8870852158570965,1.332230807063514
2008-05-09,8.412815827521987,6.862442566429105,1.3297416792684238
2008-05-12,8.52146865301837,6.961347965643927,1.3446759358463372
2008-05-13,8.533520928362968,6.972335229935488,1.3448678703131143
2008-05-14,8.572991779756741,7.008324093307061,1.3476445426735306
2008-05-15,8.653909740940218,7.08214312362057,1.364493552185562
2008-05-16,8.6534463097541,7.081719890907678,1.3657380140445814
2008-05-19,8.637895992212357,7.067518511261005,1.3694712975831143
2008-05-20,8.569212506482804,7.004806179867403,1.3583661387193338
2008-05-21,8.453947511089256,6.899659810408623,1.3353901238951769
2008-05-22,8.481054225640255,6.924347852438263,1.3355814461308002
2008-05-23,8.392375003991411,6.843551353189688,1.3176797051494753
2008-05-27,8.465321497616888,6.909932187187977,1.3274442818630592
2008-05-28,8.517402282289245,6.9573727117130435,1.333571185136659
2008-05-29,8.569258423719642,7.0046420956679905,1.3402727693868086
2008-05-30,8.594529320251848,7.027693903672244,1.343623714569672
2008-06-02,8.50720596092255,6.948011429836835,1.3297416792684236
2008-06-03,8.489193534131047,6.931594670181306,1.321987567626032
2008-06-04,8.512130461337485,6.952494540685493,1.3213170724738823
2008-06-05,8.65109974319352,7.07916135057793,1.3477398466565027
2008-06-06,8.412446598065547,6.861230211733366,1.3047550973345488
2008-06-09,8.388141987937328,6.839108946434109,1.307914618243263
2008-06-10,8.369296652843472,6.821962297841906,1.3014045603057882
2008-06-11,8.219050083446517,6.685294388169539,1.2822578472728154
2008-06-12,8.267215992916974,6.7290144038350395,1.2871405948029728
2008-06-13,8.388684656061873,6.839345532208832,1.3034150253769803
2008-06-16,8.41901036950772,6.866936906828753,1.3041811306276787
2008-06-17,8.358423660658856,6.811790018947388,1.297862701041404
2008-06-18,8.284975845470335,6.744992952838747,1.285226147984432
2008-06-19,8.361772255408368,6.814763608833886,1.2868533563532236
2008-06-20,8.217645766911026,6.6836831657125,1.2659655599568163
2008-06-23,8.167282883668825,6.637972172524343,1.2647147717092055
2008-06-24,8.128227658103214,6.602549721039084,1.2622133992910354
2008-06-25,8.19723361095096,6.665102126171188,1.2681783674244038
2008-06-26,7.98628206644181,6.473692471347546,1.233734242700673
2008-06-27,7.955424493282774,6.445779194595369,1.2269990877755794
2008-06-30,7.935357651645165,6.427635207681135,1.2313289905736797
2008-07-01,7.95140661857606,6.442142068090268,1.2351773735691636
2008-07-02,7.819346162222674,6.3227430478086175,1.2140108079206373
2008-07-03,7.8007400327135805,6.305953740943368,1.2152616982067737
2008-07-04,7.800463150342365,6.202546188997361,
2008-07-07,7.743487611557324,6.151989375580915,1.2028498339833174
2008-07-08,7.920449049283745,6.308880812792482,1.2242090483683006
2008-07-09,7.764554374977047,6.170308829855272,1.2006369244772044
2008-07-10,7.780589244913864,6.184528759308428,1.205543753099419
2008-07-11,7.71781290304669,6.128844587597129,1.1914966194636436
2008-07-14,7.65274106011796,6.071178683689059,1.1807213511533405
2008-07-15,7.61593889759025,6.0385971915643655,1.1640761125770636
2008-07-16,7.842048259720344,6.238662961082244,1.1926515935356543
2008-07-17,7.955063904379835,6.338995595207678,1.2045814277638653
2008-07-18,7.937586631435182,6.323454125710298,1.2120866674421582
2008-07-21,7.92175439244462,6.309379078330782,1.2127599176345008
2008-07-22,8.060605683770012,6.432790912101689,1.2265185883582193
2008-07-23,8.107658439359607,6.4746951991454855,1.2331571127995073
2008-07-24,7.905969183257272,6.29495373183118,1.2075643199846522
2008-07-25,7.937007931277714,6.322533032838954,1.2072757550340694
2008-07-28,7.826883875049621,6.224638570225208,1.1895724789851645
2008-07-29,8.012851212388977,6.3896840203461975,1.2149730312176654
2008-07-30,8.063256583456512,6.43453900931998,1.2366208105532313
2008-07-31,7.996076293482197,6.374712940420368,1.2202644430431142
2008-08-01,7.952996903367027,6.3363868178384095,1.2138180571456547
2008-08-04,7.896582171684702,6.286228261311799,1.2025613710712606
2008-08-05,8.088387045750531,6.456621462184168,1.234984622794181
2008-08-06,8.124756186751842,6.4890194530404495,1.2404692955872405
2008-08-07,8.018585489389528,6.394392459236589,1.2219965470162901
2008-08-08,8.204211628374402,6.559581902678879,1.244702669940061
2008-08-11,8.290633967431468,6.636691237272429,1.2575948295038257
2008-08-12,8.204891984494953,6.560096482629651,1.2445101232421296
2008-08-13,8.184661991576649,6.5420465857976735,1.2370053937564651
2008-08-14,8.255362201879013,6.605109672461313,1.2463378373138547
2008-08-15,8.287065259225864,6.6334162055439325,1.2523995379695545
2008-08-18,8.182885985708426,6.540356977068845,1.2352737999759176
2008-08-19,8.086237100802554,6.454151782760904,1.221803694202782
2008-08-20,8.11015839841159,6.475458624095083,1.2274806075781959
2008-08-21,8.107125435590268,6.472756222320599,1.2295970906775548
2008-08-22,8.204130743221226,6.559185222686714,1.247396487017637
2008-08-25,8.051378938448922,6.42257110039245,1.2220923611918904
2008-08-26,8.061825001772615,6.431870029615747,1.225652281275317
2008-08-27,8.131359929745654,6.493778280914812,1.2375828297732079
2008-08-28,8.252859914402935,6.60205924865694,1.2525917785519087
2008-08-29,8.166140605468184,6.524642952959341,1.2391220809328758
2008-09-01,8.165908751950505,6.439058365341253,
2008-09-02,8.159042034507536,6.4330159767667086,1.2314252129033825
2008-09-03,8.130781073377502,6.4081500859952465,1.2303668693151772
2008-09-04,7.920936706751968,6.223589331648453,1.1933249457665223
2008-09-05,7.939923407307808,6.240237080679835,1.1970773105093546
2008-09-08,8.080463829719912,6.363498642356771,1.221803694202782
2008-09-09,7.844172117615073,6.155840105961748,1.185531651330275
2008-09-10,7.897787443484324,6.20279391190546,1.190342461699838
2008-09-11,7.978018385160007,6.2731117378188355,1.207564319984652
2008-09-12,8.026680210213481,6.31581076868521,1.2131450110303632
2008-09-15,7.753988915341644,6.076365611741697,1.1554169192120163
2008-09-16,7.86710279441187,6.175283822447734,1.1747558728273433
2008-09-17,7.561248229307121,5.9073677921567755,1.1219350177853136
2008-09-18,7.8808432752004265,6.186006975163254,1.155224984745239
2008-09-19,8.136925520360554,6.4103222343271415,1.2011030364624453
2008-09-22,7.7920593040582045,6.235685501383793,1.1739107897577796
2008-09-23,7.551971398945219,6.086534038516047,1.1472027158573979
2008-09-24,7.363583696057449,5.982055343514336,1.1508798782068144
2008-09-25,7.389063971940981,6.028668992490469,1.1688791680186759
2008-09-26,7.3180794756174095,5.971388758210076,1.1694593590756115
2008-09-29,6.68743223550716,5.511147249604305,1.0778187632522525
2008-09-30,7.123758232678492,5.830061891560921,1.1224295985192159
2008-10-01,6.887028708852177,5.658547756666297,1.1231065220984826
2008-10-02,6.362912765636632,5.271306988890458,1.0823672325723293
2008-10-03,6.056682653727351,5.058563426675674,1.0677546014273143
2008-10-06,5.865802939126653,4.958893193708696,1.013370005979457
2008-10-07,5.577068316787032,4.712426776914282,0.9679853105338446
2008-10-08,5.7296989431553875,4.814293123518535,0.9435996334776153
2008-10-09,5.081205469684375,4.323411091947998,0.8776991741001727
2008-10-10,5.084940157136941,4.312438247610893,0.8564101622208475
2008-10-13,5.586464968559299,4.779414316848206,0.9807591054078372
2008-10-14,5.439316689519292,4.7050444904721385,0.9662435129007303
2008-10-15,4.916609910347442,4.261710632875449,0.8711194238496682
2008-10-16,5.1318039693600435,4.394936245028038,0.9074074867707046
2008-10-17,5.083479633391641,4.4011919175992045,0.9019883227111222
2008-10-20,5.278215517964703,4.5761209522485435,0.9561795551528428
2008-10-21,4.9991323307365105,4.364589430707476,0.9276327470199641
2008-10-22,4.769522168240856,4.1826733016254,0.8771189830432371
2008-10-23,4.5052258683477895,4.0244968932359795,0.8872796733134555
2008-10-24,4.595954803111441,3.9891607182049693,0.8422817548993791
2008-10-27,4.449622127891473,3.883033859545744,0.8123800792227106
2008-10-28,4.795775246458845,4.108314482507514,0.9073110603639502
2008-10-29,5.2193391382476015,4.419133020631345,0.9007303917667145
2008-10-30,5.308891619023832,4.493174010661422,0.9318902024648417
2008-10-31,5.326838497284943,4.517811270512349,0.9370192709959564
2008-11-03,5.297811903446592,4.51161808398801,0.939729006083536
2008-11-04,5.431574312517632,4.645261937270014,0.9716626769603123
2008-11-05,5.270916090408612,4.474240623636755,0.9308260426806737
2008-11-06,5.036139716230933,4.2646731735093955,0.8792477107656759
2008-11-07,5.262023810521523,4.422560147932169,0.9082787937413642
2008-11-10,5.2155983800413415,4.3995498412774445,0.8963758976839288
2008-11-11,5.10014067114397,4.272398739412238,0.8686998863290817
2008-11-12,4.758603924990956,3.9549814998150508,0.8304759484991147
2008-11-13,5.091517401138374,4.15458747980791,0.8822477454587748
2008-11-14,4.937792954727252,4.075667169247819,0.8382176114413753
2008-11-17,4.8514664809216805,3.98414788967168,0.8270892388130058
2008-11-18,4.873809164640974,3.971326820888973,0.8426691951813322
2008-11-19,4.384624940460257,3.5977081482058972,0.7886718869576392
2008-11-20,4.140661999650301,3.3774380235621084,0.7301258543175557
2008-11-21,4.4071535544722185,3.5710139307694253,0.7695111436273875
2008-11-24,4.899679659751277,4.048259253226495,0.8228312221562368
2008-11-25,4.983814196094835,4.141039564032863,0.8289275648914
2008-11-26,5.284956983584906,4.370907333371772,0.8609579172712445
2008-11-27,5.284956983584906,,
2008-11-28,5.318492876231517,4.471053277024368,0.8717961433518835
2008-12-01,4.939793741124337,4.09135761706116,0.7945746626096144
2008-12-02,5.015814491092699,4.209623068844295,0.8251536190003893
2008-12-03,5.185083843241922,4.287517374599457,0.8449913879484334
2008-12-04,4.966780013923618,4.120227200479224,0.8254442757407483
2008-12-05,5.298999251289178,4.34224189588903,0.850894622773774
2008-12-08,5.568251514764978,4.567239374675253,0.8806024762709403
2008-12-09,5.483862518273261,4.488395962286575,0.866087291917936
2008-12-10,5.7825118751022835,4.700080043437753,0.8719904247047509
2008-12-11,5.519461543428974,4.538375014781882,0.8509912532575793
2008-12-12,5.69372046984786,4.670924220745567,0.8611516884314835
2008-12-15,5.493859743545122,4.543289157372944,0.8491526210636081
2008-12-16,5.8803823865291776,4.814504270391561,0.8891183055074267
2008-12-17,6.1127341332316325,5.029122735412149,0.880505743748609
2008-12-18,6.00102356240343,4.928708686804995,0.8640548885637255
2008-12-19,6.095149674720568,5.000126309118056,0.8603380332278249
2008-12-22,5.811221462274834,4.7927777675179595,0.8493140460112114
2008-12-23,5.885040381729076,4.843246273552946,0.8405342941280904
2008-12-24,5.920887031279222,4.893902470103077,0.8454118887127018
2008-12-26,5.942764352636523,4.952252522862925,0.8502900445092043
2008-12-29,5.889914737862979,4.932320793599208,0.847850966610953
2008-12-30,5.989115708844136,4.982301080261007,0.8679472501637712
2008-12-31,6.253553539775021,5.157146220185437,0.8803369720271579
2009-01-02,6.474377192205418,5.334381248191827,0.9068718865494848
2009-01-05,6.6037610470224815,5.4059695922195425,0.9057983392209554
2009-01-06,6.83122895078605,5.557728855404681,0.9118471830224211
2009-01-07,6.582270771688598,5.361493427102066,0.8845316737787511
2009-01-08,6.587159718303108,5.437774181867262,0.8881411845856514
2009-01-09,6.422985539116213,5.306709409084417,0.8691183463228369
2009-01-12,6.3310555699782,5.145844812661385,0.8482410088753102
2009-01-13,6.31033129969464,5.1400347536350735,0.8498024534143103
2009-01-14,6.102585729179471,4.9569974068359555,0.823071931038282
2009-01-15,6.210561280389573,5.025729509467173,0.8233648326262055
2009-01-16,6.265062040346172,5.140223486809264,0.8298034635957144
2009-01-19,6.265062040346172,,
2009-01-20,5.821577201708075,4.857159486082842,0.7860011816061265
2009-01-21,6.1011162494628,5.047656558683164,0.8199501643840641
2009-01-22,6.0474262333274975,5.012089163217339,0.807268102144645
2009-01-23,6.050457362921364,5.055693893290442,0.8107805232943743
2009-01-26,6.088076118928293,5.108225165557412,0.8163408576542153
2009-01-27,6.042455494020451,5.103382806091646,0.8246336306735964
2009-01-28,6.08939307750932,5.204402372143104,0.852533565573017
2009-01-29,5.9535746927738815,5.116523404295354,0.8248279630457267
2009-01-30,5.973296910607922,5.101080093440997,0.8080488499237763
2009-02-02,6.129960735144953,5.21047418738869,0.8056094148906853
2009-02-03,6.228198521698924,5.270219123510047,0.8169260996181709
2009-02-04,6.212238292757773,5.276424585423625,0.8129266996047018
2009-02-05,6.5824069533024945,5.531765308556801,0.8250228566297482
2009-02-06,6.817101828442879,5.707168672222901,0.8485341655595476
2009-02-09,6.750414279576171,5.6657692348634505,0.8497047005067223
2009-02-10,6.586874300836398,5.511534450313987,0.810780523294374
2009-02-11,6.603146012377788,5.533135735787952,0.8155601098750833
2009-02-12,6.647567428511189,5.555421763184125,0.8161455048968277
2009-02-13,6.571135454360542,5.5181061294758535,0.8073653958788669
2009-02-16,6.571135454360542,,
2009-02-17,6.354540594343839,5.299085496492834,0.772831273175499
2009-02-18,6.328328732975705,5.313132472125998,0.7709774372412037
2009-02-19,6.2917028753660915,5.241598548169355,0.7626855825685536
2009-02-20,6.253279399822485,5.247318411371084,0.7552710041203147
2009-02-23,5.831068041996857,4.940232257250214,0.7282486515608824
2009-02-24,6.210477977385261,5.2578148097401,0.7558567562768989
2009-02-25,6.111456166970616,5.1797140638205015,0.7499061755756493
2009-02-26,6.074401007516188,5.169795554333617,0.7377113472962842
2009-02-27,6.1852030729243435,5.271402215762428,0.7212246255696291
2009-03-02,5.84218716877326,5.036161011070709,0.6887387732112127
2009-03-03,5.923724800484003,5.0564021982140845,0.6835681239808893
2009-03-04,6.175661123464029,5.19402567179415,0.6997626073700376
2009-03-05,6.035731400824046,5.1116191859352735,0.6711791163871822
2009-03-06,6.104277200943537,5.1752589673513345,0.6723495492958312
2009-03-09,6.040888553520296,5.065100845865699,0.6644475838297499
2009-03-10,6.434998701793315,5.304733137617039,0.7040548069329047
2009-03-11,6.416898676565637,5.281390978879571,0.708640265218535
2009-03-12,6.6809132443163675,5.464666752868716,0.7365406592913211
2009-03-13,6.58583986341492,5.4242793130477915,0.7422962443700233
2009-03-16,6.423989066714511,5.332931014280106,0.7400527233062104
2009-03-17,6.667764885887409,5.476113995492153,0.7626855825685535
2009-03-18,6.763553023467893,5.496029019502584,0.7797576993169529
2009-03-19,6.767039746917173,5.5643176856364525,0.7700998038819525
2009-03-20,6.63570254305991,5.464427814641546,0.7537010393644212
2009-03-23,7.0284925397858995,5.741979619748644,0.807838803618693
2009-03-24,6.874014113896811,5.627628522274904,0.7919216099230413
2009-03-25,7.058450363452326,5.695608673993793,0.8002729020368918
2009-03-26,7.480167955088508,5.982817587527031,0.8165833522104593
2009-03-27,7.32562422048644,5.8580636464091675,0.8018455197944523
2009-03-30,6.960875385823441,5.575005145107722,0.7741381826122258
2009-03-31,7.020222752358446,5.619365151350418,0.7813100624271686
2009-04-01,7.152181260259057,5.755125720051593,0.7964417635522453
2009-04-02,7.529208717614371,6.001615280636427,0.8197272102054837
2009-04-03,7.66287952926424,6.128213816180959,0.8278826903885816
2009-04-06,7.5654663470226655,6.029638088290132,0.8213976829091577
2009-04-07,7.214578977582751,5.795087971184611,0.802238164041214
2009-04-08,7.389177372917909,5.985550536958191,0.8108845515712897
2009-04-09,7.677847427254994,6.2686486103511045,0.8431112770937779
2009-04-13,7.580833643254273,6.209384358003471,0.8433082114483128
2009-04-14,7.408109185769042,6.10962910347551,0.8287669052327381
2009-04-15,7.511032356719515,6.1580683014069955,0.837609563866932
2009-04-16,7.73609031844434,6.300107417243567,0.8498911248931129
2009-04-17,7.933347696463282,6.327870985947791,0.8555898234937566
2009-04-20,7.541529390658107,6.0249109206856035,0.8197272102054834
2009-04-21,7.600429270054429,6.113733592776035,0.8357428200591397
2009-04-22,7.843022219994204,6.261512492923477,0.8306338020983185
2009-04-23,7.785253937127429,6.252196006691761,0.8387885169924738
2009-04-24,8.004561264765695,6.461078552499391,0.8514630794002565
2009-04-27,7.918900370942366,6.378022061992663,0.84340667862558
2009-04-28,7.875582281016797,6.315010177002397,0.8407538300160591
2009-04-29,8.092865270375828,6.491590805997783,0.8586360306197189
2009-04-30,7.820524179162,6.440299954473802,0.8589308199203672
2009-05-01,7.894868494014455,6.522502411936011,0.8635485733993709
2009-05-04,8.15212942830433,6.703394465698242,0.89292617920822
2009-05-05,8.291685858053206,6.752584058508208,0.8898801251400461
2009-05-06,8.162010818367476,6.742192662617578,0.9053061053731428
2009-05-07,7.753069281831334,6.541138603691499,0.8927297550463134
2009-05-08,7.809526086278611,6.642967521002351,0.9135592874445656
2009-05-11,7.764765031388752,6.638544876079318,0.8964631406233718
2009-05-12,7.66856958034499,6.533668784081982,0.8938103430331137
2009-05-13,7.339048153453743,6.290497124162127,0.8713105420082389
2009-05-14,7.34592693364617,6.325182128733094,0.8787778233549842
2009-05-15,7.319859186743737,6.331385095147022,0.8716050251933103
2009-05-18,7.581887531844387,6.561268232169412,0.8963650816002073
2009-05-19,7.692700439420308,6.660161563792308,0.8952843915748814
2009-05-20,7.695904198399028,6.672048692303981,0.8892906485772752
2009-05-21,7.525509608071384,6.530353153267726,0.8765174659344367
2009-05-22,7.6628361110014,6.621523208156539,0.8746511813000101
2009-05-26,7.875224590235286,6.7950622304920705,0.8970532294172971
2009-05-27,7.744451117709208,6.69058153706861,0.881037874659955
2009-05-28,7.870562414447163,6.788350255512027,0.8933190275320334
2009-05-29,8.045154880226178,6.90651692960869,0.9091380601659946
2009-06-01,8.4362944244982,7.196877768269695,0.9311466477283147
2009-06-02,8.449217551507388,7.1534731967794505,0.931932956607095
2009-06-03,8.29127498874511,6.969512686591484,0.9201423029278919
2009-06-04,8.496712802883682,7.147989460187981,0.9287882312846022
2009-06-05,8.554299972644122,7.173758495806996,0.9289851656391371
2009-06-08,8.421107387487185,7.069229171153038,0.9251533128848112
2009-06-09,8.577735377989812,7.294512350914753,0.9298696355796078
2009-06-10,8.386245319985576,7.1809416878853,0.9275112191358953
2009-06-11,8.46363695781044,7.247878643683594,0.9316380652679209
2009-06-12,8.504021553652409,7.237350644152448,0.9341927017964887
2009-06-15,8.374953380094391,7.09223960828671,0.9127733867198884
2009-06-16,8.258951972718805,7.011941067013186,0.9003934605549655
2009-06-17,8.359857682297939,7.040855748917065,0.8995089906144947
2009-06-18,8.421936470325592,7.057532044607246,0.9060923122133977
2009-06-19,8.503920430211165,7.13045715662452,0.9094316250043349
2009-06-22,8.179257882221503,6.848035313409858,0.8821606045578552
2009-06-23,8.151982390117245,6.8379397309723755,0.8828523237233432
2009-06-24,8.344798995982195,6.999247526843624,0.8904607243510841
2009-06-25,8.589528543256932,7.1771888115829015,0.9098269222527638
2009-06-26,8.613170775942638,7.202785321227179,0.9074556489548176
2009-06-29,8.635937136004475,7.196131667085222,0.9159535194107868
2009-06-30,8.541037089741831,7.085661637653585,0.908542563330209
2009-07-01,8.572766939039806,7.166633916870309,0.9122974790361829
2009-07-02,8.352614179671669,6.994272290279022,0.8873980380032265
2009-07-03,8.352614179671669,,
2009-07-06,8.171428090804609,6.849346102347557,0.8872988565562794
2009-07-07,8.048849924955164,6.766548060881672,0.8701059772127544
2009-07-08,8.001897608995977,6.695000026397936,0.8695134394942133
2009-07-09,8.18257542047574,6.814327155041369,0.8711930956651972
2009-07-10,8.237854127944304,6.849197402018241,0.8691179381687328
2009-07-13,8.48534066747901,7.019851472274188,0.8902625655342409
2009-07-14,8.611407857999595,7.09814759684621,0.895302044239821
2009-07-15,8.900516343843695,7.333240691527108,0.9214868645805887
2009-07-16,8.96244067931733,7.390234270633275,0.9200041427641397
2009-07-17,8.915889288286905,7.341377775059199,0.9300828960982485
2009-07-20,9.130796508386569,7.5146169858002745,0.9399634906155144
2009-07-21,9.138128584244539,7.5200723167424695,0.9443110460785551
2009-07-22,9.203141772303308,7.570272214635614,0.9441129893002379
2009-07-23,9.449482758328909,7.744025856275872,0.964962113095418
2009-07-24,9.109584901870603,7.581226964274847,0.9689141672329782
2009-07-27,9.007529375556283,7.499555723065838,0.9717800212648264
2009-07-28,9.077801278738475,7.531831970029826,0.9672351232931482
2009-07-29,8.932566382384932,7.426880365412715,0.9648634418410992
2009-07-30,8.792207496269281,7.277039450968065,0.9749416849825797
2009-07-31,8.836103928372655,7.34355078593125,0.9763247151594532
2009-08-03,8.980983035002927,7.451999557997983,0.9924307821661121
2009-08-04,8.945838437791847,7.438120860750545,0.9949998061267986
2009-08-05,9.042324939645066,7.55540226350791,0.992134054133476
2009-08-06,8.887749705520818,7.448791860740173,0.9869963123276798
2009-08-07,9.10948054310027,7.6171369298977565,0.9999402054239572
2009-08-10,9.234555214372554,7.826703596862798,0.9978652520045442
2009-08-11,9.194683024474486,7.798197576999444,0.9854157355651174
2009-08-12,9.195216786138554,7.7633359260246815,0.9959878451708201
2009-08-13,9.179129327821414,7.769495953706706,1.003596245798561
2009-08-14,8.992722027810444,7.64585636856642,0.9958886637238729
2009-08-17,8.735326528573824,7.456509358909717,0.9713846219778713
2009-08-18,8.830114632072016,7.529006808187251,0.9790914897828797
2009-08-19,8.989611578081695,7.621183805379,0.9876880314931679
2009-08-20,9.08113180049023,7.711285793426324,0.9978652520045441
2009-08-21,9.078398095152407,7.751147624866081,1.017429812800118
2009-08-24,8.958638538222678,7.636830444437975,1.0173303252375938
2009-08-25,8.961224359273713,7.648692142334563,1.0193071175953163
2009-08-26,8.958022745616503,7.648502444354203,1.0194055847725838
2009-08-27,8.958339914807999,7.688162453996115,1.02167798273916
2009-08-28,9.056579126431558,7.757495936139087,1.0214805381919967
2009-08-31,8.841757730827409,7.604433706181854,1.0123898239019093
2009-09-01,8.563886876471981,7.401176109871019,0.9900597129452166
2009-09-02,8.575995887767988,7.460297345187021,0.9863044911236656
2009-09-03,8.585825911952409,7.506106009305958,0.9945057355855246
2009-09-04,8.706947350157215,7.589478998211694,1.008437463648772
2009-09-07,8.706947350157215,,
2009-09-08,8.762811315862567,7.660642171699412,1.0171330847674815
2009-09-09,8.924000487835928,7.733432825518706,1.02493882790386
2009-09-10,8.955042769921157,7.7580861282165605,1.0354126744093468
2009-09-11,8.971162217400263,7.806875997434292,1.0352149237466066
2009-09-14,8.990662166275307,7.7878174687831185,1.0402540963366096
2009-09-15,8.988545276630708,7.801757007379583,1.0446013456840733
2009-09-16,9.039938598365621,7.845514676257645,1.0604106846580963
2009-09-17,8.988840529438253,7.796885046798652,1.0588301078955338
2009-09-18,8.979315909507449,7.79602549332994,1.059504990704287
2009-09-21,8.870272018174685,7.665569120587917,1.056824744750625
2009-09-22,8.91268673825913,7.707836161393205,1.0629801167728856
2009-09-23,8.822491305998117,7.627353688100128,1.054144396758437
2009-09-24,8.658774129539486,7.4913222561454775,1.0425280248810709
2009-09-25,8.617516227955594,7.4300552167745515,1.0369688639642751
2009-09-28,8.79454513557733,7.565805598756983,1.05553426351653
2009-09-29,8.763598499167022,7.528169169760873,1.052356885865824
2009-09-30,8.795118918340872,7.533836411367633,1.0482864670384917
2009-10-01,8.486741194065619,7.2655813945874765,1.0222755203454583
2009-10-02,8.447649253620334,7.239996820547569,1.0175098110042395
2009-10-05,8.584903224513837,7.34049688556335,1.0326999802045227
2009-10-06,8.731299132684432,7.505362792197726,1.0474924032317607
2009-10-07,8.73185920112024,7.503336085301292,1.0503716243104713
2009-10-08,8.854487649349293,7.601016316009028,1.0584130764411377
2009-10-09,8.991486830954166,7.671042573348937,1.0648666050353939
2009-10-12,9.018343725996855,7.698079690635541,1.0690358991940965
2009-10-13,9.02479002797985,7.707231503189428,1.0668515604751698
2009-10-14,9.243440451169509,7.861693955985745,1.085217882863851
2009-10-15,9.225252143283816,7.851490396592341,1.089189528398339
2009-10-16,9.166135753859933,7.838767230509031,1.0810487927822
2009-10-19,9.236535343717359,7.916775791383876,1.0899837962821213
2009-10-20,9.16675223705197,7.866348915017877,1.0842255582017517
2009-10-21,9.165291635808991,7.839092540174105,1.074496286818048
2009-10-22,9.446250803152774,8.010051978581114,1.0854168579888992
2009-10-23,9.297266998592725,7.894074838215232,1.0730069324974307
2009-10-26,9.260698848808039,7.826347219620814,1.0613913769282701
2009-10-27,9.012144044965126,7.640750070040476,1.0565267922556811
2009-10-28,8.752177525074144,7.4175921787018835,1.0365721381764872
2009-10-29,8.984616560187161,7.627618188190223,1.0588101083445038
2009-10-30,8.67841784656591,7.38050830024671,1.0281327357957244
2009-11-02,8.720179870426595,7.440688334134145,1.0356780766146039
2009-11-03,8.858157870194354,7.560092209402268,1.0389543295966799
2009-11-04,8.837879671558714,7.570171654514097,1.0416346775888679
2009-11-05,9.13525391087637,7.757559261953672,1.0607953698998567
2009-11-06,9.09662113436054,7.744566754142516,1.06357540953162
2009-11-09,9.319886468165958,7.913417325067102,1.0877999677558232
2009-11-10,9.297518541583635,7.902785443174296,1.0879981265726661
2009-11-11,9.362439973319157,7.968928586449628,1.0935574915665132
2009-11-12,9.235030180937281,7.825298418038836,1.0824382513861908
2009-11-13,9.398632183017547,7.912188783732365,1.0882959770290845
2009-11-16,9.684863932518024,8.128728903962035,1.1040814389881017
2009-11-17,9.651938272155695,8.16296069666188,1.105371818183671
2009-11-18,9.588876613877527,8.142666834140424,1.104677037862413
2009-11-19,9.36089658143995,7.969840240987863,1.0902819528541172
2009-11-20,9.222950780203025,7.917677042829384,1.0864096928436275
2009-11-23,9.371824504059436,8.010080112945344,1.1002096891702406
2009-11-24,9.289771744389162,7.944439213797408,1.1018969982306495
2009-11-25,9.373479685398637,8.04298713870047,1.1057688500870364
2009-11-26,9.373479685398637,,
2009-11-27,9.209842104732777,7.900062616903061,1.0877999677558234
2009-11-30,9.15572982841568,7.862168757844514,1.091472538371585
2009-12-01,9.438382017917363,8.105202983221114,1.1049747862803054
2009-12-02,9.391523153828304,8.178644439910016,1.1044788790455697
2009-12-03,9.32075328151198,8.107062998025729,1.0958411137709125
2009-12-04,9.523472493223064,8.17904687930911,1.1020958713171716
2009-12-07,9.649061199675097,8.276455351606618,1.1004078479870831
2009-12-08,9.538542269201862,8.172517684886863,1.0881966935436116
2009-12-09,9.582960903004023,8.219778272064833,1.0922673164479955
2009-12-10,9.680433071058358,8.307859912410878,1.0984224843932047
2009-12-11,9.59415425611651,8.246317846180595,1.1030882980177967
2009-12-14,9.800833012824379,8.434695379171444,1.1106338429137275
2009-12-15,9.803723519842382,8.448117288211732,1.1054713057461945
2009-12-16,9.898664472557575,8.545529856833774,1.107159329076283
2009-12-17,9.670424074161163,8.341781931824311,1.0938555460999824
2009-12-18,9.836636361100254,8.438966841049101,1.10004418268161
2009-12-21,10.127393311719544,8.635524541840283,1.1112233194764984
2009-12-22,10.218983767108591,8.699287156725266,1.1152156788316967
2009-12-23,10.327244018632342,8.772242389462312,1.1174115479040239
2009-12-24,10.370530755410659,8.829253336058514,1.1227017352671647
2009-12-28,10.284479625327124,8.778046970460942,1.1250972937342194
2009-12-29,10.243468700360209,8.743465054737774,1.1235000846919734
2009-12-30,10.338081418824785,8.814283542888871,1.123100909979569
2009-12-31,10.364355213778904,8.837023910142335,1.1123212540126621
2010-01-04,10.692509910530925,9.069361742603656,1.1311857284836433
2010-01-05,10.85930571230787,9.180571422094554,1.1341801510578304
2010-01-06,11.952850863680842,9.876437605814388,1.1349787045596904
2010-01-07,11.7759939553217,9.753014322267182,1.1397698214938001
2010-01-08,11.771102612100323,9.761032662586414,1.1435624914542704
2010-01-11,12.17905248191194,10.01586494141491,1.1451601086506191
2010-01-12,11.639692809309235,9.634123529309445,1.1344798382077106
2010-01-13,11.919922439511604,9.822860609644673,1.1440618679988785
2010-01-14,11.843026740830675,9.778112824623,1.1471560842511668
2010-01-15,11.733405490870062,9.669941008045694,1.1342799447359313
2010-01-18,11.733405490870062,,
2010-01-19,11.911568840204007,9.805340781657327,1.1484533000279553
2010-01-20,11.772318682678248,9.670136650517493,1.1367752968810871
2010-01-21,11.340571479424815,9.38659632853479,1.1149162977973932
2010-01-22,11.045865955541032,9.16453597835793,1.0900625700239353
2010-01-25,11.144867510811956,9.245160638771361,1.0956523424984308
2010-01-26,11.059529360483094,9.178571649371836,1.0910608129205233
2010-01-27,11.15860803915194,9.23091697690578,1.0962513086440886
2010-01-28,10.884295332122475,9.045192305462185,1.0836745501631566
2010-01-29,10.457177649242093,8.762476566880881,1.071896549261136
2010-02-01,11.01892190992126,9.1836146930179,1.0885653587368416
2010-02-02,11.115019841452957,9.270897892908875,1.1017407772478547
2010-02-03,11.146135880738251,9.284306933946045,1.0962513086440886
2010-02-04,10.567395083042394,8.813756643664373,1.0624142111095436
2010-02-05,10.590502792555617,8.822060576434792,1.0646104883359733
2010-02-08,10.576512598570593,8.836825545958835,1.0569247425057777
2010-02-09,10.822371614379671,8.99803030135111,1.0701997506178405
2010-02-10,10.914782532814765,9.063705570991104,1.068103879300666
2010-02-11,11.183037287940245,9.285700355379236,1.0792829140570286
2010-02-12,11.21174872366986,9.303092837586258,1.0783842607614904
2010-02-15,11.21174872366986,,
2010-02-16,11.539954906925347,9.564399593647492,1.0953527573870763
2010-02-17,11.9389374136489,9.807537925515717,1.1005428449565389
2010-02-18,11.93328756345798,9.777543120977178,1.1070312707265726
2010-02-19,11.939236677928296,9.77626914463344,1.1093267293999494
2010-02-22,11.870535299949925,9.717169794436526,1.1095264187946772
2010-02-23,11.737464896809325,9.691040599236366,1.0960518233264123
2010-02-24,11.817657386056572,9.74592792435071,1.1061332296621884
2010-02-25,11.91592964433989,9.845281745978886,1.1046356102209922
2010-02-26,12.152293729236021,9.992333828016148,1.1053343700447513
2010-03-01,12.133450606254623,10.04053148861243,1.1168126837968917
2010-03-02,12.155178190803857,10.107892982060436,1.1199073082032824
2010-03-03,11.995076987875017,10.021686301165346,1.1209048368301908
2010-03-04,11.96518420272151,10.025453575863661,1.1242990463479363
2010-03-05,12.066381256401913,10.077698839063371,1.140368583562407
2010-03-08,12.150202532852376,10.116122695138513,1.140568170918609
2010-03-09,12.352837959130476,10.231792264590263,1.1424649650722098
2010-03-10,12.347967885017912,10.181612220507521,1.1475553610020972
2010-03-11,12.315782188283155,10.167924862544607,1.1523463758976813
2010-03-12,12.192921477521095,10.104287049825484,1.152445965498731
2010-03-15,12.123093515810648,10.060752364641045,1.15274544857156
2010-03-16,12.164113410416492,10.139172549372146,1.161927793457695
2010-03-17,12.121505549064798,10.113711637493394,1.1688153939401333
2010-03-18,11.87786959831148,9.981448539463761,1.1682165298330012
2010-03-19,11.791004387018548,9.890171239852403,1.162303397270671
2010-03-22,12.086551775139295,10.086181521690962,1.1685170332910868
2010-03-23,12.27623413116129,10.246749477581018,1.1767360324564116
2010-03-24,12.250481469078148,10.21087914328895,1.171022691327335
2010-03-25,12.09063524456154,10.11928721962697,1.1691185503998862
2010-03-26,11.991890473358055,10.142835296873516,1.1684173416515111
2010-03-29,12.06231268312342,10.229133437380577,1.1758335016968977
2010-03-30,12.086919904138973,10.218843283879169,1.1766353204315794
2010-03-31,11.898455930046998,10.136248002701722,1.172626532873749
2010-04-01,11.947553734800474,10.211106790716547,1.1806447202205639
2010-04-05,12.15436223431782,10.370366550953792,1.1902660348441132
2010-04-06,12.329248153752387,10.433283953724352,1.193072502454024
2010-04-07,12.098327016890217,10.359541064076447,1.186256941170706
2010-04-08,12.189607465632909,10.427583535273603,1.1903665427918941
2010-04-09,12.296015266077253,10.527647350997483,1.198183816281673
2010-04-12,12.29805820750021,10.534265153324768,1.200088161286173
2010-04-13,12.377143399405927,10.582891117872448,1.2009900798145323
2010-04-14,12.57712249170927,10.737424907254285,1.214620794227066
2010-04-15,12.48367846816363,10.688101631552206,1.2156230166261548
2010-04-16,12.199863522635296,10.454278967021203,1.1962797773927498
2010-04-19,12.24944361257644,10.478613374035872,1.2007894720730734
2010-04-20,12.47846200376699,10.629763836781146,1.211513312966441
2010-04-21,12.47393983075104,10.64686265415964,1.2093090767350096
2010-04-22,13.364116646183426,11.10552547096131,1.2129167508484477
2010-04-23,12.785267107303996,10.87079773727655,1.220834634324533
2010-04-26,13.077467087805674,11.041982928577346,1.2162244316964288
2010-04-27,12.98566556500046,10.9922733274163,1.1874597713112538
2010-04-28,12.804371180109586,10.955717500836375,1.1964797729030547
2010-04-29,13.070361238420062,11.131694373949077,1.2113131133790849
2010-04-30,12.671119112379698,10.86993475231516,1.1907669419666063
2010-05-03,12.942376422982566,11.04893989688106,1.2062020036284873
2010-05-04,12.65308162528852,10.808454173176276,1.1778380485336017
2010-05-05,12.584109755867766,10.773117133225293,1.1708221856244019
2010-05-06,12.269990602506965,10.531618038241477,1.1319357116472872
2010-05-07,11.786442582117262,10.279645364189118,1.1150978243345535
2010-05-10,12.431313389405165,10.692629580202972,1.164207742275171
2010-05-11,12.54694038055825,10.755287851006686,1.160900163465716
2010-05-12,13.194228008749857,11.177573478306394,1.177136839785227
2010-05-13,13.454088932831246,11.262506963289724,1.1625038009350788
2010-05-14,12.895981019357228,10.910772278126757,1.1414566203615815
2010-05-17,13.162109981172371,11.029671443813738,1.1420582395089067
2010-05-18,12.858511307128392,10.85238077420124,1.1265229760148219
2010-05-19,12.661818656202609,10.698232938572186,1.120108834291473
2010-05-20,11.915452856635698,10.171585520148959,1.0778141715185965
2010-05-21,12.168915273474685,10.329293349227918,1.093549430522986
2010-05-24,12.052225040078504,10.25995163181596,1.0795180108201632
2010-05-25,12.206647401974283,10.359075327077981,1.080620741167033
2010-05-26,12.195504676180569,10.389772726105607,1.0741059894573775
2010-05-27,12.79012188980312,10.819586999101412,1.1100864062235316
2010-05-28,12.550646171488353,10.682240792768566,1.0961554944684895
2010-06-01,12.24494702896788,10.445869080062538,1.0777140717249185
2010-06-02,12.647885927682275,10.7438603722284,1.1057768090920388
2010-06-03,12.819144069214573,10.81426594904157,1.10958570317809
2010-06-04,12.445351857997842,10.577091687628478,1.070598211060566
2010-06-07,12.160760966868276,10.458097625189124,1.0572681021446437
2010-06-08,11.909141751564913,10.327458049104132,1.0685933581082854
2010-06-09,11.828598849307435,10.243852876850399,1.062880833287414
2010-06-10,12.114230327401897,10.511574365032176,1.0939500337747499
2010-06-11,12.351672970693956,10.644111242053583,1.0992622614594345
2010-06-14,12.315975972252579,10.64382008748296,1.0975584221578678
2010-06-15,12.933714117608819,11.03892232563196,1.1225144945725687
2010-06-16,13.062004695064608,11.04314992573024,1.1221133811281767
2010-06-17,12.996996980232524,11.05031607802014,1.1239177283775241
2010-06-18,12.958779043320474,10.989382153872425,1.1251362724510245
2010-06-21,12.799819469970886,10.867187962723671,1.1219135896949233
2010-06-22,12.629728533746592,10.711988801047886,1.1033846178963311
2010-06-23,12.728740866105255,10.76209930260569,1.0999606131290913
2010-06-24,12.38985217655076,10.570480979834652,1.0817337774049953
2010-06-25,12.353177620224276,10.608489805934003,1.0862651042527598
2010-06-28,12.332776776715203,10.5562879728969,1.0828418137551996
2010-06-29,11.765133333029262,10.165333091926819,1.0494083806281882
2010-06-30,11.586532519825441,10.071060491832228,1.0394391146321187
2010-07-01,11.791197204289954,10.125554231494482,1.0348066676054193
2010-07-02,11.64497559957892,10.042665948922263,1.0291672023689247
2010-07-05,11.64497559957892,,
2010-07-06,11.642296354348552,10.014134454174778,1.0359143978400467
2010-07-07,12.168259445710643,10.37313786432344,1.0685421347684012
2010-07-08,12.164803561173063,10.406890517399102,1.0791155708749376
2010-07-09,12.238419904628763,10.506172595292398,1.0871717165532997
2010-07-12,12.378378738808983,10.420854892283717,1.0878769048041756
2010-07-13,12.449016211120556,10.491085539592524,1.1042908220427683
2010-07-14,12.503696814113507,10.494079639468678,1.1041900079794105
2010-07-15,12.600653204630913,10.62904582005656,1.104492042015381
2010-07-16,12.23776491192674,10.419127686856436,1.0740806839030121
2010-07-19,12.338744273774044,10.45630197536127,1.0804244190436518
2010-07-20,12.41083028386064,10.628827008704457,1.0924085377675172
2010-07-21,12.02126614074092,10.377226546836244,1.0782092646899741
2010-07-22,12.686661490904859,10.73614354245855,1.1022765815461262
2010-07-23,12.865672785216933,10.887475531775609,1.111843101481393
2010-07-26,12.892489112694891,10.958878812422393,1.1234239639518273
2010-07-27,12.695723169938946,10.8221237539719,1.1233230478499439
2010-07-28,12.548413554866963,10.803934182179603,1.1160728024472897
2010-07-29,12.491319559097509,10.856643217245074,1.1106352714530876
2010-07-30,12.6051435297766,10.954646094835867,1.1104337453648978
2010-08-02,12.78701695623785,11.119208070252096,1.1355079783923194
2010-08-03,12.633432451469174,10.981715359826076,1.1300704473981174
2010-08-04,12.885544406359854,11.23286433571643,1.1376228288752679
2010-08-05,12.797833631515509,11.20103428144073,1.1364142845772827
2010-08-06,12.76262229935325,11.161529767140971,1.1317821436661601
2010-08-09,12.91643058288044,11.19327447094547,1.1378241508864062
2010-08-10,12.764775345838375,11.114284760813236,1.1316816357183794
2010-08-11,12.377875133753967,10.835184796041574,1.1006654952643897
2010-08-12,12.264621981106929,10.838685897153873,1.093918809985896
2010-08-13,12.282140734498745,10.856913060577138,1.0906959231527433
2010-08-16,12.316743240614679,10.86352134282176,1.0901927711826855
2010-08-17,12.639625259943154,11.18333116350264,1.1035858378689436
2010-08-18,12.779069583447905,11.285937667742758,1.105599874288534
2010-08-19,12.671075921583883,11.14211435846987,1.086366224431694
2010-08-20,13.112678685179207,11.279261450573507,1.082841813755199
2010-08-23,12.919252092908161,11.232858343438949,1.0787127227756086
2010-08-24,12.875833943253756,11.138469314095337,1.0627013475207674
2010-08-25,12.92362226281142,11.088061232863158,1.0668298262692035
2010-08-26,12.763142400278948,10.973525755599493,1.05968008881433
2010-08-27,13.00355052297,11.127508098305627,1.0760944142070252
2010-08-30,12.97479608120979,11.074897900329299,1.0604857850129867
2010-08-31,12.785186279555658,11.074744242774779,1.0604857850129867
2010-09-01,13.068193495897209,11.249904979824155,1.092206603525224
2010-09-02,13.297196088876744,11.398363386813754,1.1023775996865346
2010-09-03,13.55074660566465,11.5836914334547,1.1166773807118584
2010-09-06,13.55074660566465,,
2010-09-07,13.526286685861553,11.517347713400083,1.1040892959545776
2010-09-08,13.729177281687779,11.622043178497933,1.111843101481392
2010-09-09,13.672138497103886,11.554744334559931,1.1169790065937264
2010-09-10,13.555939089831863,11.568689518532333,1.1226183697916954
2010-09-13,13.947580215419238,11.799070758545716,1.135105538447093
2010-09-14,13.936031553902124,11.807369339008272,1.1344004522347426
2010-09-15,13.926081229374967,11.793997195204124,1.1387308652254715
2010-09-16,14.053290638119398,11.940674491675393,1.1384286271124495
2010-09-17,14.236286187829075,12.004204590509053,1.13885402572595
2010-09-20,14.322213396356522,12.072972598887235,1.1562667980922845
2010-09-21,14.223498529037048,12.006034693983084,1.1539383809751178
2010-09-22,14.007643669270779,11.930870682307333,1.148269018450603
2010-09-23,14.137038244844812,11.981790988012254,1.1389548397893077
2010-09-24,14.282651821432657,12.083280701172031,1.1624426798582042
2010-09-27,14.21110373041853,12.069189003640325,1.1568743354740985
2010-09-28,14.28547530425461,12.123780040242766,1.1609239384421952
2010-09-29,14.38462227862597,12.179118386244552,1.1588995961315123
2010-09-30,14.234019603912923,12.0395680646021,1.1554569183140755
2010-10-01,14.205509028445334,12.03870858110913,1.1603171153300609
2010-10-04,14.17468553128591,11.947871531212128,1.1516102699735282
2010-10-05,14.424227112101265,12.227147162623337,1.1747941372744664
2010-10-06,13.78944681986261,12.023816773718373,1.1746927109799545
2010-10-07,13.807825971136335,11.946381338059341,1.1732752938199316
2010-10-08,13.768242791876588,12.05172698267652,1.1798561664942184
2010-10-11,13.601690475942906,11.995797111348397,1.1809698149633345
2010-10-12,13.892848113643357,12.136153175463903,1.1846145290615895
2010-10-13,14.089738157324248,12.283218582573241,1.1938274855054245
2010-10-14,14.037465306137042,12.246830849172456,1.1891700390399371
2010-10-15,14.067190954153137,12.275022428097014,1.1916002906057184
2010-10-18,14.137572412587163,12.341783948562341,1.1974715873725255
2010-10-19,13.93483565880117,12.14939123019628,1.1817796947415438
2010-10-20,14.09161130449942,12.297979426102993,1.1933210683025455
2010-10-21,14.109820359017759,12.315254246807953,1.1959533561491449
2010-10-22,14.170786850116297,12.373099289150385,1.1981803469717998
2010-10-25,14.22788317844666,12.427292609318096,1.2017241449681713
2010-10-26,14.218302065602042,12.418195461860858,1.2019265894030922
2010-10-27,14.193119758352466,12.394286577097725,1.198484319739758
2010-10-28,14.199209406846315,12.400067390310403,1.1986871723287817
2010-10-29,14.234092933717902,12.433183042629436,1.1995976620932973
2010-11-01,14.227900632203959,12.427303308741662,1.2000031631942931
2010-11-02,14.354825145992608,12.5478165115675,1.2095195822134581
2010-11-03,14.377651751331678,12.569506765088642,1.2143789629212383
2010-11-04,14.63481368177367,12.813900460707815,1.237765376695623
2010-11-05,14.69651949878558,12.872632259292699,1.242422619084059
2010-11-08,14.670937947653993,12.848274755027942,1.2400938958513152
2010-11-09,14.545268346613295,12.72863645954826,1.2311846060598617
2010-11-10,14.613445560836622,12.793492800333718,1.2361456171392047
2010-11-11,14.57746001982691,12.75924619058886,1.2314889869819226
2010-11-12,14.4154394365982,12.605088074279507,1.216910028550377
2010-11-15,14.25048833422132,12.530490879191452,1.2151891488150242
2010-11-16,13.899259090303486,12.19611702043096,1.1962572268785778
2010-11-17,14.042276686502747,12.282095339080156,1.1968645601833405
2010-11-18,14.416853478697053,12.584161302723682,1.2144801851386986
2010-11-19,14.538751437507866,12.640331084157502,1.2178212325845723
2010-11-22,14.744346111246426,12.877651995951398,1.2168088063329168
2010-11-23,14.63032619046324,12.774669467484877,1.1991929773005074
2010-11-24,14.909262544615084,12.985013961429653,1.216910028550377
2010-11-25,14.909262544615084,,
2010-11-26,14.870078032206097,12.974203564423425,1.2027365712198275
2010-11-29,14.794336428133967,12.915419270458802,1.2063807751254543
2010-11-30,14.60093235484912,12.760683493432897,1.199597662093298
2010-12-01,14.970647479007669,13.10774128993563,1.2251104567040312
2010-12-02,14.866785815059815,13.091567427737171,1.2408027574891156
2010-12-03,15.177850610957446,13.348535167342703,1.244143294742361
2010-12-06,15.260456843222402,13.43522872376265,1.2428276099924267
2010-12-07,15.248059076608158,13.374572332664535,1.243536369591701
2010-12-08,15.157810683738337,13.326668139295588,1.2480921856856253
2010-12-09,15.12915803142882,13.323981196555497,1.2529511582393027
2010-12-10,15.271940075408347,13.4804750403841,1.260241096628441
2010-12-13,15.23996519501171,13.43764878644966,1.2610510784451756
2010-12-14,15.09762896809702,13.294812707921832,1.2621645228372405
2010-12-15,15.112509622254503,13.243391929313322,1.2563937340182139
2010-12-16,15.105141832080887,13.332004314301166,1.2636830601761981
2010-12-17,15.370576156746122,13.4983212806657,1.2650366012191543
2010-12-20,15.428501880317059,13.57713958510368,1.268090104099702
2010-12-21,15.660346674869752,13.72664239892195,1.2761299236139576
2010-12-22,15.74688684423265,13.80751279670533,1.2800994263394065
2010-12-23,15.899320983921204,13.831162260108965,1.278267630726655
2010-12-24,15.899320983921204,,
2010-12-27,15.933834921387184,13.830335515114642,1.2787759866615218
2010-12-28,15.997675459216953,13.853921538271646,1.280608190428376
2010-12-29,15.909584180017795,13.825521919125203,1.2815241902732772
2010-12-30,16.026830098215054,13.887622915875728,1.2794885216862455
2010-12-31,15.831876587264244,13.791147964258643,1.27979422910914
2011-01-03,15.937142388534292,13.864167258811387,1.2930244423084356
2011-01-04,15.929366561930127,13.725140509560477,1.292311805245186
2011-01-05,15.868035120208503,13.679212616551752,1.2990286952741854
2011-01-06,15.737743970579555,13.564030297319071,1.2964844666752355
2011-01-07,15.761035709042362,13.572051247910535,1.2939400339992344
2011-01-10,16.019901129023186,13.747994530504478,1.292311805245186
2011-01-11,16.049995597298278,13.779707813665581,1.2968918044696933
2011-01-12,16.177338823728007,13.877351155827293,1.308595827440606
2011-01-13,16.383290489754653,13.99831629483326,1.3064585284820112
2011-01-14,16.406935496446327,13.966010621475705,1.315923622122766
2011-01-17,16.406935496446327,,
2011-01-18,16.485150720029342,14.023543142254654,1.3181619392217698
2011-01-19,16.115149360124445,13.811957776517382,1.3052372293683177
2011-01-20,15.936904198774284,13.659893043494632,1.3035072682041804
2011-01-21,15.672222605918158,13.47948451912199,1.306458528482011
2011-01-24,15.70967668773875,13.505847239975724,1.3138879535357342
2011-01-25,15.7951750774439,13.515912502583882,1.31459997836783
2011-01-26,15.81479817157911,13.541433486739972,1.3196890477968837
2011-01-27,16.631970841819292,14.022000238088486,1.3229456073435062
2011-01-28,16.635225568930316,14.053616912262335,1.2998430647475236
2011-01-31,16.551710805553583,13.993407032542803,1.3096131515414935
2011-02-01,16.59873330604083,14.036425165322973,1.3305785992559325
2011-02-02,16.4563739393145,13.909879792178078,1.328034268618457
2011-02-03,16.566730212908357,14.038246649842456,1.3309860390889157
2011-02-04,16.85294938247266,14.221755339653608,1.3347512606859817
2011-02-07,16.877085313135115,14.237543937295793,1.343096787623132
2011-02-08,17.051891912109262,14.386926423820714,1.34920348726865
2011-02-09,17.08376855015648,14.411067912946518,1.3461501884651539
2011-02-10,16.858439364228577,14.252495824624177,1.3466585444000205
2011-02-11,17.18528684068231,14.449642425931065,1.354698772068379
2011-02-14,17.750902495984786,14.794669477762922,1.3579558418076296
2011-02-15,17.608662057026113,14.737719079064568,1.353680937774863
2011-02-16,17.621422397996373,14.758458040924845,1.362229929532191
2011-02-17,17.269188387134665,14.515937417009777,1.3663006544751002
2011-02-18,17.16857273447271,14.46338948068951,1.369150182342842
2011-02-21,17.16857273447271,,
2011-02-22,16.710993069227545,14.21120668256321,1.3416714114581068
2011-02-23,16.57994432171784,14.148583217168625,1.333428229162199
2011-02-24,16.723912906114602,14.243384852664882,1.3325121272787719
2011-02-25,16.910064368032803,14.356561439547127,1.3467606849642118
2011-02-28,16.83214029471223,14.315064148901044,1.355105905785785
2011-03-01,16.982336403430377,14.444972982346007,1.3325121272787719
2011-03-02,17.101932252301683,14.545916316571684,1.3353619612620906
2011-03-03,17.116797404223455,14.520862545556472,1.3583625673709332
2011-03-04,17.27795815337403,14.642210096611237,1.3481851427825056
2011-03-07,17.022086016666854,14.481736418190346,1.3376006865151973
2011-03-08,16.804630711994445,14.345592388627773,1.3493048115246358
2011-03-09,16.835234914159155,14.368692497474719,1.3473706712706415
2011-03-10,16.88030008062206,14.35511015388426,1.3224368432545357
2011-03-11,17.01135439792478,14.460310356019017,1.3315960253953447
2011-03-14,16.832494177567586,14.35017219039725,1.3235560018040375
2011-03-15,17.29787603207099,14.56006603703133,1.308391852427799
2011-03-16,17.277416239633165,14.550495191684542,1.2841705594364174
2011-03-17,17.225837688886468,14.544696525733755,1.301166096271305
2011-03-18,17.096806841327194,14.493480859104865,1.3058983369761055
2011-03-21,17.270458610867305,14.639513321859921,1.326137066310753
2011-03-22,17.4295922089002,14.739835392961867,1.3215375777278437
2011-03-23,17.69113072118555,14.932382284118155,1.3253195336431192
2011-03-24,17.823806351881935,15.019662794804374,1.3379944531857417
2011-03-25,17.893489568740392,15.046352674240635,1.3420829328321169
2011-03-28,17.959457301555627,15.045843101148341,1.3388120878919012
2011-03-29,18.054748526241795,15.09632104643167,1.3478069880063883
2011-03-30,18.34121888317037,15.304587099324971,1.3571086159290269
2011-03-31,18.397020183980196,15.365257349639403,1.355268657234222
2011-04-01,18.591271356959183,15.464451595928884,1.3609928144470194
2011-04-04,18.79671675508188,15.592023363177367,1.362116666768702
2011-04-05,18.83428966805545,15.6708247189905,1.3619125897173703
2011-04-06,18.55835703589595,15.50625642676014,1.3662055545691798
2011-04-07,18.352027497269606,15.379352345241028,1.3627308366546842
2011-04-08,18.181963757387404,15.297778943437669,1.3580282891608524
2011-04-11,17.75043196842213,15.02141349821053,1.3539399115530026
2011-04-12,17.852891146174947,15.046585729359702,1.3438207509627302
2011-04-13,17.983192779179767,15.116619268504436,1.3437184063214873
2011-04-14,17.92699323576263,15.129248784882618,1.3447406282716066
2011-04-15,17.895637077519723,15.149982655699612,1.349646844662667
2011-04-18,17.831516798493094,15.134960413533143,1.3345190210015656
2011-04-19,18.10664610408342,15.303878350383917,1.3421854815504104
2011-04-20,18.41188406457475,15.524479721863699,1.3604817034719592
2011-04-21,18.65763490291297,15.682221771573952,1.367432261724733
2011-04-25,18.678685651110854,15.707704070342524,1.3660012734407965
2011-04-26,18.242285686072726,15.431143863618049,1.3777559075204395
2011-04-27,19.20827464621579,16.05407514259404,1.3867506035578754
2011-04-28,19.186258003620402,16.074874696977986,1.391248665846273
2011-04-29,19.193891678398064,16.146149669422545,1.3945192046709118
2011-05-02,19.28125268675258,16.20976692732559,1.392372722245007
2011-05-03,19.030319643430637,16.02437448708047,1.3873643652897552
2011-05-04,18.934169483031816,15.9099748276412,1.3781648779313083
2011-05-05,18.975198455413196,15.862274600752793,1.3656945456326457
2011-05-06,19.068495649554272,15.938406844377933,1.371725124538017
2011-05-09,19.399788693796157,16.162235102884168,1.377040311339946
2011-05-10,19.61498630036692,16.333476086294084,1.3887951494966404
2011-05-11,19.619889442247853,16.310495246094003,1.374178028656496
2011-05-12,19.767861116529474,16.418835923419792,1.3807201266910298
2011-05-13,19.60684171009809,16.287305379610114,1.3700899571642233
2011-05-16,19.264164057605413,16.06473919179461,1.361401886896413
2011-05-17,19.116630693238076,15.938095208373234,1.3611969935368762
2011-05-18,19.480521332539965,16.204273883582132,1.3733611082200161
2011-05-19,19.28762470636466,16.051001185501264,1.376630932774975
2011-05-20,19.29625864843031,16.080698603446905,1.3656945456326457
2011-05-23,19.379421345664987,16.167467738177628,1.3498510237525247
2011-05-24,19.482704776467745,16.250010972545596,1.348726967353791
2011-05-25,19.866892656772627,16.493143531684968,1.3532239072184062
2011-05-26,20.027226182051795,16.583183785747263,1.3594592774447887
2011-05-27,20.17031783889927,16.69931855644891,1.3646722216440004
2011-05-31,20.310497240339927,16.789677428679354,1.3788803720732765
2011-06-01,20.15729490750571,16.70227294826311,1.3479090265320541
2011-06-02,20.37824978626242,16.81051742050303,1.3464781402866435
2011-06-03,20.108902243936804,16.662726695788923,1.3330879306791041
2011-06-06,19.620008862779546,16.383067628287694,1.3189823289681222
2011-06-07,19.6848646058302,16.425807085005022,1.3181642861078597
2011-06-08,19.562856122370867,16.330774138274545,1.312644818177548
2011-06-09,19.995508776141584,16.4936972511407,1.3226618382036293
2011-06-10,19.689246954120932,16.1569835118383,1.3042631696023121
2011-06-13,19.436679734993472,16.028973299732666,1.3052853915524316
2011-06-14,19.633578497928184,16.27755770224076,1.3218444075745208
2011-06-15,18.9804907278131,15.842916798352212,1.2983348332996576
2011-06-16,18.433894701304627,15.555627593165669,1.3011969119060562
2011-06-17,18.15411075457993,15.421193439382982,1.305079783923215
2011-06-20,18.321131323779994,15.507064312453318,1.3117565728116276
2011-06-21,18.94336118587615,15.99422715788599,1.329733312109317
2011-06-22,18.653282541539003,15.858999902999635,1.3217208389199395
2011-06-23,18.732146078012118,15.95908566282644,1.317920311992993
2011-06-24,18.58639515356046,15.783902854548046,1.3026148392587074
2011-06-27,18.712177375810192,15.908050060420813,1.3142222317458148
2011-06-28,19.06200983683162,16.182699642717377,1.331376540526638
2011-06-29,19.599007316492226,16.493046572850194,1.3427789376156827
2011-06-30,19.027087130535154,16.267300352229974,1.3556191595698837
2011-07-01,19.28561433015715,16.523149888154897,1.3756495262351218
2011-07-04,19.28561433015715,,
2011-07-05,19.726202101441253,16.747934651753376,1.3745195516018993
2011-07-06,19.5502544223279,16.78548632380502,1.3761631881733234
2011-07-07,19.75824206901567,16.990151287342723,1.3904415411082576
2011-07-08,20.072082595019246,17.0773391945475,1.3805802318723426
2011-07-11,19.606092699203987,16.72431167160617,1.355619159569884
2011-07-12,19.580140254126775,16.669097394669397,1.3497634746975038
2011-07-13,19.964448773488026,16.977245978333315,1.354283577307445
2011-07-14,19.70990866819951,16.792428449313945,1.3449355218556287
2011-07-15,19.69530384231296,16.82918245901591,1.3527427955698923
2011-07-18,19.519625833497425,16.676053443862422,1.3416485548283579
2011-07-19,19.97600856554633,17.0980723487271,1.3634259230915193
2011-07-20,19.830436699902172,16.903286804202306,1.3626041048058075
2011-07-21,19.74845138039349,16.64767619030804,1.3815051090689772
2011-07-22,20.11463509470566,16.859700805770654,1.3824290679188806
2011-07-25,20.00164252549064,16.759170131251633,1.3747251592311165
2011-07-26,20.027836183305748,16.880246380037775,1.3695888459646797
2011-07-27,19.608739379266712,16.454007173575942,1.3415461081485898
2011-07-28,19.425763185202197,16.305160740839764,1.337642420272195
2011-07-29,19.27399696590574,16.211964585248086,1.3285001765266464
2011-08-01,19.421104213749114,16.230223022868778,1.3228508135531623
2011-08-02,19.205555192488315,15.968197826880433,1.2890554497756144
2011-08-03,19.34444530566424,16.154650600233676,1.2960401909344863
2011-08-04,18.43074215944445,15.357500406319016,1.2353316558199685
2011-08-05,18.346456635422,15.282565394103898,1.2334830238504821
2011-08-08,17.131950977927616,14.203127436789003,1.1531541128668514
2011-08-09,17.974436540714823,14.94836323284103,1.2067744397574722
2011-08-10,17.30385835234088,14.353329126283029,1.1534623712528878
2011-08-11,18.096689120785587,15.055017478374513,1.2052342702510734
2011-08-12,18.206155293951888,15.152183887500966,1.2133493941972704
2011-08-15,18.58801473725896,15.491273591928046,1.2390297360671467
2011-08-16,18.41419544344417,15.336710364970083,1.2284497694949676
2011-08-17,18.385820573242086,15.311494873901383,1.2292707714724742
2011-08-18,17.543697485789625,14.563214716367657,1.1762665531998233
2011-08-19,17.301187171214494,14.34842157142624,1.1570580048202972
2011-08-22,17.32458044626733,14.369121713684017,1.1579819636702007
2011-08-23,17.90947431893459,14.886726934788866,1.1960921285440502
2011-08-24,18.147375924096306,15.097719831787174,1.2129383830158884
2011-08-25,17.848146514817422,14.832102823647928,1.1944483899341005
2011-08-26,18.177109096404088,15.123785197317797,1.2118085104211915
2011-08-29,18.732053592588024,15.617576531425586,1.2466307899210394
2011-08-30,18.791053856495125,15.670061662317604,1.2499176549097846
2011-08-31,18.894304249338,15.761929894658133,1.2554652854731803
2011-09-01,18.659474174594315,15.552910645810572,1.2423170092099942
2011-09-02,18.180156996240576,15.126636150363456,1.210575987069675
2011-09-05,18.1801850628502,15.137425037775786,
2011-09-06,18.054850526026183,15.026078031382736,1.2017412874404831
2011-09-07,18.610588366164418,15.519565115600635,1.2356397101289531
2011-09-08,18.399055258127316,15.331351137644475,1.2227995902132778
2011-09-09,17.943715418902997,14.926519322408023,1.1907505137639738
2011-09-12,18.035838946762254,15.008284957561969,1.1984546265287892
2011-09-13,18.259855179601438,15.207181982563878,1.2094462165135038
2011-09-14,18.514791411993894,15.433717893358798,1.22618941207442
2011-09-15,18.76737050277874,15.658366230789534,1.2473501615269833
2011-09-16,18.836311597661982,15.71973893705421,1.2547323427433232
2011-09-19,18.609977225066892,15.518202277404358,1.2422387456608088
2011-09-20,18.52329265536362,15.441077940374262,1.2407932679062277
2011-09-21,17.992283321428637,14.96878042482373,1.204241843550448
2011-09-22,17.443032613399833,14.481224047774758,1.1653153704712724
2011-09-23,17.568656134758502,14.59250179429442,1.1723369475379095
2011-09-26,17.90807229595551,14.89330177858319,1.2002149951735748
2011-09-27,18.1568645545395,15.114068237947617,1.2136379591478528
2011-09-28,17.722073419528257,14.727901125586685,1.1888574950358228
2011-09-29,17.85293162484639,14.843934084578645,1.1982538147102793
2011-09-30,17.410844917663745,14.451740025002168,1.1683099971225108
2011-10-03,16.839997210242498,13.946177780107668,1.1350622741122112
2011-10-04,17.312740979622827,14.363905287736067,1.1599464093663177
2011-10-05,17.631539004732865,14.646117889704115,1.1814231721328678
2011-10-06,18.008965432228695,14.980635271372822,1.2027965698729186
2011-10-07,17.806829143906654,14.801228086310985,1.1947424649650695
2011-10-10,18.389090719863614,15.317624681561036,1.2347017720010338
2011-10-11,18.374447658085586,15.304610491571003,1.2359407237796673
2011-10-12,18.585523281557784,15.492196372942278,1.2467826232472303
2011-10-13,18.545699647994095,15.456777628460785,1.2443040054202836
2011-10-14,18.826442391632273,15.70585628972115,1.265574548326463
2011-10-17,18.423884840476028,15.348358317172874,1.241413458065224
2011-10-18,18.837649151883358,15.715290659926232,1.2656779133529623
2011-10-19,18.598961052077478,15.503318547907464,1.2507055964049756
2011-10-20,18.68898669393349,15.583201564778529,1.256178228652007
2011-10-21,19.104208989353857,15.951757869087292,1.2800298360649016
2011-10-24,19.464554036432254,16.27205296679409,1.2957244837360762
2011-10-25,19.068646153509174,15.919727296722321,1.2705303554409972
2011-10-26,19.249132987949096,16.080130685106816,1.2834370044754067
2011-10-27,19.976356783873307,16.726824531328617,1.3281456946884835
2011-10-28,19.98311867360079,16.732851758283434,1.3278361098016136
2011-10-31,19.56411990440349,16.35936802674121,1.295827440608473
2011-11-01,19.028361950774467,15.882468293102034,1.2596887620890114
2011-11-02,19.361802495227803,16.178737998503344,1.2802361579637977
2011-11-03,19.760207251865157,16.533123231884986,1.303571144321247
2011-11-04,19.692558032368037,16.472870263998864,1.295620812594
2011-11-07,19.750792588509086,16.52472640084645,1.3036745093477462
2011-11-08,19.970310473008794,16.720237719143075,1.3204018889371838
2011-11-09,19.253164834000952,16.081066459372835,1.2716661462701826
2011-11-10,19.395426574344157,16.207555553146246,1.2836437345284053
2011-11-11,19.789468976918556,16.558076024961235,1.3078048247896443
2011-11-14,19.60974598330553,16.39799803528951,1.2954144906951037
2011-11-15,19.72519602460378,16.50076776176982,1.3018159796412703
2011-11-16,19.42962369325547,16.23755990596383,1.2811651167014588
2011-11-17,19.090759089643427,15.93609634169795,1.2608247569952482
2011-11-18,19.09584377770719,15.940604257366344,1.2594823381515896
2011-11-21,18.760054124081055,15.642899375703193,1.2355275697892467
2011-11-22,18.682675037820932,15.574372729035046,1.2306747195471093
2011-11-23,18.27069827101309,15.209621345574988,1.2035193087502087
2011-11-24,18.271174431469003,15.392750950069455,
2011-11-25,18.22794211345494,15.354068763120555,1.2012476250533122
2011-11-28,18.76429638638068,15.83390197433765,1.236043986767641
2011-11-29,18.797588289691863,15.863738414887022,1.2395545202046454
2011-11-30,19.59931551485411,16.582331041934346,1.2905615384144404
2011-12-01,19.562098265958713,16.548888316594194,1.2903554205925956
2011-12-02,19.571792278273975,16.557598146517005,1.289219323647833
2011-12-05,19.77552148287553,16.740649417409827,1.3032619675884791
2011-12-06,19.751311852120367,16.718883085816636,1.3036745093477455
2011-12-07,19.777950251200494,16.74283124599363,1.3085277677439857
2011-12-08,19.34624883523139,16.354695348180748,1.279823208050428
2011-12-09,19.689215233505458,16.662623914789894,1.3015065988314511
2011-12-12,19.425389764541613,16.425495049547113,1.282508147776271
2011-12-13,19.202402422638333,16.225240839467613,1.270530355440997
2011-12-14,18.95667480558605,16.004723739326476,1.2570041284787452
2011-12-15,19.052768876674346,16.090889620495837,1.261547904026641
2011-12-16,19.160273114603303,16.187316976781908,1.263417453893889
2011-12-19,18.915539022445145,15.967723028994854,1.2499096959047826
2011-12-20,19.48532756130028,16.478569852416605,1.2877321121362548
2011-12-21,19.506658893931753,16.497729279256916,1.2902260357420514
2011-12-22,19.665836932896834,16.64070989125965,1.3016559832330261
2011-12-23,19.80557886807447,16.76629521439144,1.313293477085205
2011-12-27,19.839158602650834,16.796555921605414,1.3143327394691104
2011-12-28,19.565599608001637,16.550575405478188,1.2970833307823668
2011-12-29,19.773810175542213,16.73763303307023,1.310488540053179
2011-12-30,19.70717335183147,16.677726982646,1.3040457255041178
2012-01-03,19.93019022401715,16.878175552670807,1.324827299795307
2012-01-04,19.894128075740916,16.845740219057458,1.3269054164090157
2012-01-05,19.99291914779067,16.9345857539617,1.3304381942446153
2012-01-06,19.979617748235793,16.922619769742685,1.3270093936666691
2012-01-09,20.036741947648228,16.974006770044102,1.3302305458448855
2012-01-10,20.28723215392744,17.199379172927465,1.3417646746705651
2012-01-11,20.346150860795763,17.252430456613805,1.3424916991659335
2012-01-12,20.40849254950003,17.308573933703332,1.3457127493056242
2012-01-13,20.299361386290634,17.21027430822445,1.3387509668150273
2012-01-16,20.299542447908635,17.281195134972787,
2012-01-17,20.38163746006398,17.355421298702062,1.3439460542722474
2012-01-18,20.64297792629375,17.59177122346981,1.358805516610848
2012-01-19,20.77889322701361,17.71478628531488,1.3659753556552774
2012-01-20,20.773598712203565,17.70999234754774,1.3710664658548444
2012-01-23,20.78486605575727,17.720194243519966,1.3675334839421933
2012-01-24,20.835917627720765,17.766419899827756,1.3659753556552774
2012-01-25,21.0113277671257,17.925272637067255,1.3774052011077265
2012-01-26,20.96813412861016,17.886135885070157,1.3703392372824246
2012-01-27,20.989637345375318,17.905616958858037,1.3697161900447095
2012-01-30,20.892063420909246,17.817213176606447,1.3650398664519738
2012-01-31,20.90841412542406,17.83202292326745,1.3645201842407582
2012-02-01,21.18635620934958,18.08378281801408,1.3764694057888458
2012-02-02,21.215735444823512,18.110416194082795,1.378651703737259
2012-02-03,21.521923989696678,18.388011422747248,1.397978412729506
2012-02-06,21.471598428825505,18.342345208068497,1.3970431276032538
2012-02-07,21.504467982903307,18.372167225342487,1.4005762115544302
2012-02-08,21.550812478231215,18.414218829045964,1.4047325468203733
2012-02-09,21.59552911073463,18.45479877469297,1.40649924185375
2012-02-10,21.427524588214197,18.302316572241033,1.3961087608237324
2012-02-13,21.57139257479653,18.43282872257394,1.40649924185375
2012-02-14,21.533122020870888,18.398096604248234,1.4047325468203733
2012-02-15,21.445538822875985,18.318619980233656,1.3981864692833383
2012-02-16,21.694834335809084,18.544783717032153,1.4136689788596541
2012-02-17,21.708342713774968,18.55704741247851,1.4174093030564578
2012-02-20,21.708937495271044,18.79194666381863,
2012-02-21,21.63850041926095,18.727189586319195,1.4180330645638526
2012-02-22,21.577487816950747,18.67110833253039,1.4134610243443473
2012-02-23,21.702603539219684,18.786091382603676,1.419695782339576
2012-02-24,21.711720678984772,18.794473156183614,1.4228124470675105
2012-02-27,21.723952310560648,18.805718507375303,1.4252030056468077
2012-02-28,21.75548488413177,18.834709509426173,1.4293584225660199
2012-02-29,21.6515943944522,18.739184152070102,1.42374803830934
2012-03-01,21.77810706528664,18.85547553610034,1.4311254237149735
2012-03-02,21.662291374188367,18.74897850938205,1.426760725779621
2012-03-05,21.581426809119623,18.674645076185865,1.4209423870076343
2012-03-06,21.226237316865895,18.348218860098466,1.4001607106779193
2012-03-07,21.385127183091896,18.494090146977186,1.4099282465087477
2012-03-08,21.616952364827757,18.707018973307136,1.423955278554967
2012-03-09,21.758171677806338,18.836813665883767,1.429463012054827
2012-03-12,21.734712230988773,18.815243398516408,1.4295665811583778
2012-03-13,22.099964207899493,19.151059287054053,1.455335492468532
2012-03-14,21.99681030570308,19.056121389348114,1.4537774662201417
2012-03-15,22.164666897174815,19.210563568087714,1.4621939099326298
2012-03-16,22.169657776279344,19.215157755053724,1.464218762435941
2012-03-19,22.219633987818558,19.261162329213583,1.4699587356202166
2012-03-20,22.107512595034784,19.157936877215423,1.4656796480078977
2012-03-21,22.116121656672423,19.165860383243903,1.463279497807188
2012-03-22,21.978003654679902,19.03873790356235,1.452738611990339
2012-03-23,22.057085520409604,19.111495700319814,1.4574350371726306
2012-03-26,22.367387949858244,19.397047199381344,1.477890292258741
2012-03-27,22.314685816081468,19.348507031971835,1.4732983545267309
2012-03-28,22.198447067994458,19.241463525841937,1.4659929062816917
2012-03-29,22.162551070053247,19.208417878912748,1.4634880645536488
2012-03-30,22.231711204872944,19.27207989612269,1.4695411939731924
2012-04-02,22.373280641274803,19.402419956229547,1.4802901363438739
2012-04-03,22.299958928317754,19.334887654646415,1.4742371089628559
2012-04-04,22.057947825548418,19.11203100407726,1.4596263145113029
2012-04-05,22.024272847309827,19.081042416756034,1.458895718667536
2012-04-09,21.75878811220234,18.83619680807556,1.4425105762931811
2012-04-10,21.370020881165647,18.47875867226207,1.4182984667691094
2012-04-11,21.579211155543653,18.6708740174055,1.4297787192532372
2012-04-12,21.889554115948886,18.956057061918333,1.448459830493597
2012-04-13,21.67008777370593,18.754668637612188,1.4312402170563476
2012-04-16,21.685241404886174,18.768565633342288,1.4303003401964403
2012-04-17,21.975110580818424,19.03440809170215,1.4514859870492658
2012-04-18,21.903268014372053,18.968468594439468,1.4465811991975646
2012-04-19,21.827744640287833,18.899164287779218,1.437292734244737
2012-04-20,21.881517640015833,18.948499100790084,1.4396928844454469
2012-04-23,21.661389654052385,18.746509913549893,1.427586829683411
2012-04-24,21.744244700529592,18.822491535969124,1.4330135445938927
2012-04-25,22.015245771347576,19.071067582748782,1.452634124540057
2012-04-26,22.179684642452756,19.22201004840363,1.46275797890251
2012-04-27,22.2816599894451,19.315657100554,1.465158027064694
2012-04-30,22.18997880864617,19.23144051517473,1.4597303938074815
2012-05-01,22.30380603388442,19.335974273251974,1.4688102920138484
2012-05-02,22.28410194406466,19.317873424277924,1.4644276352979788
2012-05-03,22.08260443724529,19.132780702088343,1.453260232933542
2012-05-04,21.758940839865872,18.83562973793325,1.429778719253237
2012-05-07,21.773192434718435,18.848732371017366,1.4308225733707975
2012-05-08,21.69932572768692,18.78097379632029,1.425082600186522
2012-05-09,21.590011203340218,18.68071898513552,1.4166291164892173
2012-05-10,21.63592071648382,18.72281092034186,1.419550989671656
2012-05-11,21.6222195186669,18.710247447853416,1.41527231021344
2012-05-14,21.385697944328765,18.493374438220677,1.399617763682852
2012-05-15,21.30512683486583,18.41954533984565,1.39158161755552
2012-05-16,21.189063224970507,18.313217658730586,1.386259083979743
2012-05-17,20.806338645779782,17.962712236459442,1.3656993414433511
2012-05-18,20.619488025123445,17.791779092451794,1.3540106242512882
2012-05-21,20.97511693634227,18.11619272706179,1.3772837752621836
2012-05-22,20.99243734146531,18.132008161495214,1.3796842315784705
2012-05-23,21.06160132371963,18.19516546354686,1.38041523557634
2012-05-24,21.095207220962894,18.225858556547642,1.383128133858215
2012-05-25,21.093993821321458,18.22475022779357,1.3786403774609097
2012-05-29,21.327576404426416,18.438105690015302,1.3953387781090585
2012-05-30,20.98238270482721,18.1226065406306,1.3750924979235117
2012-05-31,20.953475497591302,18.096210880236935,1.3720658311752143
2012-06-01,20.411562719207726,17.601420200347018,1.3375213005422286
2012-06-04,20.379456701633508,17.572083357081812,1.336895396225795
2012-06-05,20.5632573697499,17.740015266049618,1.3470186383570941
2012-06-06,21.0361261183426,18.171299149620705,1.3772837752621838
2012-06-07,20.995081180170054,18.133815630586835,1.378118654479181
2012-06-08,21.149010179978113,18.274372677360223,1.3890771839815799
2012-06-11,20.84894049613958,18.000256232606645,1.3714394166661523
2012-06-12,21.07944299460967,18.210649032498694,1.3871982465699708
2012-06-13,20.902158970424644,18.048730546845665,1.3783276293797446
2012-06-14,21.08153384270135,18.21247917049556,1.3929380156771949
2012-06-15,21.30771431356139,18.41905642661647,1.407184940746224
2012-06-18,21.412784432743013,18.51507832249549,1.409911920344641
2012-06-19,21.64176922812302,18.72440259635829,1.4235498794924968
2012-06-20,21.597811829344753,18.684195035130305,1.4212411558107836
2012-06-21,21.122760702699964,18.249719296756425,1.3893507492688897
2012-06-22,21.245871849942603,18.362170323942834,1.4000507131472515
2012-06-25,20.940695741007758,18.0833268248575,1.3776012171155299
2012-06-26,21.035071848531974,18.169487645060357,1.3845252453516306
2012-06-27,21.188399972687662,18.30950473340764,1.3970083324660014
2012-06-28,21.17651090471964,18.298643309027938,1.3930226056149715
2012-06-29,21.720272261313582,18.79538814890683,1.4277456016293466
2012-07-02,21.797273207265444,18.865671095297998,1.4320465254861579
2012-07-03,21.979250061568642,19.031803407469944,1.4414879461889585
2012-07-04,21.978803194311457,18.85303631254867,
2012-07-05,21.94052195979076,18.818400046760758,1.4349837044474467
2012-07-06,21.697328293650457,18.598383235374957,1.4213458473381166
2012-07-09,21.649555783569827,18.55519008730815,1.419563234294736
2012-07-10,21.4522504827991,18.376819584626936,1.4071849407462238
2012-07-11,21.42999367628243,18.356708837378946,1.4073939156467872
2012-07-12,21.364561916254768,18.29758954270672,1.4005751911691735
2012-07-13,21.68247998939542,18.58478857471008,1.424073949360316
2012-07-16,21.595681840937573,18.50631435669698,1.42071647371181
2012-07-17,21.71134980130614,18.61086674478046,1.4304729893818664
2012-07-18,21.8853110845753,18.768156429814066,1.4410686698869979
2012-07-19,21.95588239648398,18.831992324033372,1.4448450136833615
2012-07-20,21.718935029129348,18.617621772449848,1.4316269430686204
2012-07-23,21.503430407010608,18.423211270499635,1.4171502272397922
2012-07-24,21.311915557364753,18.250533078059036,1.4049812147074205
2012-07-25,21.333477699385863,18.26996529834649,1.4052966157902533
2012-07-26,21.66751373748487,18.57102099093489,1.4284799728985633
2012-07-27,22.092240837218803,18.954122733730852,1.4548108103695587
2012-07-30,22.04496237630948,18.9114348421395,1.4548108103695587
2012-07-31,21.90448920352639,18.78461536282099,1.4446354265516443
2012-08-01,21.777021154550162,18.669575601903798,1.443376271144929
2012-08-02,21.659496982894506,18.56354270501123,1.4334103724202065
2012-08-03,22.077723451599578,18.94076857196529,1.4618394280944669
2012-08-06,22.133480927433204,18.991109807324538,1.4646718134898968
2012-08-07,22.310569339113943,19.151017082242777,1.4720155261820609
2012-08-08,22.33348680567262,19.171719699454712,1.4737983433024928
2012-08-09,22.354091794438997,19.190334328062562,1.4750573966706826
2012-08-10,22.388445162121346,19.221370795486507,1.4774703016871007
2012-08-13,22.343961843138814,19.181179217128758,1.4767356243023073
2012-08-14,22.319226508739956,19.158832673310897,1.4769453134725503
2012-08-15,22.413525846615595,19.24402019885908,1.4786240512968032
2012-08-16,22.596609280972867,19.409449383649456,1.4895340104609853
2012-08-17,22.658156707473317,19.465085562263443,1.491527333059866
2012-08-20,22.613713761535976,19.424905367730403,1.4916322286642503
2012-08-21,22.596542435934555,19.409382630717083,1.4871211054445674
2012-08-22,22.584147159653522,19.39817784909361,1.4877507851864507
2012-08-23,22.439049700573545,19.267019934051643,1.475582384885233
2012-08-24,22.527684044868145,19.347112015018276,1.4844987153349576
2012-08-27,22.500273804039725,19.322281809395232,1.484813606225162
2012-08-28,22.501848665731828,19.323705089842754,1.4833446596096778
2012-08-29,22.531230900617103,19.350259366938282,1.4844987153349576
2012-08-30,22.36203057296731,19.19733364924825,1.473798343302493
2012-08-31,22.476732365265413,19.30096170152359,1.480827369181504
2012-09-03,22.47823818718272,19.898356399983957,
2012-09-04,22.495335862947492,19.914284701522693,1.4794633181704042
2012-09-05,22.453421472364514,19.875235438544486,1.47820508111042
2012-09-06,22.89782354994881,20.289219183862585,1.5082074688119205
2012-09-07,22.9972089583043,20.381896022586425,1.5140813165418694
2012-09-10,22.879383148330007,20.271998642373315,1.5054788565970927
2012-09-11,22.943111734170664,20.331422931342438,1.509675395042148
2012-09-12,23.004736183689086,20.388893561952024,1.5147114044378553
2012-09-13,23.29517072968647,20.659789273214116,1.537790376134409
2012-09-14,23.43022207919643,20.78583739342599,1.5446092026505482
2012-09-17,23.28789745725565,20.65296076048474,1.5393636061231235
2012-09-18,23.215596802915726,20.58548128116053,1.5381045527549337
2012-09-19,23.278019980680302,20.643732430843805,1.5389440237055858
2012-09-20,23.207367673261686,20.577792879165976,1.5390490213484957
2012-09-21,23.227034409331687,20.596144847604197,1.538404852135968
2012-09-24,23.16951652358874,20.542469787031454,1.5360857205246368
2012-09-25,22.910053422025243,20.30037315598057,1.5197386385203553
2012-09-26,22.795683297632387,20.193721410406543,1.5111957690745674
2012-09-27,23.01204080140622,20.395424784563218,1.5254334086377608
2012-09-28,22.942016087224225,20.330110763828188,1.5183676488895101
2012-10-01,22.959353320296266,20.346279102879347,1.5223752119850325
2012-10-02,23.001726041777367,20.385796575401862,1.523956707094326
2012-10-03,23.06019408375314,20.44033006197987,1.5301793225050004
2012-10-04,23.223491673470992,20.592658916411047,1.5411469334361834
2012-10-05,23.219864061153174,20.58927372498282,1.5412531555414015
2012-10-08,23.157228946785768,20.530824778904154,1.5359791923038415
2012-10-09,22.911364079482066,20.301424607851843,1.5207929005675336
2012-10-10,22.795671268567194,20.193540022609852,1.51109046531608
2012-10-11,22.84973116542791,20.24393795761368,1.511933915769233
2012-10-12,22.76855203806393,20.168248440122458,1.5069772923464935
2012-10-15,22.93662123426809,20.324212409253942,1.5195272146951753
2012-10-16,23.16648061538439,20.5375905375853,1.5349249302566628
2012-10-17,23.27816622930997,20.641317115669683,1.541886100516106
2012-10-18,23.25761984932696,20.62223056970113,1.5378780272279553
2012-10-19,22.915650847751305,20.304572057770613,1.5122501331602711
2012-10-22,22.905114565183627,20.29479175184858,1.5124610467928223
2012-10-23,22.696529820950012,20.10117717191894,1.4914739669109423
2012-10-24,22.642034072021353,20.050614729773848,1.4872557962984458
2012-10-25,22.747733512762547,20.14867392577584,1.491579168630904
2012-10-26,22.73470975497715,20.136588887412202,1.4907358202162766
2012-10-29,22.734018876524573,19.853879575943726,
2012-10-30,22.734194051014484,19.924557210188436,
2012-10-31,22.829148500188325,20.01173940956821,1.4907358202162766
2012-11-01,23.15837952118033,20.314081951931048,1.506344449410315
2012-11-02,22.938609367238367,20.112123919128496,1.4929506684543774
2012-11-05,23.032121087697515,20.19801741600931,1.4960085589915286
2012-11-06,23.238249273830796,20.38738933274857,1.507715234964109
2012-11-07,22.83149232907888,20.013540031492727,1.4735455938744193
2012-11-08,22.592841418184552,19.79438265264978,1.4558271140851902
2012-11-09,22.599136152439034,19.800160311487478,1.457092799957548
2012-11-12,22.589316865692123,19.791147501884236,1.458252569840265
2012-11-13,22.529278172234825,19.736041043940148,1.4531901324664103
2012-11-14,22.21735352693456,19.449777635278295,1.4335739401768495
2012-11-15,22.199853261517664,19.433727808986525,1.4311487905373517
2012-11-16,22.330163932544465,19.55323371784096,1.4382146523241277
2012-11-19,22.70322439921887,19.895456797566005,1.4673224682711166
2012-11-20,22.742830421602147,19.931817393112272,1.4679555152843466
2012-11-21,22.80948868688021,19.993018570898343,1.4706975965845626
2012-11-22,22.809871527955455,20.148051275070408,
2012-11-23,23.062816517008553,20.382117997882762,1.4907358202162768
2012-11-26,23.044977762424555,20.365601997491357,1.4875717075739077
2012-11-27,22.980963239078395,20.306336373554764,1.4799777964168113
2012-11-28,23.135758180840007,20.44962888653807,1.4918959982530966
2012-11-29,23.265336019622087,20.56961633354053,1.498856760358437
2012-11-30,23.28086005608424,20.583995208335434,1.499172773672424
2012-12-03,23.188875811556873,20.498793660657554,1.4917903883790327
2012-12-04,23.18659380093146,20.49668031927397,1.4896812520535216
2012-12-05,23.23905152593415,20.545260531976137,1.492317519402622
2012-12-06,23.315364825479055,20.615940585800956,1.4973801608535282
2012-12-07,23.36689923407204,20.663678300107666,1.501914752934114
2012-12-10,23.40866133728993,20.70236772683841,1.5025480040243955
2012-12-11,23.523777864001396,20.809023533234427,1.5127777743764896
2012-12-12,23.524364168473497,20.809566872666633,1.5135158190326299
2012-12-13,23.412678325244247,20.706065368663985,1.5042355171618556
2012-12-14,23.357731332768743,20.65515645909495,1.4986452344947319
2012-12-17,23.604888854255307,20.88412459465893,1.5162583084869485
2012-12-18,23.871755791737503,21.131474912947535,1.5331322153992422
2012-12-19,23.7775405795141,21.0441033983396,1.5217417568177
2012-12-20,23.894280284690716,21.152342822651413,1.530495641934565
2012-12-21,23.719830156777096,20.990557469526813,1.51660340278075
2012-12-24,23.682025383094363,20.955509535199436,1.5119305484978869
2012-12-26,23.532636311301133,20.816710160096786,1.5055571201462785
2012-12-27,23.5335069831661,20.81751702236972,1.5035393083012383
2012-12-28,23.33598490299323,20.63447057082634,1.4872888567807623
2012-12-31,23.70537019026259,20.97664706688126,1.5125669627824643
2013-01-02,24.22845509616453,21.461561268899644,1.5513350720698067
2013-01-03,24.205975631206428,21.44074795346154,1.5478296405590857
2013-01-04,24.347500139121692,21.571777337514607,1.554627447138938
2013-01-07,24.277906304496263,21.507327470597694,1.5503784608916906
2013-01-08,24.190391908331492,21.426292137155347,1.545917642665161
2013-01-09,24.310866743614433,21.537829446847915,1.5498474524041261
2013-01-10,24.454231434477666,21.67058827171385,1.5621685023397398
2013-01-11,24.461885012820844,21.677677531985143,1.5620617700418935
2013-01-14,24.49608852828408,21.70935958256111,1.5610002632593927
2013-01-15,24.574037346876384,21.781566617664105,1.5620617700418935
2013-01-16,24.529397799354044,21.740209326177098,1.561850040101137
2013-01-17,24.72210874938521,21.918735926030614,1.5719399156345433
2013-01-18,24.805532825644537,21.99604689287564,1.5754449389911618
2013-01-21,24.80586243261119,22.131078188502528,
2013-01-22,24.953722349558006,22.268652373568464,1.5839414829462974
2013-01-23,24.958054429971533,22.2726841213539,1.5864907114330051
2013-01-24,25.087621134330153,22.393269178038068,1.5869153957768258
2013-01-25,25.257107251079013,22.55104134725575,1.5958377464995646
2013-01-28,25.21271895845512,22.509709036823665,1.5939257486056397
2013-01-29,25.272247312309375,22.56513488156615,1.6001923426208762
2013-01-30,25.181026079662566,22.480191752191384,1.5939257486056397
2013-01-31,25.176701618729147,22.476165538549733,1.5899961429437262
2013-02-01,25.39708147763652,22.681344836349403,1.60635281656942
2013-02-04,25.142848933790205,22.445093030050952,1.588296385183186
2013-02-05,25.34745826395901,22.63515330922694,1.6043346986088027
2013-02-06,25.412228436379642,22.69533759102766,1.6055032438047268
2013-02-07,25.350284670744966,22.637773651920778,1.6033786996618402
2013-02-08,25.48996481856423,22.767564647581626,1.6122997238837455
2013-02-11,25.466198598079377,22.745476135113957,1.6119815677607199
2013-02-12,25.54338289970587,22.817209118770858,1.6146372224296968
2013-02-13,25.588202265524714,22.858868116940993,1.6160172934893262
2013-02-14,25.61873569100616,22.8872505408402,1.6175044029623786
2013-02-15,25.62925970752866,22.897033640042064,1.6155923030299282
2013-02-18,25.629278823950763,22.90492390790918,
2013-02-19,25.78052988037312,23.04557719612742,1.6277003985624774
2013-02-20,25.43550577923278,22.72465172380433,1.6074151396601262
2013-02-21,25.23170873306834,22.535193374731396,1.5976432161726943
2013-02-22,25.471833340488015,22.758350264449124,1.613256335061862
2013-02-25,25.05824808895625,22.373842936061315,1.5825610037325655
2013-02-26,25.19854862373814,22.504192088682135,1.5933944340024984
2013-02-27,25.536660231803975,22.81839267106196,1.6134687792722986
2013-02-28,25.558720996026338,22.83890431692566,1.6102820140772316
2013-03-01,25.62688972534946,22.90228842042597,1.6155923030299286
2013-03-04,25.738033219135577,23.005642120655004,1.6241962935525902
2013-03-05,26.000988026504945,23.250209833975426,1.6387465791584235
2013-03-06,26.02917575206662,23.27643728383468,1.6409779576376822
2013-03-07,26.044947579676844,23.29111292616018,1.6439512582370563
2013-03-08,26.186496361189732,23.422826912529967,1.6509615090273446
2013-03-11,26.24855392142497,23.480585374021643,1.6572283071196323
2013-03-12,26.192347084177516,23.42826730685444,1.6535109415911033
2013-03-13,26.270737253676014,23.50122756507003,1.655847623828849
2013-03-14,26.4006444031042,23.62215096389609,1.6646627320611131
2013-03-15,26.317714332253555,23.54494053676468,1.6624651283338499
2013-03-18,26.181676468167893,23.418301313137764,1.653290640414191
2013-03-19,26.12107707368723,23.36190051786227,1.649450216423709
2013-03-20,26.341837934792505,23.567346747028257,1.6609710802410518
2013-03-21,26.130348381017416,23.3704617857801,1.6467826232472291
2013-03-22,26.2659021951775,23.496613408531672,1.6600116119842165
2013-03-25,26.19278581654734,23.42855424184874,1.653077073779972
2013-03-26,26.391396715049193,23.613406976330875,1.666306266594011
2013-03-27,26.42682473419395,23.646390887587124,1.666306266594011
2013-03-28,26.59241969588355,23.80057016447588,1.671426967966021
2013-04-01,26.411552116509576,23.631748382424618,1.6648126266553158
2013-04-02,26.43343847139289,23.65212510685962,1.6730272381640368
2013-04-03,26.121474325025886,23.361669210690994,1.6560634353106314
2013-04-04,26.273171798405453,23.502839575732565,1.6627854272659142
2013-04-05,26.16797072134641,23.40491605443008,1.6553181459191688
2013-04-08,26.359237351672697,23.582922305894424,1.666519527112652
2013-04-09,26.458765288530056,23.67557729012617,1.672280112079112
2013-04-10,26.76595645885936,23.961598828088405,1.692763223682729
2013-04-11,26.874806071742412,24.06299438384147,1.6983105481305476
2013-04-12,26.786177121794633,23.9804212171817,1.6941502333621037
2013-04-15,26.081596481213296,23.324070774439583,1.654890094304001
2013-04-16,26.48402899912736,23.69854527520666,1.6793224029664597
2013-04-17,26.120473305572116,23.36003832583138,1.6547837701602575
2013-04-18,25.947329582128486,23.198915055936197,1.644435635118391
2013-04-19,26.191796596933866,23.42634847552291,1.658731130525637
2013-04-22,26.295031451543494,23.522426632989752,1.6660920877286385
2013-04-23,26.596579544323145,23.80311474508305,1.683268640908057
2013-04-24,26.66408482229306,23.865979139719236,1.6843353516553667
2013-04-25,26.86322338211505,24.051446265592407,1.6911640759084958
2013-04-26,26.76150288360531,23.95668070012144,1.688176898069631
2013-04-29,26.96525636741033,24.146473701607466,1.6994842972912811
2013-04-30,27.086982329951834,24.259894156693964,1.7035384919930328
2013-05-01,26.772251062449712,23.966583951635148,1.6886035211454395
2013-05-02,27.041309457011437,24.21721034225514,1.704285414000906
2013-05-03,27.34718696375079,24.50224846079457,1.7215682913240682
2013-05-06,27.408642075109057,24.559671944856166,1.725942070688205
2013-05-07,27.550800555158773,24.692218003660543,1.734691262032889
2013-05-08,27.69057885651158,24.822572088101737,1.7425851664554426
2013-05-09,27.602523188505632,24.74043655739979,1.7376781337561766
2013-05-10,27.752863989290077,24.88033645578653,1.7433322925403671
2013-05-13,27.734166587070547,24.86293395440203,1.7447187920271134
2013-05-14,28.037458000555684,25.145213452243578,1.7627485913581487
2013-05-15,28.170455924626356,25.269048483294707,1.7722438884025005
2013-05-16,28.034659808971753,25.142585237310065,1.7639218303262532
2013-05-17,28.30550447399226,25.394768866689375,1.780991651207825
2013-05-20,28.28728541413122,25.377798888182678,1.78088512298703
2013-05-21,28.312971904367927,25.401723748480013,1.7834454736730352
2013-05-22,27.9795711543006,25.09117751387491,1.7702167910516247
2013-05-23,27.935141872673412,25.049812683757665,1.765095681525512
2013-05-24,27.897507366850697,25.014776097584217,1.7636016334327143
2013-05-28,28.077267288988324,25.182118521321954,1.7741640493784787
2013-05-29,27.851803969699453,24.972178475215838,1.7626424712914561
2013-05-30,27.988936707954828,25.099830060609843,1.769150080304315
2013-05-31,27.648488600218492,24.782860709881774,1.7437592217317524
2013-06-03,27.720114489366615,24.84951560219727,1.7533608429198482
2013-06-04,27.54498718152336,24.686526433855022,1.7449322566228058
2013-06-05,27.201336143314716,24.366771660631304,1.7205021928079118
2013-06-06,27.45431459261364,24.602045287245296,1.736076741134378
2013-06-07,27.75723365657916,24.88386357926012,1.7581609392442161
2013-06-10,27.75566838021852,24.882406729987405,1.7581609392442161
2013-06-11,27.468445022440775,24.615079982511407,1.7400248157694371
2013-06-12,27.263815400191657,24.424701595244503,1.7256233023340244
2013-06-13,27.67019536604079,24.802671210022964,1.7518665907499986
2013-06-14,27.553975974790877,24.6945161627238,1.7408784700751567
2013-06-17,27.767452484155132,24.89314774563635,1.7543204132152086
2013-06-18,27.96314904553405,25.075289258124165,1.7681894896236974
2013-06-19,27.58584892514574,24.724029189052807,1.7437592217317524
2013-06-20,26.881800152336265,24.071845260570267,1.7005513141541675
2013-06-21,26.9536259324919,24.138321407525893,1.7060104773158107
2013-06-24,26.64802319539049,23.85545487879258,1.6844527979984076
2013-06-25,26.931304555437794,24.117559788220266,1.7006479446379728
2013-06-26,27.157470011319457,24.32689230614771,1.7174865462203863
2013-06-27,27.11985668609637,24.41497137032783,1.7275675444020597
2013-06-28,27.162540556370274,24.444862495889275,1.7204889277995754
2013-07-01,27.138875088554098,24.601797580132192,1.7305697219041973
2013-07-02,27.18460751159423,24.581749177730213,1.7289622069708592
2013-07-03,27.2129279546518,24.627443143608563,1.7297128023656565
2013-07-04,27.2129279546518,,
2013-07-05,27.430679940220397,24.740907868516388,1.7483740160935115
2013-07-08,27.660479088892366,24.991201112744044,1.7583482819773386
2013-07-09,28.30795235582795,25.425582848575132,1.771003712161559
2013-07-10,28.293843250241494,25.554693141612077,1.7716471671044074
2013-07-11,28.85962093141131,26.161119454980955,1.7957784621161519
2013-07-12,28.78172941915581,26.298747869110915,1.7965288534338977
2013-07-15,27.700822060933053,25.528479889673722,1.8033927809783814
2013-07-16,27.33772724780376,25.33605566666885,1.7966361979628982
2013-07-17,27.310455465746713,25.310315845733676,1.8012481352459389
2013-07-18,27.349265254788023,25.37481658692878,1.811114648446663
2013-07-19,27.54966729771939,25.607388481807806,1.814332535392058
2013-07-22,27.502472750202596,25.6566619255759,1.8178718436933003
2013-07-23,27.3918247471456,25.554223131890094,1.8140102977280057
2013-07-24,26.72497206085322,25.014879850293394,1.807361263318574
2013-07-25,25.68156902525782,24.502686745839746,1.8117581033895114
2013-07-26,25.700876340903953,24.516822320871455,1.8136882641410046
2013-07-29,25.572291881390107,24.41522857772699,1.808112266867474
2013-07-30,25.607608645925765,24.450001085519787,1.808112266867474
2013-07-31,25.65018737622665,24.491925453760718,1.809398768599068
2013-08-01,26.028166555998627,24.864115047864274,1.8303129929736226
2013-08-02,26.035747485950132,24.871583246743874,1.8334229231588635
2013-08-05,26.011588590745806,24.847783386178264,1.830740942550265
2013-08-06,25.86997106307737,24.70827454033706,1.8203381148586417
2013-08-07,25.754399662997717,24.594443472114484,1.8144396758440073
2013-08-08,25.915921822052,24.7535110402498,1.8210891184075415
2013-08-09,25.899226149736716,24.737065883376246,1.8158335221046014
2013-08-12,25.88584919170146,24.723889909530666,1.8136882641410048
2013-08-13,25.739322402529126,24.586899740134296,1.8190505927417915
2013-08-14,25.45073599701054,24.308732621368275,1.8097205981090179
2013-08-15,25.71112861379005,24.504596037837228,1.7844099418176285
2013-08-16,26.00843094862869,24.753837089012116,1.77851089057184
2013-08-19,25.61320290553779,24.455535899740248,1.7671429825044702
2013-08-20,26.08337383452987,24.867522770004598,1.7758303385026009
2013-08-21,25.9546131411998,24.740991613356368,1.7648897677807192
2013-08-22,26.50081169515043,25.294131582922713,1.7809775698912842
2013-08-23,26.539770550316792,25.38806141085737,1.7869839656660729
2013-08-26,26.591718916361838,25.463208688234268,1.7803343190254872
2013-08-27,26.103761249057087,25.153870136475284,1.751698839413805
2013-08-28,26.326027374081654,25.331190237443025,1.7579195160924919
2013-08-29,26.564705036031743,25.488642308715654,1.7607078208448341
2013-08-30,26.246885614984954,25.21210124845339,1.7551310072630983
2013-09-02,26.246885614984954,,
2013-09-03,26.390235975360874,25.357559617128853,1.7630669515582262
2013-09-04,26.571191319085024,25.41822559410303,1.7776527465709913
2013-09-05,26.663988781651017,25.411410118175205,1.7799053490635883
2013-09-06,26.5883800066862,25.412985955271267,1.7807630849103346
2013-09-09,26.606626562863465,25.439966234008846,1.797815763319595
2013-09-10,27.580798501668678,26.04669075211657,1.8111146484466634
2013-09-11,27.620222920774765,26.093975988066788,1.8167988065573994
2013-09-12,27.37319791948285,25.781841864237304,1.8119725883704607
2013-09-13,27.683646973451975,25.915501491180162,1.8160478030084994
2013-09-16,27.52409354911453,25.84095341763087,1.8265575670750203
2013-09-17,27.644365649629787,25.894814288066208,1.834709424890457
2013-09-18,28.00288130163407,26.131051929676694,1.8559446624667562
2013-09-19,27.930451957672606,26.326685636124548,1.8528355485897208
2013-09-20,28.031135397611674,26.212937848228325,1.839879921062992
2013-09-23,27.662047216489405,25.94351902528761,1.8313662346355444
2013-09-24,27.799183235802804,26.005428796715407,1.8270565354655257
2013-09-25,27.88153528405244,26.13066110856736,1.8217746132229637
2013-09-26,28.227563335151096,26.33208026830837,1.8287801702410715
2013-09-27,28.188532185863284,26.363170474666465,1.8203734201885218
2013-09-30,28.333045087685868,26.453524397355853,1.8106744542469408
2013-10-01,28.82222188472239,26.592893871088897,1.8250082141013115
2013-10-02,28.98127932146,26.67995144029928,1.8232837630175605
2013-10-03,28.963750982902283,26.46546827795256,1.8064712832977174
2013-10-04,29.20162382750745,26.645111808645783,1.8201583229764184
2013-10-07,28.944368950436125,26.53911951926661,1.804422961933503
2013-10-08,28.2916347376718,25.975405106625402,1.7834079234955906
2013-10-09,28.136776194581827,25.73304017107065,1.7847005475387243
2013-10-10,28.695023175472972,26.201197262249547,1.823176214411509
2013-10-11,29.301324872203473,26.603327394530442,1.83492288948615
2013-10-14,29.31979033951011,26.651743166341454,1.8422506841683102
2013-10-15,28.89236743922222,26.408874500871946,1.8288873106930208
2013-10-16,29.137268260799203,26.703084791994687,1.8544297985147227
2013-10-17,29.61575983183548,27.106443624654446,1.8668233978420847
2013-10-18,30.36639409337422,28.11928369361338,1.8794331147668069
2013-10-21,31.050367385605856,28.4787579930966,1.8795406633728584
2013-10-22,30.12202293871481,28.18950722575296,1.890425112905624
2013-10-23,29.94838795387654,28.050999017420335,1.8813722549085585
2013-10-24,30.059844923538023,28.158417187144252,1.8876239512990478
2013-10-25,30.199002960671073,28.292547035034776,1.8962449822554956
2013-10-28,30.160416186199527,28.255349552103493,1.8992632818446884
2013-10-29,30.316269951157977,28.40558633901481,1.9093934625957327
2013-10-30,30.127980587525997,28.224055918004225,1.8999097979433066
2013-10-31,30.06887757078785,28.167084807587823,1.894520939325847
2013-11-01,30.1487363114816,28.244058580912224,1.899046756093226
2013-11-04,30.306127921248585,28.39577591472338,1.9057288509849732
2013-11-05,30.204029592750835,28.29734363244741,1.8996944966541522
2013-11-06,30.27027681380955,28.361205862715007,1.9093934625957332
2013-11-07,29.86903399095534,27.974383822275943,1.885252575962576
2013-11-08,30.199297961449737,28.292654174337574,1.9106858825618156
2013-11-11,30.24346362703292,28.335229429387862,1.91100995691933
2013-11-12,30.19317413328112,28.286748816157033,1.9071298399423642
2013-11-13,30.435781838412087,28.52061880050684,1.9224335780217134
2013-11-14,30.588342725641642,28.66771902036153,1.9320256075883964
2013-11-15,30.729706399068622,28.804042495404993,1.9404315413327409
2013-11-18,30.573083435668497,28.652983669984888,1.9336416937578904
2013-11-19,30.43844616521621,28.523437263357252,1.929438726885718
2013-11-20,30.337241996695017,28.42607128233572,1.92340335216964
2013-11-21,30.615464647080106,28.693718473541068,1.9389232078463494
2013-11-22,30.740038785571077,28.813586493668133,1.9486213574797249
2013-11-25,30.943361011047596,28.935927507341976,1.9466828295691267
2013-11-26,31.065264180012065,28.990468105940487,1.9472209807534882
2013-11-27,31.306444452092038,29.133218918230664,1.9519637314264322
2013-11-28,31.306444452092038,,
2013-11-29,31.435009152415645,29.278713670850227,1.9506700869980418
2013-12-02,31.332476663688492,29.071079885544776,1.9456050986610451
2013-12-03,31.38235358598174,29.09371275245186,1.937198756762598
2013-12-04,31.109520477886836,29.030262154737645,1.9369830473193406
2013-12-05,31.110175092262864,28.967548137351912,1.9284689527377905
2013-12-06,31.160800308468588,29.005684222070364,1.9500229586682694
2013-12-09,31.239190712943536,29.089014744517655,1.9549808065533167
2013-12-10,31.431920051190474,29.331136323094086,1.9479756576893117
2013-12-11,31.092294542021815,29.06943493371329,1.9260977814783695
2013-12-12,31.30551216982958,29.040730120625668,1.919739352790034
2013-12-13,31.211114914626155,29.018677085785928,1.9195248678090846
2013-12-16,31.128161354294324,29.023127954489244,1.931486027864675
2013-12-17,31.23330120326475,29.010722341272725,1.925343308619597
2013-12-18,31.382346172238417,29.151527835847993,1.9582142033546133
2013-12-19,31.103751297575783,28.749668686004284,1.9559499684700903
2013-12-20,31.418790879480866,29.08380243209656,1.967328080390027
2013-12-23,31.56147946111582,29.135277355225085,1.9778392729959071
2013-12-24,31.655480534328596,29.24031556479451,1.9821726451038801
2013-12-26,31.667243052873634,29.30396003813791,1.9922505821297838
2013-12-27,31.262857020688276,29.02871786427492,1.992141809061424
2013-12-30,31.25405476829026,28.96142368787934,1.9918171224727557
2013-12-31,31.445877671651303,29.0850765696939,2.0012434414737577
2014-01-02,31.09151717166062,28.934291710569198,1.9820650964978286
2014-01-03,31.35407109737903,29.20775465108015,1.9817395936009548
2014-01-06,31.05312806269356,28.988810691529263,1.975996661299435
2014-01-07,30.832284347738415,28.82193535789286,1.988132307233914
2014-01-08,30.943516697503423,28.88638478147728,1.988566379122096
2014-01-09,31.080799586458912,29.018077811241984,1.989865941784975
2014-01-10,31.048126568679844,29.074878349505102,1.9952843915748775
2014-01-13,30.885338334077044,28.95316258441952,1.9687364161212653
2014-01-14,31.14101043346825,29.09796311647321,1.9901916487588998
2014-01-15,30.930588278962894,28.929690939464944,2.00091895896214
2014-01-16,30.867615871092482,28.886496145695364,1.9983192214052279
2014-01-17,30.80360127863013,28.894707481699903,1.9898659417849747
2014-01-20,30.80360127863013,,
2014-01-21,30.5430873589928,28.665679401284347,1.9957178512319056
2014-01-22,30.55232983546758,28.618079843684992,1.9970184342800414
2014-01-23,32.04352835109996,29.683072609233193,1.980656352612487
2014-01-24,31.444867184375436,29.250330260724432,1.9383968931309652
2014-01-27,31.16719764212643,29.047926874749262,1.9288615969845522
2014-01-28,32.05739384552653,29.58933262973242,1.9403476656646428
2014-01-29,31.681911048927123,29.36687659947015,1.9217103289517936
2014-01-30,32.056703766978245,29.55626761846377,1.9420810961386525
2014-01-31,33.279541481176054,30.598775552599356,1.9307031882957673
2014-02-03,32.55955617581846,30.19857344984282,1.8872525310656236
2014-02-04,32.48135423226974,30.091733273500598,1.900471826142673
2014-02-05,32.47598423140975,30.12434507911766,1.8980873898749158
2014-02-06,32.60790512204357,30.221383081614334,1.9231184606059808
2014-02-07,33.366225360727505,30.771859856113664,1.9469569050490647
2014-02-10,33.59547395716086,30.978100674134016,1.950532539065444
2014-02-11,33.77317586493643,31.16177177969468,1.971878998634719
2014-02-12,33.56956036010976,31.058088186602166,1.9728540787859807
2014-02-13,34.22417681259449,31.565307722882917,1.9830399725720387
2014-02-14,34.23442769752538,31.654495458696243,1.9939844207578956
2014-02-17,34.23442769752538,,
2014-02-18,34.39300405413504,31.783440378677785,1.996367836640396
2014-02-19,33.93467512080625,31.457030525204367,1.9831489497174495
2014-02-20,34.114887645232756,31.550758699317345,1.9948507278407976
2014-02-21,34.023705359405,31.522194200475045,1.9925752687184515
2014-02-24,34.67132397958911,32.04427687049338,2.00362726551036
2014-02-25,34.57036520172887,32.00273314547678,2.002869323341715
2014-02-26,34.62461492105341,31.96509259889432,2.0029783004871264
2014-02-27,34.78932813419889,32.11600275729663,2.0134886767848013
2014-02-28,34.37697368059231,31.808020184054463,2.0185818277548813
2014-03-03,34.370296821701594,31.908997033984594,2.0043864321413136
2014-03-04,35.14031020310034,32.48156101713352,2.032559065000576
2014-03-05,34.9546020168855,32.357232493749386,2.034401064465894
2014-03-06,34.928959899743845,32.447569703514716,2.039060959855997
2014-03-07,34.748328942505694,32.25830305377177,2.0399278791700532
2014-03-10,34.33392922903547,31.979400035573697,2.0388438218733804
2014-03-11,34.00333440104309,31.771172819190717,2.0287662930015795
2014-03-12,34.02087554908468,31.920423017076775,2.0293081175728647
2014-03-13,33.45346892432877,31.51400741311519,2.0065529141182483
2014-03-14,33.1795117712005,31.34938283882012,2.0009189589621394
2014-03-17,33.09070679789531,31.26090009241275,2.0190144711037035
2014-03-18,33.645003073826615,31.630192996980977,2.033425168006426
2014-03-19,33.662704943479206,31.569400849606474,2.022590309197134
2014-03-20,33.96982020975795,31.777164227675527,2.034401064465893
2014-03-21,33.270892130188194,31.336595365040527,2.0265104252761605
2014-03-24,32.10484396927288,30.344773642108134,2.0181300011632324
2014-03-25,31.726995246695232,30.02489505145154,2.0277075412592707
2014-03-26,31.98749622605951,30.136181060889342,2.013123787017019
2014-03-27,31.673732405408494,29.863988198793738,2.0088791884263753
2014-03-28,31.833888468615736,29.99788095617613,2.0187834558815956
2014-03-31,31.952405325463744,30.02930647809892,2.035325533508424
2014-04-01,32.53611945893471,30.4433318236389,2.048821352990027
2014-04-02,32.492043219074034,30.4590775506559,2.0556781378377145
2014-04-03,32.216047868801304,30.223333596173987,2.0529577907434655
2014-04-04,31.23300555030127,29.599906843600028,2.028687315182713
2014-04-07,30.506142211427775,29.008026303513567,2.0062674103234346
2014-04-08,31.068704344415085,29.499935326916496,2.0145386532139002
2014-04-09,31.25573174136734,29.63301808847937,2.0361967384405584
2014-04-10,30.14093009223683,28.863910691054805,1.9934248414831435
2014-04-11,29.72351219711093,28.57514817858205,1.9754672854282795
2014-04-14,30.03998124127995,28.855248944491102,1.9910306095169221
2014-04-15,29.827711989456358,28.581209937139,2.004742750672937
2014-04-16,30.138482576684634,28.853310046666365,2.0257486056435394
2014-04-17,30.102322831372458,28.66022315378425,2.0285787461914047
2014-04-21,30.109095274934333,28.587694616319773,2.0356528730987598
2014-04-22,30.961790413080223,29.155502252921053,2.044903481758565
2014-04-23,30.398170788024263,28.758950865463603,2.040115221903174
2014-04-24,30.386453830750213,28.795733390821518,2.0442500270402015
2014-04-25,30.293052843270452,28.759846229139352,2.027490199199602
2014-04-28,29.66500698762548,28.21896521720029,2.033911687696799
2014-04-29,30.058075649258214,28.537249636517434,2.0433790261851184
2014-04-30,30.09530686847848,28.589346767164947,2.0494748077083904
2014-05-01,30.77635199446752,28.999117736885935,2.049692557922161
2014-05-02,30.967193804201376,29.22870993320751,2.0467536443059364
2014-05-05,31.259212984747368,29.501752722940946,2.0506717196144497
2014-05-06,30.77101839033263,29.05780262410914,2.0328223243967916
2014-05-07,30.583599019744092,29.039733965227665,2.044795116844308
2014-05-08,30.276220795766125,28.8197026048992,2.042618839168909
2014-05-09,30.57654500778642,29.013532324982833,2.045665301391186
2014-05-12,31.51392654604021,29.85925322341141,2.065581997138832
2014-05-13,31.115408674753873,29.65975934055095,2.0674327719173573
2014-05-14,30.58941347946818,29.28526071648071,2.0576372775304965
2014-05-15,30.435706352125685,29.066048324702106,2.0395711524843243
2014-05-16,31.188531563134198,29.430740060528084,2.0466452793916794
2014-05-19,31.70278729549448,29.84794444799569,2.0541551108036273
2014-05-20,31.422442032607837,29.697166434703863,2.041202952586771
2014-05-21,31.674296851600594,30.018736549959126,2.0583993012401685
2014-05-22,31.799161209472448,30.16309645897506,2.0634057194634328
2014-05-23,32.21335656968776,30.503931302529054,2.071677982739155
2014-05-27,32.703985506928326,30.850922124478473,2.08441075812583
2014-05-28,32.66227646314564,30.786043635500548,2.082886914783538
2014-05-29,32.73780004045168,30.870372771019266,2.09366197901679
2014-05-30,32.56279871969145,30.713967977379944,2.097036188983505
2014-06-02,32.569048960923965,30.786281154770297,2.099430829103829
2014-06-03,32.58285115687673,30.900352673706955,2.0983414658038217
2014-06-04,32.7830133611375,31.061396780243964,2.102586064394466
2014-06-05,33.159507609770856,31.36035945661372,2.1162992259357374
2014-06-06,33.40417428323922,31.512341218969787,2.1264212436047285
2014-06-09,33.938418572304926,31.720878351022026,2.1285977253571793
2014-06-10,34.01850552947321,31.81660175361296,2.1288152714938984
2014-06-11,33.853369806137444,31.66958641587283,2.1214152335355667
2014-06-12,33.406513012253534,31.220208313766157,2.106395570711671
2014-06-13,33.79063413386457,31.543541330020737,2.1128168551318165
2014-06-16,34.56439843642044,31.91629565966808,2.114558652764931
2014-06-17,34.86004751884817,32.20602115681793,2.12043484738097
2014-06-18,35.34093793030691,32.503229313813016,2.135998579623716
2014-06-19,35.241069759150655,32.553821002173514,2.138394036052245
2014-06-20,35.37826785688838,32.64614905171004,2.1427345508570146
2014-06-23,35.461825416136705,32.76685346334582,2.1420784431369837
2014-06-24,34.991033237996156,32.46382813106954,2.1291744471042415
2014-06-25,35.29257323920308,32.80229022132421,2.138797292305676
2014-06-26,35.200341067734634,32.68165299406334,2.137266306266587
2014-06-27,35.40721263668508,32.8605606987278,2.1414223354169533
2014-06-30,35.64089368819173,33.015538967845494,2.140328890575919
2014-07-01,36.043342548574174,33.38533061747908,2.1546544873482363
2014-07-02,35.88558824475526,33.19916642099679,2.156841172953253
2014-07-03,36.34215302876309,33.48643846623669,2.1674486899273617
2014-07-04,36.34215302876309,,
2014-07-07,35.76690102520049,33.02308976650563,2.159903757262585
2014-07-08,35.018417163377165,32.3591151844945,2.1460146813030656
2014-07-09,35.48777850115176,32.770795165245694,2.155637934658602
2014-07-10,35.11004115693392,32.565282614679866,2.1471087383752536
2014-07-11,35.24067994910389,32.65520390833855,2.1500613251539176
2014-07-14,35.38221472234184,32.79317168814248,2.1608882249582075
2014-07-15,35.14783855623226,32.63006896667053,2.1568411729532526
2014-07-16,35.156380449768086,32.81832127205457,2.164825483509546
2014-07-17,34.65390179052427,32.37823049233774,2.140219301199353
2014-07-18,35.57077088744353,32.982950803478055,2.1620904428676013
2014-07-21,35.80397319018129,33.07862500858035,2.1580448194020057
2014-07-22,36.16690564142629,33.3609001074483,2.1674486899273613
2014-07-23,35.65113204708042,33.301987169960086,2.1722608267977583
2014-07-24,35.72640592582122,33.45014594958576,2.1723706202513746
2014-07-25,35.94918012724879,33.766686855887755,2.162200236321218
2014-07-28,35.99600668726109,33.86811669844966,2.1630745024091222
2014-07-29,36.33153982382141,33.93953661600252,2.1537789967980236
2014-07-30,36.73510593897519,34.23263550556753,2.154106744542462
2014-07-31,35.837939065183924,33.48641572506891,2.111567495423565
2014-08-01,36.01962166908752,33.38458570918542,2.105116415753925
2014-08-04,36.42416367942963,33.6795179727272,2.1203162786141463
2014-08-05,36.66605982271231,33.70320712216542,2.099757148308908
2014-08-06,36.18934506410472,33.47762408337487,2.1004134601059903
2014-08-07,36.05187213912333,33.3766152379153,2.0890400419582345
2014-08-08,35.97010971325821,33.36875106225568,2.1132080708392187
2014-08-11,36.319916544750086,33.61099979179737,2.1193314027644203
2014-08-12,36.427102214932006,33.58139282934916,2.1163796322939614
2014-08-13,37.029743863278675,34.25959962826498,2.130704412758073
2014-08-14,37.114414422923424,34.413206490063345,2.1407660236198702
2014-08-15,37.17101560081043,34.43856910828146,2.140328890575918
2014-08-18,37.60726629369467,34.86818203193904,2.1582631818469302
2014-08-19,37.8846698264391,35.018197897464205,2.1695268065410698
2014-08-20,37.9113192423226,35.087302123953705,2.175322390721833
2014-08-21,37.72684070062992,34.90491922517753,2.1816653095542673
2014-08-22,37.934855590992974,35.13769412620951,2.1782751815775483
2014-08-25,37.918732849053505,35.184909119014186,2.1893204438267633
2014-08-26,38.082756443996146,35.22833448927992,2.1907422486433896
2014-08-27,38.06240400848555,35.1632987345862,2.1898667580931774
2014-08-28,37.970756620193896,35.108963220390066,2.188663723875578
2014-08-29,38.17587651706863,35.27725353653815,2.1948968492543965
2014-09-01,38.17587651706863,,
2014-09-02,39.21214826833571,36.00045616531146,2.1938042207215678
2014-09-03,38.53264848106964,35.50554766161379,2.1926005742728143
2014-09-04,38.55918661583669,35.4419734660504,2.1894302372803796
2014-09-05,38.80762883272309,35.69230447954797,2.1992722612349436
2014-09-08,39.12046633787481,35.924910050846755,2.1935852460454885
2014-09-09,38.337778107163835,35.50157860826643,2.1796969863941746
2014-09-10,38.56058109950047,35.88156263404463,2.1878988430871873
2014-09-11,38.88210093352293,36.05613980749078,2.190414092744848
2014-09-12,38.849412040118764,35.95713608166335,2.177619073857517
2014-09-15,38.43295753708605,35.600021567932835,2.175978294364812
2014-09-16,38.98634004901227,36.17155391316002,2.192383232213146
2014-09-17,39.44990240654671,36.3706199487193,2.1953341863753995
2014-09-18,40.11129462119528,36.82943657086955,2.207036168575799
2014-09-19,39.45240862263969,36.522623823753044,2.2050476417876252
2014-09-22,38.92315684803941,36.039783032639654,2.188017820008114
2014-09-23,38.92551881424487,36.08649334173248,2.175492999136746
2014-09-24,39.37081781489263,36.406055670439834,2.192522616839206
2014-09-25,38.707528192942206,35.94031381984869,2.157145043682685
2014-09-26,38.94705799519543,36.083395082443936,2.1742846589158122
2014-09-29,38.935021842731864,36.10554768500375,2.1703294415839562
2014-09-30,38.88317566653701,36.04092212964105,2.164616508608982
2014-10-01,38.31592380828969,35.674679607177616,2.135281044711233
2014-10-02,39.285979486983116,36.31860334059506,2.135610425072082
2014-10-03,39.92662959434059,36.64734460179593,2.159123162541241
2014-10-06,40.31708221416499,36.985765573332394,2.156596076414603
2014-10-07,39.923659160021785,36.728097088669756,2.123306415570255
2014-10-08,40.36219208376005,37.01142394888645,2.1604417043698945
2014-10-09,39.93976374235198,36.81653909881114,2.117593074441179
2014-10-10,38.47572249947787,35.80935519504083,2.0934211680962194
2014-10-13,37.733508378419344,35.189319075695835,2.059033164561605
2014-10-14,38.365902977172865,35.8985883120823,2.0622194195640438
2014-10-15,38.77018732508568,36.286121376937395,2.0482656511792525
2014-10-16,39.72185075874163,36.93203916621659,2.046508343690237
2014-10-17,40.248125315391704,37.31277259516307,2.0706790255728884
2014-10-20,40.61696289217217,37.69434944798908,2.090784288515965
2014-10-21,41.181820964076195,38.428525123082174,2.1322051953935657
2014-10-22,40.838157347226726,38.1263122549315,2.117043290864892
2014-10-23,41.21576210459134,38.41515480621951,2.1416535547161115
2014-10-24,41.362461527167746,38.57121029522707,2.1581344092275407
2014-10-27,41.344692592794395,38.467874556672754,2.155168149286437
2014-10-28,42.38702576919803,39.11471621478997,2.179888206591273
2014-10-29,42.400096474112495,39.020237153581625,2.176591749981115
2014-10-30,43.093183896990304,39.47037950442226,2.1905455183659064
2014-10-31,44.03372443713799,40.167193776888425,2.215594956031591
2014-11-03,43.85789258335245,39.95719007668479,2.2168035003295765
2014-11-04,43.37575604294384,39.551852099787105,2.2091130607272005
2014-11-05,42.94249782826716,39.05413407448037,2.223066420957889
2014-11-06,43.41126137925359,39.35771857450512,2.231964792627097
2014-11-07,43.83686154074018,40.2188048106247,2.2340527049392693
2014-11-10,44.4210321100056,40.50886863235853,2.2410839756658447
2014-11-11,44.37896926554958,40.451393278218845,2.2432810692004796
2014-11-12,44.99370452031192,40.827564328534564,2.2408645928356634
2014-11-13,44.756533867586,40.70876914218184,2.2433908626540964
2014-11-14,45.154159105926254,41.05667959698364,2.2439406462303837
2014-11-17,44.73782848432559,40.795835125633445,2.2453687774356017
2014-11-18,45.304575625011026,41.22646922949869,2.2583329761984863
2014-11-19,45.16810105138748,40.881706822275895,2.254707547381582
2014-11-20,45.68901913963793,41.32792596921979,2.258663376944592
2014-11-21,45.23071672055826,41.106220260201965,2.2707477995391865
2014-11-24,45.64265960562854,41.523382537844476,2.277120921775218
2014-11-25,46.448373760752894,42.359764889985364,2.275472795508665
2014-11-26,47.69320420417872,43.4751813635249,2.281295930091358
2014-11-27,47.69320420417872,,
2014-11-28,47.52042593050029,43.3770460443559,2.2764617528994173
2014-12-01,47.10341844755623,43.002035570537515,2.2606410876490455
2014-12-02,47.24880910596323,42.955887763089954,2.275253208601432
2014-12-03,47.4924090724843,42.951728201241025,2.2840428072022796
2014-12-04,48.377523259162054,43.52196669603352,2.2815157210756416
2014-12-05,49.11624166454677,43.727592856903904,2.285251147423214
2014-12-08,47.793972747555536,42.90629504127276,2.2699790412868213
2014-12-09,48.11178914620845,43.32664331398602,2.26844152478209
2014-12-10,46.85975772233428,42.324211327905125,2.2320747901577653
2014-12-11,47.675585845563965,42.7389507635224,2.2433908626540973
2014-12-12,47.18724137532893,42.17081250017397,2.20713412556044
2014-12-15,46.48022289091951,41.4406679454852,2.191973241417023
2014-12-16,46.0729917260497,41.09336133643328,2.1743944523694303
2014-12-17,47.81523177847313,42.34472428056885,2.217023087236811
2014-12-18,47.7245449800539,42.65678607765302,2.2718475707688133
2014-12-19,47.61906497693892,42.60503725254202,2.281513884382181
2014-12-22,48.30832731109012,42.929227857295274,2.292008546746904
2014-12-23,48.13836649745242,42.70329288013515,2.295102762999192
2014-12-24,48.54262110502202,43.00378243585239,2.29532316621463
2014-12-26,48.57398566958075,43.09399716868792,2.302724836789372
2014-12-29,48.49741676084533,42.87630572911357,2.3058176245023008
2014-12-30,48.15596124514683,42.79921333988679,2.293445045111226
2014-12-31,48.05033017191646,42.605815080735816,2.2706871886549425
2015-01-02,48.073817301035106,42.60972040853647,2.2694725220454175
2015-01-05,46.35659914063483,41.61230813871149,2.2284856870559993
2015-01-06,46.14291937774619,41.57462861670169,2.207496158249503
2015-01-07,47.08275058386758,42.32901973638364,2.2350045203066813
2015-01-08,47.92188587832748,42.97002039847977,2.2746644463083423
2015-01-09,47.451083099389635,42.57655054276557,2.25643587592931
2015-01-12,46.76007247815039,42.1449453390258,2.23876096659054
2015-01-13,46.576593743006974,42.03838840468327,2.2324629447093987
2015-01-14,46.86797198944157,42.28129244458155,2.2189859003165178
2015-01-15,46.05655992284058,41.760688155100226,2.1986579893104383
2015-01-16,46.72856098150906,42.43320280977848,2.227492035893066
2015-01-19,46.72856098150906,,
2015-01-20,47.52183683955423,42.93900197331009,2.2322417251857556
2015-01-21,47.77704844188444,43.27462645067967,2.2435098395750246
2015-01-22,49.03739687041867,44.32152243944046,2.27687419262016
2015-01-23,49.555635049955804,44.69132545687074,2.2643907993902124
2015-01-26,49.883938008530286,44.87940372861987,2.2696927211838047
2015-01-27,49.61926220517959,44.67476582712373,2.2397552299846275
2015-01-28,49.12243895437438,44.402137687204416,2.211031385009719
2015-01-29,49.7712212559437,44.911279570007515,2.2314690894694147
2015-01-30,48.586473723564524,44.00856576593664,2.2034080867572308
2015-02-02,48.3306184465145,43.768843143800574,2.230695433367817
2015-02-03,47.722676053485465,43.18078670085044,2.262954913257044
2015-02-04,48.23184643733711,43.76131216104295,2.2543365353022633
2015-02-05,48.71457121382286,43.99552556263883,2.277095208066752
2015-02-06,48.33167389742038,43.53658760999097,2.2707971861856104
2015-02-09,48.145561314960794,43.31853369040156,2.260634149029302
2015-02-10,48.831553930971815,43.897913152185275,2.2847174859339834
2015-02-11,48.588559119958305,43.85049250598165,2.2860429663823814
2015-02-12,49.393585829651784,44.27854964206372,2.3080275748911703
2015-02-13,49.1687752772537,44.21821953246426,2.3175281779388572
2015-02-16,49.1687752772537,,
2015-02-17,49.0201200534864,44.07074281080189,2.321174626692048
2015-02-18,49.33251872714142,44.35301587915539,2.321394825830435
2015-02-19,49.58379364582822,44.60491368081014,2.319738332404777
2015-02-20,50.184133605090835,45.142600206963984,2.3336582239990475
2015-02-23,50.13999617094771,44.98226335862839,2.3333261906365315
2015-02-24,50.31410166973491,45.25388308179503,2.3399546132637785
2015-02-25,50.00664210124428,45.095291907050445,2.337966086475604
2015-02-26,47.47904663321063,44.14004254411457,2.3352039035858323
2015-02-27,48.73980945657991,45.20647307052855,2.327250612741341
2015-03-02,48.63255558866825,45.43539970344055,2.3419433441290036
2015-03-03,47.96443412136016,45.17910906512357,2.3323321313194953
2015-03-04,48.10000771976431,44.96711152394123,2.322499290832241
2015-03-05,48.12842075417226,44.97458447472329,2.3250402541983695
2015-03-06,47.62171691276776,44.246332448906784,2.2923405801094203
2015-03-09,47.39986572107807,44.129229924478544,2.3018413872341585
2015-03-10,47.09046799308137,43.843857814671075,2.2645005928438287
2015-03-11,47.53520073512976,44.197085278269576,2.259197242510877
2015-03-12,49.60292202872964,45.37879806461739,2.2879212915628373
2015-03-13,49.871195378417866,45.38774312710188,2.2738909942837964
2015-03-16,49.88135068688671,45.73044170165435,2.304271536761414
2015-03-17,49.84520249602896,45.74653949871614,2.297421486456421
2015-03-18,50.275158131736184,45.92169803841201,2.3250402541983695
2015-03-19,50.90632397213517,46.48048969823729,2.3144351861488768
2015-03-20,50.61358666738124,46.329066189486895,2.3348643193724166
2015-03-23,50.738450035145334,46.195383919331725,2.330314625590032
2015-03-24,51.49812469877285,46.466811217318394,2.3172200215913463
2015-03-25,50.317022022236635,45.65449191094578,2.283264253251452
2015-03-26,50.127603303203145,45.67306935721369,2.2778266202187245
2015-03-27,50.45458854189591,46.19051225927547,2.2830428296507574
2015-03-30,51.07780335286837,46.602649644840184,2.310895469693532
2015-03-31,50.43033257446533,46.09627736487828,2.2906987802314585
2015-04-01,50.30046724248541,45.822814063735535,2.2825985539100087
2015-04-02,50.371901283233385,45.71409423057591,2.2908095940703315
2015-04-06,50.56815248671943,45.73779822909509,2.3062351661493254
2015-04-07,50.49290602549833,45.81045091845809,2.3001314256210517
2015-04-08,51.24688397692934,46.41804100450392,2.3078998226570366
2015-04-09,52.73799035165277,46.94673676157299,2.318107552687587
2015-04-10,52.619396092972615,47.06336487732753,2.330758493176678
2015-04-13,52.492282831055824,46.83868546597275,2.3202168930901492
2015-04-14,52.37009685327423,46.62554476209173,2.3246555689566097
2015-04-15,52.64230572188877,46.78055092111078,2.335086151127214
2015-04-16,53.27820216055781,47.18396396196707,2.3344206558628215
2015-04-17,53.21492776966807,46.891995997710104,2.307566564832212
2015-04-20,54.7729426526206,47.86761067192296,2.328650581313475
2015-04-21,54.707931341459435,48.30417129389469,2.3258759497235717
2015-04-22,54.7471154395301,48.19184082829789,2.337305489060444
2015-04-23,55.30985842903371,48.600930152283446,2.3431867856027666
2015-04-24,55.334144035711766,48.548452464867346,2.34862380640434
2015-04-27,54.371682666489626,48.19807836775253,2.338858923575179
2015-04-28,54.40446081083342,48.08664527666994,2.3462944709404425
2015-04-29,53.350716983135726,47.35877266959204,2.3366397897190008
2015-04-30,54.35512658809408,47.32295786100718,2.3132260296197376
2015-05-01,56.58836353870694,48.799242520889464,2.338304650303763
2015-05-04,57.39229301741266,49.19608925771557,2.344962460026402
2015-05-05,57.50726246873706,48.805614184070144,2.318107552687587
2015-05-06,57.219416388489776,48.658905410621514,2.3085647056902747
2015-05-07,56.75883479585747,48.88638312950108,2.317775111170968
2015-05-08,55.896869857695705,48.25430471401201,2.348290956733619
2015-05-11,56.93882070861921,48.87417105936828,2.3370832491515445
2015-05-12,56.92000751207827,48.71632775645977,2.330093201989338
2015-05-13,56.5653260940883,48.48648275872081,2.330536661421881
2015-05-14,56.724600411219484,48.902604033812324,2.354838156694436
2015-05-15,56.41932054610304,48.77974727160867,2.3573901402213364
2015-05-18,56.225393245819454,48.830864261506285,2.364714465593624
2015-05-19,56.03669297751786,48.355615399578106,2.3639371361051023
2015-05-20,56.02386261655191,48.295814834178266,2.3622739081367503
2015-05-21,55.964191685400344,48.39368957038604,2.369152733305981
2015-05-22,55.72103476196074,48.36195779748436,2.3634942889037123
2015-05-26,55.03433246271966,47.653222293305326,2.3380817981637083
2015-05-27,55.14674126194511,47.760623291978526,2.3602755856501116
2015-05-28,55.523996586362564,48.131560668696224,2.3576127882843383
2015-05-29,54.9657945306587,47.72476931156828,2.3429649538479684
2015-06-01,55.33617232158762,47.85334515944528,2.34773647938515
2015-06-02,55.35353921439886,47.91958952000792,2.3454067357671495
2015-06-03,55.744744446492795,48.11909507715272,2.3516202697490396
2015-06-04,54.82229092714298,47.28137205493898,2.331757450342945
2015-06-05,54.80538214874145,47.346920218542905,2.3277620298319768
2015-06-08,54.76038075000895,47.30863387590589,2.3134474532204314
2015-06-09,54.916332987300564,47.48194320883214,2.3131143994726586
2015-06-10,55.540974838962654,47.959927229596126,2.34085622567656
2015-06-11,55.61612656102471,48.06188118959363,2.3484027909577474
2015-06-12,55.498543052871625,47.962977349667796,2.330425847583007
2015-06-15,55.03301208848926,47.83209059775322,2.320438724844946
2015-06-16,55.17599802136242,47.91636498090738,2.33308864494878
2015-06-17,55.49365014414463,48.04831257435104,2.3368620296278997
2015-06-18,56.01156020711735,48.581431598360986,2.3611633208234033
2015-06-19,56.25181171018711,48.74156767633896,2.350681719389966
2015-06-22,56.54828585837435,48.919641869941664,2.3627247143431402
2015-06-23,56.46245359684329,48.79034095679359,2.364397738009956
2015-06-24,56.47013160093882,48.95918184320006,2.347225470448616
2015-06-25,56.36011589349292,48.970957659920145,2.340088283732399
2015-06-26,56.259833164704624,48.827193047739414,2.339642579452291
2015-06-29,55.26255389097757,47.98500344454903,2.2905789870023257
2015-06-30,55.38763907516982,48.100271232256674,2.2953745936315646
2015-07-01,55.537993077348084,48.05627478281595,2.3137731601943563
2015-07-02,56.06719037613225,48.54169320306946,2.31165402409333
2015-07-03,56.06719037613225,,
2015-07-06,55.70255301113603,48.15676155180712,2.3050747840354537
2015-07-07,56.150788546147936,48.22167459502621,2.319571397376787
2015-07-08,55.05571572245887,47.273943391786815,2.280655128150178
2015-07-09,55.00604510581742,47.41390291892758,2.284780953896947
2015-07-10,55.46674016516187,47.727011739699016,2.313549491746097
2015-07-13,55.810577784525115,48.00719524375363,2.3390848368710024
2015-07-14,56.316571233412866,48.522584122303094,2.349232568248461
2015-07-15,55.654044628775324,48.06603516371757,2.3484515653730154
2015-07-16,55.58469958100918,48.105699366726945,2.36729665252412
2015-07-17,54.79331682983408,47.680388059287075,2.36930293401576
2015-07-20,54.30401820972553,47.37497522110527,2.370530049325416
2015-07-21,54.21179959420478,47.34517505359818,2.3611633208234033
2015-07-22,53.71890543465991,46.98805569291629,2.356926273083659
2015-07-23,53.41406685980384,47.30501091788962,2.343656775051982
2015-07-24,52.03327104093442,46.372742546842375,2.3193487493137845
2015-07-27,51.57263451529816,45.934328902673634,2.3058555828338485
2015-07-28,52.571100625364124,46.74307065738468,2.334178416402891
2015-07-29,52.93613158105606,46.979254677293085,2.350235606955756
2015-07-30,53.09323318678429,47.159612099765035,2.35079416584525
2015-07-31,53.06049756895726,47.20992157583231,2.347225470448616
2015-08-03,52.11481041136918,46.63927411895816,2.3393076890110565
2015-08-04,52.87482998656615,47.01360156159523,2.334736567138282
2015-08-05,53.29450931018405,47.612334483996676,2.342430680127582
2015-08-06,52.96240224437917,47.36515654124036,2.3232513147663965
2015-08-07,52.218951185271095,47.05791259924213,2.3187912108095468
2015-08-10,53.86891899593263,48.22683977166685,2.3480054529388052
2015-08-11,52.59478602031357,47.35078343043171,2.3268196020089285
2015-08-12,52.47169123222549,47.14790149559082,2.329607498607168
2015-08-13,52.31855746468379,47.03954324276804,2.3267081759389017
2015-08-14,51.84764497895976,46.89913213645167,2.3351818632642884
2015-08-17,52.187842636763165,47.20579721924955,2.34822830507886
2015-08-18,51.80090797644565,46.97547352993848,2.3414264169579813
2015-08-19,51.11072133815946,46.780016077585465,2.3229164243251628
2015-08-20,50.16834615199226,45.9997177090924,2.274410982610589
2015-08-21,48.12930087627094,44.273626721961925,2.2059461930446407
2015-08-24,46.647362579156,43.35100680394421,2.113060523131108
2015-08-25,46.356735357026494,43.097561189491785,2.0881947548116218
2015-08-26,47.84086803122377,44.093445269980016,2.168367852966561
2015-08-27,49.738024016132215,45.15651086605554,2.2220019550581465
2015-08-28,50.03351496408493,45.34841404758084,2.2221139933593275
2015-08-31,49.87255496305126,45.153297149743175,2.2041615392307468
2015-09-01,48.19835806155849,44.041404626167164,2.1383721998077543
2015-09-02,48.75566385967376,44.46724860135485,2.1789606763929736
2015-09-03,49.00060851214012,44.42364000409591,2.180522069912711
2015-09-04,48.056732479995006,43.93615163299692,2.1475154639385594
2015-09-07,48.056732479995006,,
2015-09-08,49.17494802333316,44.80459464447871,2.2014846605484313
2015-09-09,48.73208775142754,44.44931200150666,2.172046954047965
2015-09-10,48.975195902542325,44.722885480895016,2.1838670968610856
2015-09-11,48.87535969049394,44.87532231816027,2.1937915679443876
2015-09-14,48.28717954142176,44.58208660268933,2.185651546597928
2015-09-15,49.04530020962693,45.29314532258713,2.212970116997368
2015-09-16,49.94479137467291,45.74751152191576,2.232149278281503
2015-09-17,49.27349039574911,45.229171991954004,2.2271324521286204
2015-09-18,48.08406144059766,44.40445809199936,2.1907371467171095
2015-09-21,48.06403746649876,44.533230624597834,2.2020573007544675
2015-09-22,46.313508165798574,43.54602999355039,2.1734771260236965
2015-09-23,45.003426506143626,43.040176194345925,2.1700010816083672
2015-09-24,45.336365977391445,43.232840504062146,2.1621545230617225
2015-09-25,45.30751820366336,43.13284198319152,2.1615949437869717
2015-09-28,43.752437209626926,42.07385966119262,2.1073443249233135
2015-09-29,43.94277220282524,42.268586257637025,2.108578174775664
2015-09-30,44.513040286890245,42.671270787272164,2.1479203528084017
2015-10-01,44.398157105758344,42.569349499804844,2.1535247167920675
2015-10-02,45.57841551720858,43.484782903804565,2.1856933823934517
2015-10-05,46.83266769742241,44.41149779896231,2.2245878153755685
2015-10-06,47.404929871490424,44.54398933577421,2.216965537508337
2015-10-07,48.59323706318201,45.11281672397868,2.2351232931505574
2015-10-08,49.25283248866449,45.46190886649845,2.255299370830446
2015-10-09,48.87107699667318,45.27825834719491,2.256644034521669
2015-10-12,47.9088679093451,45.04378024307737,2.2587737826293646
2015-10-13,47.91920113955401,45.000604253308104,2.2445387960678382
2015-10-14,49.09451738875201,45.054472365294075,2.2337786294593336
2015-10-15,48.76753945253981,44.96810077700714,2.2680770431684136
2015-10-16,48.90043408330462,45.08839703542341,2.2783894647262968
2015-10-19,48.385380000701296,45.014710872217655,2.279510051815158
2015-10-20,48.769693174969895,45.31082269739108,2.27659521929099
2015-10-21,48.11759185056142,44.89746992288417,2.2624732914159016
2015-10-22,49.3557609997742,45.63155624753618,2.300694678282727
2015-10-23,49.58139441322522,45.79440064541945,2.32591390805512
2015-10-26,49.16142787584878,45.90854801893039,2.3201977098473243
2015-10-27,47.86922185264907,44.955249284245745,2.31571393295252
2015-10-28,48.505376513874864,45.3604643310987,2.3420541579678766
2015-10-29,48.30851910631454,44.82124057077522,2.340709086122551
2015-10-30,48.11038977008056,44.92057829281572,2.330621761552286
2015-11-02,48.72563130347796,45.2809987969841,2.35819542826589
2015-11-03,50.11404980321835,45.8660135818352,2.365032213562547
2015-11-04,48.569645509354864,45.242668827896836,2.357858497054142
2015-11-05,48.07544116667007,44.89482346769567,2.3555046723440847
2015-11-06,48.15755333591573,44.79094368526358,2.3542722510310936
2015-11-09,47.73874517234988,43.931585678691,2.332302336070001
2015-11-10,47.03726261517447,43.52802738053702,2.3376832356824586
2015-11-11,46.757622820541314,43.312927546052464,2.328492217521642
2015-11-12,45.96404307628149,42.67728134162974,2.2959868247855604
2015-11-13,46.49311036200062,42.58302397881872,2.270207403507263
2015-11-16,47.284864647909394,42.93424452162659,2.304729485664602
2015-11-17,46.577889539903104,42.48459368782545,2.303048094838682
2015-11-18,46.95989238287706,42.77072491181823,2.33958849903369
2015-11-19,47.04948061780269,42.945405665124575,2.337571197381278
2015-11-20,46.560383474962144,42.78113077767029,2.3460893735038546
2015-11-23,46.55802341275093,42.6669303982088,2.3433996379673054
2015-11-24,47.2476313038042,42.85551091733412,2.346538547093835
2015-11-25,47.2087834216883,42.93423605567217,2.3462020240361894
2015-11-26,47.2087834216883,,
2015-11-27,46.828714263250625,42.69305022306025,2.3488915554956873
2015-11-30,47.321964405684064,43.01343893287832,2.3391407539830684
2015-12-01,47.57260479706924,43.00132137231468,2.3614457634624473
2015-12-02,46.68495729171839,42.72181348576607,2.3373469167018643
2015-12-03,46.70109158432194,42.5685272846006,2.304617447363421
2015-12-04,46.99994275201695,43.07820095366516,2.3495648056880296
2015-12-07,46.524330432682795,42.713102262649855,2.3353294109724008
2015-12-08,44.7619998398121,41.968075336154406,2.319636906110265
2015-12-09,45.34778327669244,41.9582544650383,2.3015907806151232
2015-12-10,44.674093595675124,41.740540742062514,2.3075322798875884
2015-12-11,43.53497580999065,40.78315827774159,2.26280879408829
2015-12-14,43.189681916656575,40.692152451104796,2.274241598657983
2015-12-15,44.053084708774016,41.18595575282203,2.298117389201461
2015-12-16,44.64100259700865,41.5067542300749,2.331742552718198
2015-12-17,43.607301092635375,40.8631238912614,2.296210493233819
2015-12-18,43.37033032038178,40.630461505749494,2.255303452371471
2015-12-21,42.598612748261736,40.35900898682206,2.2739079326790557
2015-12-22,43.51985790804758,40.73147984345745,2.294542367416235
2015-12-23,44.81428547793305,41.30759145209733,2.3229568315813247
2015-12-24,44.39169620205777,41.13447762138294,2.3191226319409086
2015-12-28,43.67488668847236,40.748660216953944,2.3138227509178297
2015-12-29,43.998851526467895,41.082124761574605,2.3385160741289415
2015-12-30,43.4857064738717,40.73102337325158,2.3219417523280024
2015-12-31,42.83493400424793,40.32890839369889,2.298713906422502
2016-01-04,43.344887975468225,40.39617848961771,2.2665789135345875
2016-01-05,43.259358573385825,40.152261549094874,2.2704129090979523
2016-01-06,41.42668263775349,39.35809127184613,2.241772939791141
2016-01-07,40.14643416934046,38.555676171334426,2.1879900655291347
2016-01-08,39.58547871120477,38.143347931782145,2.1639736658972897
2016-01-11,38.3711916601927,37.68246891113891,2.166116066782168
2016-01-12,39.159249266830635,38.049226463120974,2.1835924091499925
2016-01-13,38.222626006523996,37.4500779834205,2.1291317950005144
2016-01-14,39.02605126256871,37.84787157195183,2.164086316429625
2016-01-15,38.90088195126897,37.619209469659616,2.1176310327727275
2016-01-18,38.90088195126897,,
2016-01-19,38.32461379873947,37.423485958040295,2.120449745005718
2016-01-20,37.46802668635572,36.94870779245689,2.093276069312723
2016-01-21,38.42458503145864,37.45461069752694,2.1050027448363338
2016-01-22,38.88785317117363,38.062241791004446,2.14818708151449
2016-01-25,37.44191319593448,37.321805003972216,2.1157149533377755
2016-01-26,38.275272185608436,38.042800307295465,2.1445796114781026
2016-01-27,37.89698435356624,37.556652343147434,2.1212391150402676
2016-01-28,38.27352518168972,37.5954169650818,2.132289275138714
2016-01-29,39.29770351772251,38.438854016496286,2.184269332729258
2016-02-01,39.088646724538116,38.499222287999544,2.1834797586176564
2016-02-02,37.43247252687053,37.49290063074535,2.144128193040557
2016-02-03,38.72023028340583,38.078607375780855,2.1569832105809796
2016-02-04,40.28711855581152,39.129370803582646,2.1603653795526965
2016-02-05,40.25780762004729,38.76287448620737,2.1192099769188784
2016-02-08,38.77261017390797,38.00808572611502,2.090683270375556
2016-02-09,39.01092678401247,38.22339677478451,2.090796124984942
2016-02-10,38.586434285005836,38.156249771966394,2.0889920838511715
2016-02-11,39.10613700849393,38.53500005399047,2.0618180000040742
2016-02-12,38.82276315566406,38.63028497765906,2.104326637565272
2016-02-15,38.82276315566406,,
2016-02-16,39.622423430245036,39.341169565617975,2.139843391270801
2016-02-17,41.04820137341637,40.606153867165354,2.1747977086228603
2016-02-18,41.49156865241865,40.84874559519448,2.165890357563394
2016-02-19,40.386767355475,40.61311945352495,2.1648754823871226
2016-02-22,41.38302547252763,41.166142419208605,2.196220493009333
2016-02-23,40.53178768041208,40.93454720154659,2.168483156500561
2016-02-24,41.12777476276872,41.204103791309464,2.1784051786592475
2016-02-25,41.59555928906551,41.47487884145713,2.2047905047029484
2016-02-26,41.56230712338465,41.59503749186403,2.199716332898642
2016-02-29,41.3237652267471,41.50166907550896,2.182465087518436
2016-03-01,42.160595610663904,42.25548173974537,2.2337678133756107
2016-03-02,42.59484977459188,42.82950541517688,2.2438022819895806
2016-03-03,43.232428035293836,43.664058340426074,2.2525975947478654
2016-03-04,43.06231287197945,43.72604376304523,2.259926817969385
2016-03-07,42.72031917960563,43.83391128669014,2.261731063180207
2016-03-08,42.55395934920293,43.33632963820811,2.237037535892044
2016-03-09,42.926534408928944,43.74038408504108,2.248087695990491
2016-03-10,42.91782645500827,43.786438688274856,2.249892145278364
2016-03-11,43.70354682743976,44.528445508511965,2.2861986771725458
2016-03-14,43.62460242527015,44.44512697980138,2.2832669062531177
2016-03-15,43.72203930997264,44.353752372676176,2.2795455612220876
2016-03-16,43.830121698563794,44.60429559763106,2.2927381222054124
2016-03-17,44.44984020753012,45.36626324770559,2.307283101807911
2016-03-18,45.02739610326844,46.0640813556846,2.3163502451985694
2016-03-21,44.79723193745394,45.98367705069546,2.319637110187314
2016-03-22,45.006356497718464,46.05438500007769,2.31839040348073
2016-03-23,44.26455313809418,44.828250893381245,2.3030895224800996
2016-03-24,44.079016981465784,44.635406616631236,2.3020701576086986
2016-03-28,44.30962525919873,44.89673990157123,2.303429718924669
2016-03-29,44.82542278921051,45.46004094586444,2.3247371997771396
2016-03-30,44.896086015388164,45.37949498091082,2.3349375830338417
2016-03-31,45.230173505266166,45.767278545406604,2.3292703633183662
2016-04-01,45.10888084395688,45.60295882741255,2.34513735405939
2016-04-04,44.03914377231398,45.1903424966778,2.337543646979345
2016-04-05,44.39546602194614,45.496396687503946,2.314196620075867
2016-04-06,45.99833855094378,46.72761444667946,2.339470746575068
2016-04-07,45.286854219805136,46.17103791794316,2.311477293366875
2016-04-08,45.44141468114154,46.13168206767787,2.31771001059159
2016-04-11,45.33922282627907,46.421278577760155,2.312270336788349
2016-04-12,45.50506976761274,46.506539441054244,2.333803935013695
2016-04-13,45.8183759604069,46.71211211108988,2.3573774874441504
2016-04-14,44.93303008724416,44.93415020306951,2.357490954284691
2016-04-15,44.97684368563129,44.7066520607486,2.354883869953931
2016-04-18,45.00952045798096,44.731013864396886,2.3714306413529407
2016-04-19,44.89330622333695,44.48176341647885,2.3789114938235993
2016-04-20,45.32985647286165,44.88138107594731,2.3811787898638923
2016-04-21,45.1479579852469,44.730612065718425,2.3683715263534815
2016-04-22,45.029061763517646,44.56810759011121,2.3683715263534815
2016-04-25,45.18871068412026,44.84557673498612,2.3642912097891595
2016-04-26,45.44463930087354,45.20810817918937,2.3678043962278315
2016-04-27,45.69973738358482,45.4111562886682,2.3726777562136276
2016-04-28,44.82290652787194,44.66181629284963,2.3511443620653334
2016-04-29,43.822615220370764,43.063900627201306,2.3384503613184116
2016-05-02,43.83422215721339,42.877578212075356,2.357037290999582
2016-05-03,43.264404530399176,41.98200328006101,2.336524486184996
2016-05-04,43.33320912152312,41.85891541340636,2.323490493070556
2016-05-05,43.0329315813847,41.36065485521214,2.3230372379395487
2016-05-06,43.1598649612893,41.502587498633815,2.331537047127506
2016-05-09,43.15241387780184,41.178100609501776,2.3334639426461776
2016-05-10,43.46471396529821,41.48158754860957,2.3624771688798742
2016-05-11,43.218739339704165,41.24566306066715,2.340377052760032
2016-05-12,43.1069588529186,41.09874048847245,2.3410576497262223
2016-05-13,42.9625175523099,41.1131191223945,2.320657699521023
2016-05-16,43.29632032932048,41.332848320570335,2.343550450908237
2016-05-17,42.9037784077887,41.209180076238255,2.321676860315373
2016-05-18,42.66983570165358,41.38665572259973,2.3223570491274605
2016-05-19,42.710663915614155,41.45694005043782,2.314310086916408
2016-05-20,42.85812773896788,41.7198121279447,2.3289303709508484
2016-05-23,42.66883699200366,41.58325801250461,2.3257569728026435
2016-05-24,43.87451478320771,42.316030452080795,2.3559044592876406
2016-05-25,43.91255476241668,42.48849711771747,2.371884508715102
2016-05-26,44.2377591480149,42.749068952995664,2.37256469752719
2016-05-27,44.219522624019696,42.72128694864766,2.3827640603986353
2016-05-31,43.852025932780556,42.753731464680875,2.378231713165614
2016-06-01,44.042487898804445,42.87171724222085,2.383104869074359
2016-06-02,44.21660643344691,43.08829166794854,2.3903577674786805
2016-06-03,44.090889873324556,43.15193745247571,2.383217519606694
2016-06-06,44.27851366229384,43.37058416399644,2.3953452065361707
2016-06-07,44.919512885030414,44.27201145452096,2.399084714424769
2016-06-08,45.55338502083369,44.740033675382264,2.4069047429547408
2016-06-09,45.351177791147215,44.513641517428475,2.4036182861200985
2016-06-10,44.58381605269793,43.59780503541445,2.3808385934193224
2016-06-13,44.079111431863176,43.18341251470951,2.3624771688798734
2016-06-14,44.249028318177594,43.14917334588741,2.357830334421055
2016-06-15,44.325239821694325,43.27561709513057,2.3545444898175667
2016-06-16,44.34121233048868,43.30947350149563,2.361571066771962
2016-06-17,44.47484186272307,43.48724433244788,2.3527767743989334
2016-06-20,44.6747375519457,43.78161705679225,2.3679280669209377
2016-06-21,44.74766285711458,43.74885821307267,2.3746501609147463
2016-06-22,44.025433575210016,42.804876616393734,2.370776370326372
2016-06-23,44.629338110073085,43.25245789133267,2.4016493507288525
2016-06-24,43.35244942220553,42.34840393672196,2.315408837760777
2016-06-27,42.711757624765575,41.58177961106591,2.2739401768531646
2016-06-28,44.07798413002208,42.830366432631116,2.3149527255510507
2016-06-29,45.10917496195098,43.99735909880512,2.3543718406321408
2016-06-30,46.236110802985436,44.675758491666265,2.3864970378215915
2016-07-01,46.121914307863214,44.7935448958463,2.3915099865104983
2016-07-04,46.121914307863214,,
2016-07-05,45.994062508354084,44.557528185518954,2.374307515545561
2016-07-06,46.40409960595621,44.97618016111407,2.3885480121874734
2016-07-07,46.81602497380531,45.29267974558997,2.3870674331800634
2016-07-08,47.40229456034864,45.84901866478854,2.4226115332104707
2016-07-11,47.30363930102656,45.97567921594573,2.431156443426772
2016-07-12,48.30059371924534,47.53852157318488,2.4488144143702812
2016-07-13,48.27893604663949,47.59789047379435,2.448472585309301
2016-07-14,48.02930581783291,47.28332236460228,2.4621441151321006
2016-07-15,47.96357395859024,47.12573648124233,2.458840311748095
2016-07-18,48.49865863233906,47.494726234018,2.465447306284952
2016-07-19,48.20331705156786,47.31732224850062,2.462941852325755
2016-07-20,48.303570971645,47.40131944001693,2.4731946833846497
2016-07-21,47.90819882388252,47.08673243118066,2.4638530563599503
2016-07-22,48.49740949308388,47.58022529718337,2.4749034205354485
2016-07-25,48.65470350204537,47.74011081700162,2.4681819387727946
2016-07-26,49.180303746761176,48.16417345867986,2.4693219131815325
2016-07-27,48.92850581804528,47.92766215566679,2.4667005434571796
2016-07-28,48.97286079654455,48.10230692393344,2.4695492550167164
2016-07-29,49.22656695649086,48.2974618024906,2.4735369205997344
2016-08-01,48.996686258560025,48.039372588319196,2.471485946233853
2016-08-02,48.68081458618718,47.8690797486424,2.455650383358734
2016-08-03,48.83128301971979,48.006462011060734,2.4628273650999604
2016-08-04,49.10082117107,48.400099472203856,2.465447306284954
2016-08-05,49.633052262339156,48.81074201533417,2.485611751572917
2016-08-08,49.42494167119257,48.63860862022572,2.4841317847966606
2016-08-09,49.70478507670318,48.895125490868004,2.485611751572917
2016-08-10,49.531799017468316,48.56720140118498,2.479460461091683
2016-08-11,49.64958723627523,48.70510074580069,2.4909671415539583
2016-08-12,49.430663255841296,48.49524995381629,2.488802700347536
2016-08-15,49.726745049335435,48.81040927294891,2.495979682088762
2016-08-16,49.693831892615684,48.837986191023475,2.4831062976137197
2016-08-17,49.36937599538053,48.476599005117365,2.4877772131645948
2016-08-18,49.509295694573716,48.65611288279116,2.4933595368267163
2016-08-19,48.88870720863919,48.20917183976579,2.489713088073525
2016-08-22,48.919092500258216,48.188891063070045,2.489599825310036
2016-08-23,49.4592749895226,48.77832188058065,2.4946117536136865
2016-08-24,48.69850141817778,48.08561171031717,2.4818530604414923
2016-08-25,48.65541826256805,47.96482094334725,2.480143915136591
2016-08-26,48.170332257619165,47.39495272539436,2.4754721832775104
2016-08-29,48.47794377268012,47.6144846691118,2.487662317784695
2016-08-30,48.625488269004016,47.47033265790156,2.483561797592291
2016-08-31,46.58093024461376,46.055291411752464,2.4764982826916047
2016-09-01,46.98007373437812,46.50317946474351,2.4766125658403504
2016-09-02,46.98425258524498,46.66403965158126,2.4877772131645943
2016-09-05,46.98425258524498,,
2016-09-06,47.31610249121081,47.15691336250976,2.495296228043852
2016-09-07,47.19820546900184,47.061679406070944,2.4950680699004635
2016-09-08,46.83578469851776,46.71565081163078,2.48937207532075
2016-09-09,45.70876374360277,45.76543394896852,2.4297891271828513
2016-09-12,46.17181820970363,46.14272368695928,2.4646501813224524
2016-09-13,45.3954308328611,45.472323458583695,2.4292195481325853
2016-09-14,45.54513409683615,45.60303149753128,2.428308140021339
2016-09-15,45.84750702328782,45.69203519865415,2.452573921809911
2016-09-16,45.760915565883366,45.60951880795395,2.4430935223903063
2016-09-19,46.63956452413868,46.31214960809018,2.443551675370545
2016-09-20,46.76538608190482,46.32716209634173,2.4436663666733933
2016-09-21,47.97297008203144,47.30056177342344,2.4711465660974876
2016-09-22,48.49717939667445,47.71070338266001,2.486717645114081
2016-09-23,48.33255466538731,47.547047570373174,2.4730924407819335
2016-09-26,48.42519450759464,47.60462110019614,2.4530547273428476
2016-09-27,49.01577625055963,48.09594612504433,2.4682837732214096
2016-09-28,49.482849742817834,48.34767274140309,2.4805351308439936
2016-09-29,49.31763194130594,48.18471008398271,2.4580931856631714
2016-09-30,49.2966799117775,48.21025079110614,2.476641748858692
2016-10-03,46.4460923344847,46.522475741692254,2.4706884131172493
2016-10-04,45.770467547633366,45.8426184580871,2.458093185663172
2016-10-05,45.61303225492391,45.765216238655135,2.4689704924991407
2016-10-06,45.68586288396611,45.78830044538044,2.4706884131172493
2016-10-07,45.02390670425969,45.3557942172337,2.4622147257918625
2016-10-10,45.38029854583782,45.681959732128796,2.4750391317745852
2016-10-11,44.64777198816802,45.064673297162734,2.4437802416680365
2016-10-12,44.75832102691513,45.150709781353505,2.4469864962215055
2016-10-13,44.86130938083661,45.676480108107825,2.4389711659534097
2016-10-14,45.20492124297694,45.7788445016373,2.4402313417453816
2016-10-17,45.00202391253444,45.49679407775949,2.4317580625740978
2016-10-18,45.051950658650725,45.616649575674444,2.446986496221506
2016-10-19,45.92103659109073,46.282352450768755,2.453512676246036
2016-10-20,46.38374444408327,46.6529683893644,2.4489331872141573
2016-10-21,46.40925188868652,46.64770867969478,2.4500776513180247
2016-10-24,46.587157391501265,46.722816903796904,2.4604980296360623
2016-10-25,46.17031722586865,46.410723096689146,2.4522533167622695
2016-10-26,46.26012129081453,46.48144949953871,2.4473303660529995
2016-10-27,45.76397502911668,46.0725502719776,2.4408035737973157
2016-10-28,45.92331057890783,46.31060482035102,2.4335900622639013
2016-10-31,46.28072892098555,46.63817850128832,2.4337045494896983
2016-11-01,46.0743834401306,46.4468774481181,2.416071884100554
2016-11-02,45.42382604155536,46.014905809617005,2.4015305778849796
2016-11-03,45.1548764916627,45.70796017301135,2.3905373552838545
2016-11-04,45.28549492416354,45.79814568073939,2.387903945013473
2016-11-07,46.22385541623183,46.494972721811855,2.4405745993457226
2016-11-08,46.427171907257474,46.60196098683883,2.4515663934074885
2016-11-09,48.88600427723707,48.53336642415175,2.477558667050325
2016-11-10,51.086621573315256,49.65768852360556,2.483741181320413
2016-11-11,51.657420976080026,50.25109966976971,2.4780162077994103
2016-11-14,52.20725835217675,50.38842918115334,2.4799626947150104
2016-11-15,52.80556727097068,50.93162311828292,2.4993140970304686
2016-11-16,52.92900631867268,51.0714859547599,2.4946182840793307
2016-11-17,53.45948039763039,51.52029130346563,2.5074426900620534
2016-11-18,53.103496910018045,51.168356379176544,2.501833020075053
2016-11-21,53.01770033144537,51.19762702471324,2.520725044947964
2016-11-22,52.79100576230585,50.8139913963224,2.525647791580183
2016-11-23,53.096072930419574,50.94322864729122,2.5270220464438493
2016-11-24,53.096072930419574,,
2016-11-25,53.251207209658176,51.04170001766818,2.536411019344458
2016-11-28,52.53830154364284,50.515676826165084,2.5245031233992647
2016-11-29,52.016268876524265,50.078853649644586,2.5294266863396886
2016-11-30,51.8913009620578,49.91364794702989,2.523358863372449
2016-12-01,51.9564915282988,49.77586047485616,2.514083969543535
2016-12-02,51.971075614460275,49.72006012520592,2.515343737181404
2016-12-05,52.89373547304149,50.505842391051075,2.5304570713718606
2016-12-06,53.122570953983406,50.58253005383235,2.538472197562905
2016-12-07,52.74619262227755,50.44088054399771,2.571677166430951
2016-12-08,51.21889025323375,49.57378385507696,2.577974372003887
2016-12-09,49.55390179546978,48.38026454896723,2.5935466754827883
2016-12-12,49.117344841888055,48.09519905113236,2.590569395380913
2016-12-13,49.187429434343905,48.15997019124367,2.607859007246769
2016-12-14,49.650709025012965,48.41215933684425,2.5863335721034764
2016-12-15,49.87416748164285,48.36259024155783,2.5969819044878513
2016-12-16,50.53259095220632,48.97537553906877,2.591903038911364
2016-12-19,50.65744323582817,49.08694506781455,2.5975459734577315
2016-12-20,51.119829100558206,49.3237059650331,2.6075667689092623
2016-12-21,51.35509604763867,49.518567732144135,2.6003110134262224
2016-12-22,51.20770963314761,49.374447039322376,2.595818665295262
2016-12-23,51.591123080553224,49.6550328288204,2.5996198044533623
2016-12-27,52.49041533602206,50.314759458862994,2.6060690474295405
2016-12-28,52.04662244382802,49.99956405043126,2.584531367663168
2016-12-29,51.289174321458226,49.55848354501898,2.5839560744554646
2016-12-30,50.99722857297148,49.30488725650381,2.5745111844427915
2017-01-03,51.74177620710317,49.89080526326893,2.5942066606667944
2017-01-04,53.1013877980823,50.92595761809532,2.6096395795196363
2017-01-05,53.811384486521575,51.65695690340537,2.6075667689092623
2017-01-06,54.100424801984175,51.84363080202771,2.616895743156779
2017-01-09,53.12966518629586,51.32434169714001,2.6082577738050707
2017-01-10,54.2657842394687,51.957397926458185,2.6082577738050707
2017-01-11,54.30666677890861,52.12379056752762,2.615628628745062
2017-01-12,53.03066265501372,51.26543754067827,2.6090640822348816
2017-01-13,53.872169115082464,52.0694773473091,2.615052927383256
2017-01-16,53.872169115082464,,
2017-01-17,53.50687718523556,51.93622174832809,2.6058394607467927
2017-01-18,55.04819977038973,52.92766564001142,2.611597494750111
2017-01-19,54.20077437641349,52.76695582348057,2.6019234262087925
2017-01-20,54.12071447630207,52.78402485308301,2.6114828034472626
2017-01-23,53.82454361242187,52.57765935267046,2.6046868335608724
2017-01-24,54.91555016917426,53.45839945520357,2.6213876831336367
2017-01-25,53.639510686299786,52.625071797568886,2.6440771737777244
2017-01-26,55.905196847499525,54.159536535675294,2.6413129501174395
2017-01-27,56.30890599818438,54.66942068745155,2.6371671248196398
2017-01-30,55.836755261300944,54.368924982255514,2.620811573617728
2017-01-31,54.954432469070916,53.90096590985492,2.6205819869349805
2017-02-01,55.225014795604366,54.12391337410053,2.6216182902016416
2017-02-02,55.77508788355428,54.3266385570228,2.62334539428706
2017-02-03,56.23400067197403,54.71710258084534,2.6414282536514415
2017-02-06,56.53736085733181,54.96767472060398,2.636706114760682
2017-02-07,56.31100713131462,55.10301107209468,2.636821622371736
2017-02-08,56.44879448195864,55.218509396812756,2.6402766468507783
2017-02-09,57.91609576668318,55.99648237319728,2.655940785002779
2017-02-10,58.49352052095505,56.40801202445609,2.6664207538198057
2017-02-13,59.05633364261708,56.53464940517388,2.6809332851711423
2017-02-14,59.085568066044715,56.390747118771884,2.691644269210276
2017-02-15,58.63196924074982,56.328957464309326,2.7056957905026553
2017-02-16,58.532218382561744,56.28359002345387,2.703392576901328
2017-02-17,58.07348750641724,55.97933177504222,2.707653501656078
2017-02-20,58.07348750641724,,
2017-02-21,58.68660272814132,56.42509185998793,2.723778445789985
2017-02-22,58.206678844461194,56.192292191642935,2.721359520500553
2017-02-23,55.8526590361587,54.75943889460959,2.723202132197025
2017-02-24,56.393579284861886,55.2389725799938,2.726657768907221
2017-02-27,57.80339515248647,56.15553722282601,2.7309193058931256
2017-02-28,57.39535085313593,55.789484496599904,2.7235484509531345
2017-03-01,57.50198525051652,56.00386043795207,2.761671064527115
2017-03-02,55.08039734600174,54.17329713325052,2.7442802304437985
2017-03-03,54.88995440886135,53.980912566622,2.746007334529217
2017-03-06,54.504546090242,53.99644951778843,2.7378299670823636
2017-03-07,53.448069949933156,53.24750917849219,2.7296515792502536
2017-03-08,53.161398258993216,52.8542388450602,2.724584141988641
2017-03-09,52.7657634724671,52.53822451616238,2.7280397786988373
2017-03-10,52.941614533146534,52.677651700375804,2.7375995640914104
2017-03-13,53.460004136079306,53.210371117398694,2.7389811657289247
2017-03-14,54.17348541463516,53.7227375842538,2.7285007887577954
2017-03-15,54.203481760956294,53.70637222621798,2.752111891365696
2017-03-16,54.61928190345731,54.25371900945368,2.746698135347974
2017-03-17,54.73734396338677,54.38451975696936,2.7418745701627025
2017-03-20,54.66054044705486,54.306100350610315,2.7388662703490247
2017-03-21,53.80429307391979,53.92549585096767,2.703701345479991
2017-03-22,54.45702427055353,54.5055394746683,2.710063651632302
2017-03-23,54.43602955336706,54.45909761945095,2.7071708594296777
2017-03-24,53.974672799861345,54.214310950268846,2.705205393348304
2017-03-27,53.7714401143479,54.26543543590692,2.7024289250649387
2017-03-28,54.961836751060325,55.142484902542535,2.7220939938082935
2017-03-29,54.77795471722244,55.12866442297868,2.7246382224072434
2017-03-30,55.43286737079227,55.57161160979485,2.7333141500904996
2017-03-31,55.28651498599099,55.51387966718714,2.7269522520922913
2017-04-03,55.06703706358073,55.314824300245824,2.7222097054963985
2017-04-04,54.78671702504864,55.08227069308006,2.723944768586819
2017-04-05,53.73002026910996,54.186860981970874,2.7158473993440877
2017-04-06,55.27358338653533,55.209624251192245,2.723482125911451
2017-04-07,55.7969711825485,55.47502661658719,2.720705657628086
2017-04-10,55.791746413326315,55.57907305822308,2.722324396799247
2017-04-11,56.002896102585886,55.88820481601335,2.7190863062257704
2017-04-12,54.122097364596314,54.66570494661839,2.707170859429678
2017-04-13,53.10561792650092,54.03555468732646,2.6895892133033668
2017-04-17,53.250203161570774,54.50656584907261,2.713418066125038
2017-04-18,53.43378380236555,54.32383319763745,2.705320696882307
2017-04-19,53.555295003289245,54.048239404626266,2.7003471350643067
2017-04-20,54.65411573456621,54.601944930913156,2.722324396799247
2017-04-21,55.04920893104797,54.934549201635384,2.713649693578299
2017-04-24,56.21613618247211,55.6546037484188,2.7434935134109146
2017-04-25,56.19718766637787,56.17220799744674,2.759458052982475
2017-04-26,56.39693164645805,56.12324051587763,2.7577217654297463
2017-04-27,56.16059717273741,56.07940933071031,2.7600357951147942
2017-04-28,56.00577848707096,55.95280291776354,2.754020215872696
2017-05-01,56.39808493660712,56.27343914069681,2.760961080465531
2017-05-02,56.498084982164244,56.41111208626112,2.762002689735527
2017-05-03,55.6346720839471,55.760498912206884,2.7586478670886887
2017-05-04,55.74191473634181,55.7706848213305,2.7618865698933197
2017-05-05,55.98676695119276,55.909193369969834,2.7727597951882625
2017-05-08,56.30614970745649,56.17381916419286,2.7722979688210994
2017-05-09,56.041051276940216,56.01070983587908,2.7697525157598415
2017-05-10,56.80191720988268,56.681738358756895,2.7747264857319442
2017-05-11,56.53040351407878,56.559569147067165,2.7690582456312116
2017-05-12,56.949933978896915,56.900780393905805,2.7644312066463725
2017-05-15,56.483578680604595,56.64149180788302,2.779700455704047
2017-05-16,56.51731252032683,56.73566077110424,2.777156023028046
2017-05-17,54.65356828907366,55.48754450309861,2.727877945597131
2017-05-18,55.527237005961226,56.10683119822712,2.7388662703490243
2017-05-19,55.562939667383176,56.14427108974604,2.756681380622059
2017-05-22,55.504979414592434,56.16107834537893,2.7706784133417326
2017-05-23,56.39513089523857,56.755686513067836,2.776809092040782
2017-05-24,56.121508191213394,56.558682976834504,2.7832860894959413
2017-05-25,56.36962144119173,57.094888454471075,2.796589464318139
2017-05-26,55.85803818887118,56.85344941004389,2.796010701800563
2017-05-30,55.956483273782545,56.670499591622516,2.7935819808126667
2017-05-31,55.29919754013973,56.36619499471918,2.7928881188381394
2017-06-01,55.87413861948699,56.73466900362279,2.815097008026341
2017-06-02,56.06325985231244,56.84847113859753,2.8244672058382267
2017-06-05,55.97040640563404,56.7254491516672,2.8223850076834913
2017-06-06,56.05954523643497,56.778463793199606,2.8133617408588694
2017-06-07,55.58627527332861,56.43315591768276,2.818567950515387
2017-06-08,56.757274808542334,56.89705495956548,2.8199560826185444
2017-06-09,56.463645513256814,56.823793829078625,2.8156757705439173
2017-06-12,55.86261293453497,56.381206834933224,2.815097008026341
2017-06-13,56.03610427008128,56.522078117484554,2.8288630255239076
2017-06-14,55.10241484260779,55.65832415770356,2.8252771876549616
2017-06-15,54.39777691810688,55.165391033520635,2.819840370930439
2017-06-16,55.14350934042979,55.710784166500176,2.820456479548409
2017-06-19,55.09665482607088,55.880613575241895,2.8439365646893546
2017-06-20,55.21533623505026,55.56589302641014,2.8247571993281686
2017-06-21,55.7558802334122,55.85418161534469,2.82406007212082
2017-06-22,56.17805944738263,56.322884872097355,2.8227817334712797
2017-06-23,56.4175253948412,56.71975083416147,2.826152474128122
2017-06-26,56.15852134046735,56.589459828748474,2.828011003834598
2017-06-27,55.153109154869185,55.866188582763705,2.805228862209206
2017-06-28,56.82187307416078,57.026767397410794,2.8303366659115716
2017-06-29,56.32226499216104,56.72813893681506,2.805461714124775
2017-06-30,56.57652240013118,57.07766059714795,2.8106928211815556
2017-07-03,56.588939024816206,56.86311626345993,2.815457612176043
2017-07-04,56.588939024816206,,
2017-07-05,55.17436849098907,55.86413143454572,2.8219678741905696
2017-07-06,53.906111174924405,54.95983234797019,2.7961623310497017
2017-07-07,54.68819986870874,55.4090846204993,2.8142951892916592
2017-07-10,54.97698977568147,55.591840916610366,2.8173175704218787
2017-07-11,55.48285448763139,55.8602012270351,2.8152259847227823
2017-07-12,56.21626271220257,56.44077605139524,2.8363816322490623
2017-07-13,55.88975383843635,56.22013513026402,2.8411474436288064
2017-07-14,56.39048885041183,56.63967446108411,2.8543983706488123
2017-07-17,55.845032954907,56.2705448696184,2.854050419276292
2017-07-18,58.43513832944122,58.041385477667866,2.855560589456145
2017-07-19,58.19489305327685,57.84816945450035,2.8710210587109164
2017-07-20,57.8115497616805,57.42596876721016,2.8723004177457137
2017-07-21,57.85006727084038,57.42382674734442,2.869742720061376
2017-07-24,58.42758748752539,57.765715340854904,2.8690453887769762
2017-07-25,58.51703822116623,57.91202430392684,2.8760197220062302
2017-07-26,58.661626336901946,57.89230357135254,2.8761360459254894
2017-07-27,57.82873059719954,57.522644116729765,2.873462228398944
2017-07-28,58.06380193983489,57.78353127042323,2.8700908755109475
2017-07-31,56.814601122719644,56.798729030744724,2.868463973257733
2017-08-01,56.7721784891672,56.86704311123729,2.8748570950447947
2017-08-02,57.17868354817055,57.194914968225085,2.8762519616906457
2017-08-03,58.07226927784727,57.72849241677328,2.8706720869531397
2017-08-04,58.70987275703552,58.0789808491951,2.875903398086971
2017-08-07,58.512611675448625,57.87707978536218,2.881249604600703
2017-08-08,58.50211330698083,57.78116177339434,2.874159763760395
2017-08-09,58.19234779879538,57.73821751906074,2.8740424194558796
2017-08-10,56.471949771722954,56.47553583459404,2.8334749628069473
2017-08-11,55.94653152144751,56.35784464404746,2.837660379052705
2017-08-14,56.30549357969529,56.633016320255265,2.865790359808239
2017-08-15,55.719057796927636,56.27023194043495,2.865442204358667
2017-08-16,56.16575811219192,56.567295325051305,2.8704398472687243
2017-08-17,54.903208520668805,55.55271908760121,2.825686770296983
2017-08-18,55.30969361686568,55.76421093002027,2.821270542906169
2017-08-21,54.91979382953617,55.44297370711025,2.8234788606786276
2017-08-22,55.032562319485386,55.82264920910447,2.853004116234115
2017-08-23,55.0033569889311,55.299967021601006,2.842774958113175
2017-08-24,54.90286337396824,54.96964916637402,2.836148984410544
2017-08-25,54.91685272712077,55.24880028287837,2.8427749581131745
2017-08-28,55.27732166905307,55.65270808750558,2.8428906698012795
2017-08-29,55.29124449596474,55.97085408276956,2.8461452906159144
2017-08-30,55.869142944795236,56.68962492987546,2.8596292736285407
2017-08-31,55.76630006901519,56.722770493423596,2.876833173132838
2017-09-01,56.06610130435469,57.089788313811084,2.88090124507408
2017-09-04,56.06610130435469,,
2017-09-05,55.90601535571723,56.826713644626594,2.8602102809936816
2017-09-06,55.97027013576014,57.19267510253492,2.869974347514637
2017-09-07,55.75988819355238,57.36533294353872,2.869626804296219
2017-09-08,56.016723743428166,57.75572150107543,2.8662556554852743
2017-09-11,55.952511735198144,57.81545354200842,2.896826397774733
2017-09-12,56.55532148673446,58.418058856296966,2.9065908724497915
2017-09-13,56.919536912116925,58.710792774858895,2.9079851268644883
2017-09-14,56.680904273983906,58.43122349083169,2.907055351818622
2017-09-15,56.450842124087245,58.38929076123929,2.9109693455861088
2017-09-18,56.91069002785055,58.573414983771826,2.917160431092352
2017-09-19,56.681867762551015,58.42899776044304,2.9200805696198544
2017-09-20,57.63494027068245,59.098792645394894,2.9211327908965194
2017-09-21,57.19622567342342,58.869986006046894,2.913306231900905
2017-09-22,57.01815625956556,58.94121384349924,2.913889688190662
2017-09-25,56.532712078953594,58.55626217571033,2.90793186275409
2017-09-26,56.73470879453556,58.81912778625072,2.909684272393874
2017-09-27,57.74720333009124,59.439493408743544,2.921015038437902
2017-09-28,58.17755331856481,59.806945944775,2.924519857717469
2017-09-29,57.78177178594475,59.62068090102088,2.934799218793037
2017-10-02,57.9765333004766,59.552568792142914,2.9475328104879175
2017-10-03,58.54358418963083,60.50234813306043,2.953840628067523
2017-10-04,59.71614017330945,61.12826949728611,2.95734544734709
2017-10-05,60.27785261130237,61.741696092596264,2.9748685233596697
2017-10-06,60.690730653520006,62.10227899012985,2.9714806402305154
2017-10-09,60.11395683511452,61.74656119018932,2.9665736075312497
2017-10-10,60.337673748791694,61.866566587636264,2.9744007787580182
2017-10-11,60.63245240221664,62.097682942617894,2.9790735310023555
2017-10-12,61.39645363604219,62.69996557050433,2.9746338347506387
2017-10-13,62.140711659113435,63.28968858866198,2.9782559983347214
2017-10-16,62.0818531389681,63.29220952363415,2.982227745907735
2017-10-17,62.051778716639,63.2615487662129,2.984329943613501
2017-10-18,62.13881091593485,63.35027775728868,2.9872506943721575
2017-10-19,62.22770401043813,63.44090392384192,2.9880680229627403
2017-10-20,62.595407847843695,63.815776566055455,3.0034886971925023
2017-10-23,62.477383526741235,63.695451226485126,2.991806510466082
2017-10-24,62.59146108231584,63.81175285384167,2.997062923077227
2017-10-25,62.24555546850624,63.4591034164025,2.982227745907735
2017-10-26,62.39544568251213,63.60737744565592,2.986081945099182
2017-10-27,63.77605942789489,64.49466653842771,3.01049731536638
2017-10-30,63.58583677925459,64.41958252973501,2.999282465087509
2017-10-31,64.04457532244113,64.82845338303868,3.0039554214088975
2017-11-01,63.868755053915386,64.78100269632175,3.00792696490486
2017-11-02,63.970931350101665,64.91030368063235,3.0090948978696304
2017-11-03,64.24803663185344,65.02050766027898,3.019142019260783
2017-11-06,64.58820610779246,65.23070637494101,3.023814567428069
2017-11-07,65.29589787676728,65.61462188786312,3.0217117574911496
2017-11-08,65.04151717009209,65.80082037698709,3.0268514380289337
2017-11-09,64.66831542587447,65.58637989718841,3.015871888590248
2017-11-10,65.34182613341362,66.4491623229727,3.0149363993869445
2017-11-13,65.21818421438778,66.58244740586034,3.0177398058410856
2017-11-14,65.05359403105044,66.43374895902093,3.0107309835901566
2017-11-15,64.9984777109461,66.31006604042982,2.9956613218886843
2017-11-16,66.3322137975846,67.50318496779352,3.0211274848931886
2017-11-17,66.70516757847645,67.93169794289433,3.0122499290832168
2017-11-20,67.66347070227528,68.52750399724573,3.0173896096210004
2017-11-21,67.71883615558619,68.75129694762721,3.0371318194897583
2017-11-22,67.22518922257778,68.54809947035383,3.0344449410319276
2017-11-23,67.22518922257778,,
2017-11-24,67.45853548237551,68.74046056889347,3.041454171436959
2017-11-27,67.43912886497141,68.68993943010678,3.0399354300209502
2017-11-28,68.70997130790433,69.77148356392279,3.070775349941115
2017-11-29,67.39848424054382,68.5320877470871,3.0689049837656617
2017-11-30,67.62314134885355,68.70533257783418,3.0957739724210187
2017-12-01,66.64734963590577,68.10962260300586,3.089349014613949
2017-12-04,65.24517238611782,66.93598707954409,3.0856113434188126
2017-12-05,65.12707327728235,66.82078043793356,3.0745136333674057
2017-12-06,65.28247984732192,67.155828641569,3.0750974978112646
2017-12-07,65.034136623821,66.91430416989654,3.084793402597075
2017-12-08,65.81406114493686,67.46685163530374,3.101614249476023
2017-12-11,65.98206368765301,67.55618728443562,3.1109601621188006
2017-12-12,65.72558218908519,67.28172901442477,3.1164500388766694
2017-12-13,65.4898253493478,67.3287978813467,3.1160998426565847
2017-12-14,65.26482538509921,67.29457273392268,3.103367271346961
2017-12-15,65.87166801062816,67.85049757075893,3.12920975243412
2017-12-18,66.16467776247472,68.05474430637065,3.1490527763662355
2017-12-19,65.62171447682623,67.58027553509375,3.136958558073177
2017-12-20,65.57409181074124,67.54758186929006,3.1353161459640613
2017-12-21,65.42131309538007,67.46357006103499,3.141773552022293
2017-12-22,65.5429588624654,67.54913974780312,3.1409515296595294
2017-12-26,65.4555607218754,67.50214571480329,3.137194675221568
2017-12-27,65.44760790459499,67.52345058729502,3.138721375642579
2017-12-28,65.83588773956382,67.8728799570419,3.1451777613155536
2017-12-29,65.73034957390365,67.86915839854483,3.1333190479397315
2018-01-02,66.9243295005805,68.99200951647971,3.1557438506482423
2018-01-03,68.80235057948458,70.28833200939336,3.1757056474242327
2018-01-04,69.0708831207911,70.48685771938433,3.1890908571440146
2018-01-05,71.38465746969123,71.89306906971548,3.210343441269677
2018-01-08,73.75329131154064,74.48836249281506,3.2162147380364847
2018-01-09,73.44251415717122,73.87005232280545,3.223493758303377
2018-01-10,73.7510471344014,73.95685081315305,3.2185624404350026
2018-01-11,75.59206681330599,75.42174689162712,3.2420447704235125
2018-01-12,74.6263902109024,74.7034231137021,3.2631791939364536
2018-01-15,74.55549514020204,,
2018-01-16,73.77669711954448,74.01430205212374,3.252025158618879
2018-01-17,73.56603248544377,74.01284033493712,3.283022626022672
2018-01-18,73.5952693462363,74.08754702563229,3.277504382554668
2018-01-19,73.75360854938984,74.26636023384438,3.2924160886184093
2018-01-22,74.69749238412932,74.99094718182151,3.3191869162120757
2018-01-23,76.86683120438786,76.62861715594468,3.326231656024039
2018-01-24,78.02335539854136,77.51717706402192,3.324939440135008
2018-01-25,78.35836158494673,77.66067527152174,3.3263490003285545
2018-01-26,79.63367924598825,78.73493211747338,3.364859768454168
2018-01-29,80.58825429343862,79.50660894780484,3.3425508815108134
2018-01-30,79.59883354337512,78.46936847383212,3.308266140964173
2018-01-31,78.63223667761496,78.02752608866471,3.3099110019979046
2018-02-01,78.45505969278614,77.85595434412905,3.3061516986353268
2018-02-02,77.39714752277222,76.73679470888725,3.2341780082487848
2018-02-05,74.30829472946061,74.25729975018882,3.0989165549344717
2018-02-06,76.14102002662051,75.77272674989327,3.159972531228881
2018-02-07,75.27035965983815,74.98264692659116,3.1428298548399836
2018-02-08,72.08472089937256,72.16090097617264,3.0249463787547533
2018-02-09,73.48728016281684,73.53507651990112,3.070385970927174
2018-02-12,74.79233929075808,74.63262658638158,3.1154723057237397
2018-02-13,75.10208740219737,74.76590543761269,3.1232217235939506
2018-02-14,76.79264712891178,76.35727671844384,3.1653736344694208
2018-02-15,78.91772597565337,78.26107599738322,3.2057639522377976
2018-02-16,78.42607600627187,77.987096434558,3.2067037270591796
2018-02-19,78.42607600627187,,
2018-02-20,78.78008866026175,78.22730693841754,3.1866254022868787
2018-02-21,78.72984697043928,78.1331806974157,3.1707733091706016
2018-02-22,78.09394367364744,77.59926375973639,3.174884237292623
2018-02-23,79.75692086327919,78.84152175237892,3.225489835942449
2018-02-26,81.20453559537827,80.02449071104083,3.262945117558576
2018-02-27,80.68638666777045,79.4640724752674,3.222201950568447
2018-02-28,80.1769903391864,79.08956668533322,3.189561254747333
2018-03-01,79.65826806327246,78.9174270109288,3.1431822959076334
2018-03-02,81.41535578057753,80.56715236838093,3.159386013783354
2018-03-05,82.97941319315012,81.62663698477466,3.1959009083469456
2018-03-06,84.77225539016308,83.12349385835958,3.2040027672848064
2018-03-07,84.56499895106758,82.99014964730976,3.2028287120084964
2018-03-08,84.69256355930442,83.0846383766542,3.21832775182597
2018-03-09,87.24848013599365,85.03126962715476,3.2743342496392835
2018-03-12,86.31127090267034,84.34968691176722,3.2702243419025185
2018-03-13,85.4066600368816,83.77257655471139,3.2490907346977824
2018-03-14,85.53191932440018,83.98027344347126,3.2324168232957935
2018-03-15,85.4898225888829,83.80408313097233,3.2288948615439144
2018-03-16,85.363515077615,83.58893771068568,3.232394987051301
2018-03-19,84.55894396138322,82.97456831937133,3.188661070873909
2018-03-20,85.36511155127899,83.5157654571169,3.194084214435992
2018-03-21,85.1745141886077,83.17713866199804,3.187953943891045
2018-03-22,82.61641404586085,81.0933514114792,3.108263283885454
2018-03-23,80.76152200169608,79.61867734885963,3.0420117099411956
2018-03-26,84.31223263122034,82.57354967990675,3.125239433400465
2018-03-27,81.25007310727871,79.80243626509369,3.07207287183348
2018-03-28,80.17367485066244,78.67687129836905,3.062995932744357
2018-03-29,82.47893048373373,80.53483882746725,3.1021332174175584
2018-04-02,80.23968956684692,78.98967293210927,3.035175332798642
2018-04-03,81.18430588596038,79.66305591970786,3.0740767044005044
2018-04-04,81.99941062242478,80.60981923412301,3.1069669864553973
2018-04-05,82.33418232127923,80.67248229005453,3.131486844172877
2018-04-06,80.87985042375684,79.42986112160206,3.0616990230831465
2018-04-09,81.1794365920056,79.79644604941437,3.076788276181546
2018-04-10,82.91494810524728,81.36158570027649,3.1257098310037845
2018-04-11,83.5033419460838,81.92045452083171,3.1093248927064807
2018-04-12,84.97431110846301,83.04296216739165,3.134905542936782
2018-04-13,84.76900968383133,82.76592185640054,3.125709831003785
2018-04-16,84.70541556489276,82.82053085956403,3.1514090500009098
2018-04-17,87.52619949841694,85.18898076923853,3.185125435959592
2018-04-18,87.31327224374262,85.18576321049139,3.1874827299795228
2018-04-19,87.03114183697197,84.75218728853099,3.169799249404597
2018-04-20,86.59917044117816,84.1951517531073,3.14292107728193
2018-04-23,85.56130800562956,83.25989198110517,3.1424504756015597
2018-04-24,84.20308469566147,82.08169591240575,3.100128772619382
2018-04-25,84.61883566012536,82.15472275827932,3.1077918658968797
2018-04-26,85.90455281421505,83.35372915940954,3.1393850342135092
2018-04-27,85.76660032434592,83.19000577284183,3.1423327231429417
2018-04-30,85.18324221425675,82.75244629724726,3.118166326878368
2018-05-01,85.90555178296314,83.34581548052303,3.123706202513813
2018-05-02,85.39310946015547,82.98065311498256,3.1027230000959083
2018-05-03,85.05815962179837,83.12080234281693,3.0958849903369434
2018-05-04,86.9227113924036,84.51331264821114,3.1359661313725526
2018-05-07,87.84235367764853,85.26353471520179,3.1465760972712777
2018-05-08,87.93969796379858,85.51240266152053,3.1465760972712777
2018-05-09,89.18947512470093,86.43057958573891,3.176990312462365
2018-05-10,89.71814685282153,87.03401202631797,3.206697196593537
2018-05-11,89.1936737204502,86.59309305484469,3.216481262665523
2018-05-14,89.05860173132639,86.20015672428634,3.218014493552176
2018-05-15,88.66123465578696,85.694573211981,3.1958519298546264
2018-05-16,89.2097883351325,86.1700744320119,3.209290403684806
2018-05-17,89.07361013371174,85.81991708321458,3.2065786278267128
2018-05-18,88.91300652450698,85.84482521572171,3.1985637057127194
2018-05-21,89.99830031276967,86.49748675094841,3.2226111250563667
2018-05-22,89.99604366063267,86.40609612225263,3.213652754734068
2018-05-23,91.491674592307,87.6509086308293,3.2224939848289025
2018-05-24,92.16088805915122,88.2879808676208,3.2158920922183283
2018-05-25,92.49872852122714,88.46054247763615,3.208229203017882
2018-05-29,92.06682069043819,88.03676227542508,3.1713314599059927
2018-05-30,93.31570148213653,89.14704547456718,3.2136527547340683
2018-05-31,92.29635860637063,88.46226098022953,3.1939656456691696
2018-06-01,93.29644193088308,89.21638639434408,3.2253224927603577
2018-06-04,94.14371471986519,89.95971059028622,3.240647046698943
2018-06-05,94.78783058906993,90.59972103150712,3.243005565181181
2018-06-06,95.7799997725906,91.36483258472069,3.270118834066982
2018-06-07,94.69128044994942,90.29115679075308,3.2697651685370244
2018-06-08,94.77429674355824,90.42712213904595,3.2794322984585977
2018-06-11,95.35663250360797,90.95444168697553,3.2837934250455523
2018-06-12,96.11562008824662,91.68729387435178,3.288038023636196
2018-06-13,97.03140846562843,92.28296521029382,3.2775451979649355
2018-06-14,98.41744933153316,93.52626944516173,3.2857980739207817
2018-06-15,98.60263891347434,93.34883507156772,3.281606535363484
2018-06-18,98.24588869789861,93.27763264838498,3.274856890967746
2018-06-19,98.8754988834511,93.61363900676197,3.2623034993091915
2018-06-20,99.96839569947493,94.29613888668635,3.2678694968072066
2018-06-21,99.85578955518045,94.05869124781998,3.2473836301633967
2018-06-22,98.7617305397359,93.0219700517368,3.2533053339618827
2018-06-25,95.47778619675648,90.62185892686155,3.209017348590126
2018-06-26,96.99963596281367,91.82313583182406,3.2161231074404375
2018-06-27,95.45189725278357,90.46640973933148,3.1894800320809047
2018-06-28,96.30508849020704,91.17332680424428,3.2077155410796827
2018-06-29,95.87294400693284,91.03549433189096,3.2123336006742633
2018-07-02,96.8699236660399,91.94152469290893,3.219203038299133
2018-07-03,95.3329666637395,90.84236946083284,3.2078341098465066
2018-07-04,95.3329666637395,,
2018-07-05,96.68556658013303,92.08232311907304,3.2340035223698984
2018-07-06,97.6943557512317,92.93019189202921,3.2613571940221675
2018-07-09,98.85635700435688,93.73046353489535,3.290723677631719
2018-07-10,98.89559029893302,93.85548113862785,3.3025640240729213
2018-07-11,98.91485793700812,93.86137430626223,3.2784080357379657
2018-07-12,99.99335331290882,94.86175850774595,3.308131246033245
2018-07-13,98.5628555206593,93.80079997694057,3.3107356773623375
2018-07-16,99.10488521976187,94.04497588498654,3.3077757438098256
2018-07-17,98.04090938725362,93.21367588914141,3.3211558516033244
2018-07-18,98.197450498404,93.35129263929745,3.3281424294556587
2018-07-19,97.16744222492832,92.59450434787085,3.3155902622594122
2018-07-20,96.76804183874343,92.36283706118087,3.3118019799555456
2018-07-23,97.214297829194,92.65224124590117,3.3179598009024223
2018-07-24,95.98523149316325,91.59860678773046,3.3346551403948013
2018-07-25,95.90433372759885,91.87621791675824,3.3630749105632263
2018-07-26,95.91222817788737,91.71697758072715,3.355141211115663
2018-07-27,95.0885942673997,90.64906796700095,3.332406211289128
2018-07-30,91.84812388058602,88.05370173166263,3.3149990510417053
2018-07-31,91.87538949247944,88.11466521814711,3.331339092387716
2018-08-01,91.84158953774607,88.05026167302373,3.3257743193520084
2018-08-02,93.19920257662807,89.26488518731958,3.343892279969219
2018-08-03,93.01673161582984,89.19088147539192,3.3582184889726903
2018-08-06,94.1045720015198,90.02104127224408,3.370534334943495
2018-08-07,95.430388129092,91.12524691440895,3.3816649014001663
2018-08-08,95.07150971233321,91.0129101049161,3.380244525122899
2018-08-09,94.87415224666907,90.87727898728197,3.375626873682421
2018-08-10,94.29073547847464,90.47286747476954,3.353009626314505
2018-08-13,93.80991793872347,89.83112054197565,3.340458275426464
2018-08-14,94.05995047505361,90.21764636113967,3.3617716745134234
2018-08-15,92.66074747477887,88.94110648020772,3.3366685645832383
2018-08-16,92.6391103922831,88.95509726502003,3.3636657136268315
2018-08-17,92.31538453062316,88.67855209758287,3.3755076926844443
2018-08-20,93.53669522314628,89.71169441246315,3.3827322243786306
2018-08-21,94.58373968678124,90.56929577075361,3.3906651075179886
2018-08-22,95.40588478080865,91.25250718785114,3.3886510710983977
2018-08-23,95.18916351283882,91.08929447390643,3.3841517843476923
2018-08-24,97.85818740745684,93.48060943123798,3.4045194903787817
2018-08-27,98.69497552540136,94.06273544015488,3.4314001114260644
2018-08-28,99.07727044995156,94.40152610161674,3.433058033391081
2018-08-29,99.09083903125892,94.54609413580036,3.4515298636153005
2018-08-30,98.8731046681971,94.07930013159982,3.437557524218838
2018-08-31,99.2055075713755,94.37519795134762,3.4376758889086103
2018-09-03,99.2055075713755,,
2018-09-04,99.58561191788246,94.55903260503086,3.4317556136494836
2018-09-05,96.45814935490252,92.1671661688456,3.422518474075066
2018-09-06,96.40691090119509,92.24652025519941,3.412216256369749
2018-09-07,96.49002069982143,92.34638926268362,3.4055857929719884
2018-09-10,96.39189484825138,92.29943647201866,3.411506272308167
2018-09-11,97.13628210965705,92.92607625609884,3.422754999377559
2018-09-12,96.90818923135346,93.07575229195234,3.4235849807453245
2018-09-13,96.49189074235636,92.83310533372904,3.4438320772390765
2018-09-14,95.97498903967896,92.43065914860449,3.4444243088420405
2018-09-17,93.30018161322663,90.39604975510359,3.4261892079973655
2018-09-18,95.09771660892986,91.63336583879934,3.4447806273736647
2018-09-19,94.95434839673302,91.3770998695315,3.4484511572189134
2018-09-20,95.21127326083744,91.86614784328357,3.4763970604741465
2018-09-21,94.7439642402242,91.3290568288087,3.4732199889390176
2018-09-24,95.31127282120096,92.03959199927084,3.4616822887649397
2018-09-25,93.89412420871558,91.09056363343733,3.45847134043929
2018-09-26,93.44010666974553,90.67819665721913,3.4481225931662696
2018-09-27,93.85087292586235,90.94145508430633,3.4577578870678347
2018-09-28,92.9726859504513,90.36083528076078,3.4581133892912543
2018-10-01,93.83642852676641,90.86282380192063,3.470127813457242
2018-10-02,93.0678586020656,90.3987614041531,3.4681062261867526
2018-10-03,93.61669722633177,90.96990925063385,3.470008632459265
2018-10-04,91.83659499576977,89.30090071752502,3.442888833107822
2018-10-05,90.07083168064254,88.03618280500918,3.423617837150588
2018-10-08,88.82720274408406,86.42291522737658,3.423617837150588
2018-10-09,89.13182089490581,86.67241099189361,3.4186236635504033
2018-10-10,84.42536665076626,82.55578563125823,3.310378338445457
2018-10-11,83.52163879997762,82.56519813912938,3.2374620161588146
2018-10-12,85.93817830592155,84.8649844804267,3.2824252924934276
2018-10-15,85.25263351603682,84.10753206909244,3.263987747213832
2018-10-16,87.96402241548807,86.48022019657193,3.3353567572972787
2018-10-17,88.87058522678305,87.10168121534967,3.3359528663642175
2018-10-18,86.61493960281076,85.1860990122925,3.287777621318698
2018-10-19,85.52801209215487,84.15508610184173,3.285992763427753
2018-10-22,85.5367364123107,84.30735828978992,3.2712435026968714
2018-10-23,86.05013848395146,84.60074937310604,3.2545906112311696
2018-10-24,81.42423128732788,80.42269920824675,3.155981396335994
2018-10-25,84.17590919784244,83.010402113703,3.2126003293803542
2018-10-26,83.60645434989193,82.36592227383541,3.1561003732569204
2018-10-29,82.11935423016114,80.81289502069221,3.138614847421786
2018-10-30,83.5127834238822,81.89819378532815,3.18512482372844
2018-10-31,85.8605857290021,83.87230548555425,3.219143651877196
2018-11-01,88.4669506034095,86.29117999023282,3.253401046098958
2018-11-02,87.62261694257285,85.41799254851779,3.2341318868351867
2018-11-05,88.39527628892886,85.68956718425379,3.2519739352789974
2018-11-06,88.48800733720212,85.56799476436457,3.2725522488270604
2018-11-07,90.95113320381724,87.94396333527126,3.3426137372426266
2018-11-08,90.95890057507786,87.99699118613525,3.3365473428147463
2018-11-09,88.3875965902664,85.55152717069863,3.3039556254859517
2018-11-12,85.73708180253928,83.06541748497708,3.2422198685335566
2018-11-13,86.14237931795925,83.50822577615763,3.236154494490933
2018-11-14,84.61849887026233,82.47791682314696,3.214029072816726
2018-11-15,86.60494180978905,84.20706140122066,3.2475724014358796
2018-11-16,86.66910312863709,84.34518057799167,3.256018334282285
2018-11-19,83.63178097710872,81.08565215491134,3.2009444685935557
2018-11-20,82.6519552790801,80.50086731378373,3.141707022903561
2018-11-21,81.77696689926644,80.49373906940758,3.1524131090934633
2018-11-22,81.77696689926644,,
2018-11-23,80.12026425674881,79.27553421168467,3.131358275630541
2018-11-26,82.37985178672457,80.7845797035829,3.1819126509404834
2018-11-27,82.80691670038709,80.98375868721227,3.1926179208221797
2018-11-28,85.42175201222393,83.07446123981238,3.266129535867556
2018-11-29,85.4804874533853,83.11339674771516,3.258991940997237
2018-11-30,85.95708399543419,83.27247552030485,3.2788563930197427
2018-12-03,87.21718434736613,84.21603667895451,3.3222731734593656
2018-12-04,85.36528812335531,82.87629706801215,3.2146233451902044
2018-12-05,85.36528812335531,,
2018-12-06,86.62206639148566,83.70614623557768,3.209746719971587
2018-12-07,84.09581159339017,82.18480897512543,3.1351653330231306
2018-12-10,85.69608519395982,83.55766379415996,3.141112546453033
2018-12-11,85.29008194470516,83.2643790824203,3.141825795747437
2018-12-12,86.52143841850057,84.13765116007274,3.157646460997809
2018-12-13,87.55366130275418,84.76228016986371,3.15657526055537
2018-12-14,85.19939923122367,82.97681146083353,3.098290242463939
2018-12-17,82.75496349520317,81.11524437961724,3.0375069131101085
2018-12-18,82.97677453589655,81.52333914055383,3.034176171555327
2018-12-19,81.04215945435008,79.31584250427822,2.98873719161406
2018-12-20,78.31794454614366,77.29829961542578,2.9400868551930412
2018-12-21,76.39652044315808,75.32751278758427,2.8798457585645982
2018-12-24,72.76767335934927,73.14354353589039,2.8037521606657756
2018-12-26,78.78798359876707,77.8683938168722,2.9454108173081774
2018-12-27,78.41478990639584,77.98716318478854,2.968023779058016
2018-12-28,80.14613989253034,79.13495640114263,2.9641957017291394
2018-12-31,81.33709831658349,79.8130023376893,2.9901583841995327
2019-01-02,80.03489057355381,79.74552131417936,2.99326933477003
2019-01-03,79.17673382183698,78.98517804587343,2.9218409382646455
2019-01-04,84.26021153440091,82.62498774955625,3.0197107820028473
2019-01-07,88.33657183515625,85.66994187819688,3.0435198393505396
2019-01-08,89.48085093357882,86.89742797146869,3.0721153198601607
2019-01-09,89.92824937828551,87.37410539720837,3.0864723444983833
2019-01-10,91.2196291680242,88.28777051419547,3.09736005926397
2019-01-11,92.62053132445074,88.99971464184311,3.098556358938875
2019-01-14,90.99788316387075,88.14567629887149,3.0796524975969866
2019-01-15,94.58048679863666,90.65444485682,3.114947419547718
2019-01-16,94.34713630933366,90.4896844175139,3.122485209515698
2019-01-17,94.76009773035561,90.83294492741656,3.1461744736342583
2019-01-18,89.13964314355678,87.6733451537393,3.188050064182226
2019-01-21,89.13964314355678,,
2019-01-22,87.47823526207046,86.72020096649447,3.1449787861905074
2019-01-23,85.80340267081506,85.56052909271222,3.1515586384795378
2019-01-24,86.9955059452877,86.56510053348055,3.153233294762764
2019-01-25,89.13700006411061,88.44581757540189,3.1799141243767934
2019-01-28,88.51717852746921,87.79666516188483,3.1557465036499117
2019-01-29,87.73731971987128,87.13062720239417,3.151558638479538
2019-01-30,90.54702769910088,89.28785748666964,3.2014509878349604
2019-01-31,91.45910024985757,91.07806417711049,3.229567295428055
2019-02-01,91.90413046152443,91.17613734055875,3.231122974790355
2019-02-04,93.3160538390902,92.21082586584966,3.253854709384068
2019-02-05,94.7195010772821,93.1064554575493,3.2674937909557062
2019-02-06,93.87926650407648,92.51733161474723,3.2631867447873546
2019-02-07,93.20830483647893,93.21106138398014,3.232079483929945
2019-02-08,93.32079334494271,93.33393193158585,3.2360275585650045
2019-02-11,94.17557284454286,94.0573746986558,3.237822416231465
2019-02-12,95.1914595490914,94.4143874107176,3.2794594407064253
2019-02-13,94.09700429823802,93.86547805151376,3.290107364936697
2019-02-14,94.39135693623888,94.10956428727005,3.2828095695810826
2019-02-15,94.58864592668475,94.24717321103552,3.318582644063084
2019-02-18,94.58864592668475,,
2019-02-19,94.75554878820829,94.46697857838507,3.324326188595758
2019-02-20,94.23473485586202,94.19399645050396,3.331024609651612
2019-02-21,92.543632106842,92.87366338226741,3.31918120205464
2019-02-22,93.61614946129484,93.67516710002842,3.339758903371549
2019-02-25,94.26686238532162,94.13749709176392,3.3443069645375227
2019-02-26,94.27972573402776,94.15720800835476,3.3419133448024554
2019-02-27,95.8335430698068,94.8525284458459,3.340477662746338
2019-02-28,95.98475552445882,94.94511420099977,3.3342569860676514
2019-03-01,93.35906126595725,93.40288632501338,3.3550746819969266
2019-03-04,92.20384490213614,93.11629225096594,3.342870262096149
2019-03-05,91.71425454722535,93.02041478039091,3.338323629469534
2019-03-06,92.20751449245446,93.37840644933695,3.318103471146558
2019-03-07,91.31507939055331,92.53798530039181,3.2903467473179093
2019-03-08,92.12264710682882,93.33725490326184,3.2837666909518277
2019-03-11,93.89445376580116,94.44430861500544,3.3313839893390065
2019-03-12,93.08601282474046,94.34263278055612,3.343946156310768
2019-03-13,94.43196623538546,95.48112890739554,3.3660813736834396
2019-03-14,94.15424954114842,95.0219244368559,3.3639281567148407
2019-03-15,92.42175175789822,93.76463294956139,3.3805483958523297
2019-03-18,91.80929939370618,93.31182160424038,3.3928042431700427
2019-03-19,91.42674985368673,93.41431032508427,3.3936462650838366
2019-03-20,93.8859434654175,95.07969042113636,3.3834318005105923
2019-03-21,94.31584407205106,95.5317229849105,3.4216456365265184
2019-03-22,91.6124024944965,93.92659063330223,3.355792829140562
2019-03-25,91.84072243605722,94.42532762304434,3.3532686000926426
2019-03-26,92.47137888586822,95.0210655615695,3.3782649777249816
2019-03-27,92.74013241756253,95.15461582055406,3.36059904777647
2019-03-28,93.28420763406311,95.28163263813849,3.3733379454746855
2019-03-29,93.82988874537902,95.8613131919463,3.3946080802267624
2019-04-01,95.9328987913651,97.09863400205431,3.4348665642199787
2019-04-02,96.00431578281263,97.54862020949552,3.436547342814745
2019-04-03,96.85467123919163,98.00883860196916,3.441954976520927
2019-04-04,94.02469087370972,96.49919867647635,3.451088240876217
2019-04-05,94.76069252882203,97.01629278569297,3.4677927638359054
2019-04-08,94.25341695891217,96.86184255991512,3.4704355616506484
2019-04-09,94.58525904471865,97.25597908124274,3.452650654781211
2019-04-10,95.14061204970841,97.81545158505222,3.464426716951244
2019-04-11,94.27952897992864,96.8260286964213,3.4634671466558835
2019-04-12,92.90408635127451,96.24235509843189,3.4868992736897666
2019-04-15,92.55314840097918,96.02085266646762,3.4846152433312643
2019-04-16,94.19037479333744,96.65559714167148,3.486899273689766
2019-04-17,93.19175054141681,95.73542022630488,3.478368036635904
2019-04-18,94.11523531982596,96.4514778525376,3.485216454324487
2019-04-22,94.64571889752672,97.03125893117007,3.488221284828292
2019-04-23,95.34183617957986,97.55832873923532,3.5195879276179434
2019-04-24,94.07703131456945,96.94992587549238,3.511775858092973
2019-04-25,92.3301321873337,96.09068362646205,3.509611416886551
2019-04-26,91.17682115929126,95.38633164301518,3.525955539773588
2019-04-29,91.97273135727907,96.01171382979201,3.5314827626318506
2019-04-30,91.59351875832915,95.93828420643976,3.533285579303313
2019-05-01,91.66189273718723,95.94716638720205,3.506727808151237
2019-05-02,93.31260941810784,97.10046458030573,3.4991565495468384
2019-05-03,95.53109667061273,98.7630132725308,3.533405984763599
2019-05-06,95.0497864115267,98.5377320775573,3.518865903010332
2019-05-07,92.83542996487756,96.80217509731158,3.460100691617119
2019-05-08,92.0298730207734,96.308205902153,3.4552959015205698
2019-05-09,91.39934438512742,95.84833338590887,3.4448394015644466
2019-05-10,90.91717349305242,95.57286922075644,3.4621443192091528
2019-05-13,87.21106594805224,92.77070524124069,3.3751405580690967
2019-05-14,88.13722404543374,93.49236431863534,3.4056631381744413
2019-05-15,89.31524523077259,94.63921871464841,3.425612078096198
2019-05-16,89.26004725437566,94.56383807254875,3.45733748834209
2019-05-17,86.44085190013588,92.7357913900572,3.434986153372059
2019-05-20,84.97150914320508,91.72490049166916,3.4122736020211706
2019-05-21,85.52294497879663,92.09976116529663,3.443036584892983
2019-05-22,84.08367123741844,91.11656620103915,3.4324613120929848
2019-05-23,83.09841008596952,89.71470015096652,3.3905224576591046
2019-05-24,82.49028405421114,89.25074734099317,3.3982131013385324
2019-05-28,82.68837810353607,89.8054909328652,3.366607892475874
2019-05-29,82.09896503924284,89.15048506817838,3.3440159506623233
2019-05-30,82.28968396227086,89.57077839514727,3.353149010940562
2019-05-31,80.59440250980948,88.08479319124694,3.3079630865429466
2019-06-03,78.11666980191168,85.57157519183406,3.299552663103473
2019-06-04,82.22618420755185,88.72882384527868,3.3711737083453146
2019-06-05,81.7969311135787,88.52107632507119,3.40037529769739
2019-06-06,81.53821638652501,88.47832294644543,3.4224880665944153
2019-06-07,82.47234482902573,89.49721056888114,3.4567362773488677
2019-06-10,83.73283855228169,89.83279085865784,3.47260000285707
2019-06-11,83.5993277107169,89.64647855958023,3.471758389097379
2019-06-12,82.74407593898749,88.90238718738294,3.4656295470917913
2019-06-13,84.03195414734624,89.8456998744006,3.479929634232692
2019-06-14,83.41393873597542,89.25919032568379,3.476084414431504
2019-06-17,82.1510577727292,88.82387869547672,3.477406017415927
2019-06-18,84.76766067283971,91.248028221209,3.513817853068596
2019-06-19,87.57316084315138,93.11153679423509,3.521748695437441
2019-06-20,89.1220309891434,95.01318036280418,3.555397735969184
2019-06-21,89.21497236767351,95.21406830857246,3.5502292805671622
2019-06-24,89.22172146205291,95.48728981739298,3.545882031219699
2019-06-25,87.82576885820244,94.12587227651036,3.5111044445940927
2019-06-26,87.89267329847802,94.34653796506456,3.507602890547347
2019-06-27,88.26417285710532,94.96272206271236,3.5200401623636934
2019-06-28,86.90356017758266,94.0756141054863,3.53815444959398
2019-07-01,87.79044350626091,94.7624365482866,3.5702737285489423
2019-07-02,86.6798065615861,94.1639045344018,3.5795727034699136
2019-07-03,87.18064162416577,94.95611311479783,3.608192877302746
2019-07-04,87.18064162416577,,
2019-07-05,87.45035797151527,94.83606556257756,3.6040864388758536
2019-07-08,85.47635024264426,93.37164001008814,3.584282801814645
2019-07-09,85.97046444223176,93.8014651978231,3.5887496403141887
2019-07-10,85.41225248502711,93.57690690557472,3.605899459399883
2019-07-11,85.4570182308276,93.53846842620159,3.6143498819414175
2019-07-12,87.51515929617628,94.98592325247209,3.6305315594955947
2019-07-15,87.23048572370737,94.4471902831719,3.631739695639477
2019-07-16,88.30762800587497,95.25563527588568,3.6200260810471514
2019-07-17,87.5553780015216,94.3766437837755,3.5953919401809262
2019-07-18,86.17366377794751,91.3036416815199,3.608554501837705
2019-07-19,86.5316789821015,90.89833564907147,3.58850923754772
2019-07-22,86.16614070691861,90.40927248124412,3.597324141702933
2019-07-23,87.47381790144674,91.25803970472786,3.623044380636345
2019-07-24,89.40454922617698,93.29103559825933,3.640072161645343
2019-07-25,89.7032650644207,93.849845637369,3.622682756101386
2019-07-26,90.78914973159246,94.97292900247791,3.646954864278549
2019-07-29,90.45695118610601,94.7458987723938,3.640313380720017
2019-07-30,91.26386930019743,95.10240430298317,3.6313760303340055
2019-07-31,89.7165621411678,93.76227811824496,3.59164957521361
2019-08-01,86.91285885169572,91.4615764780757,3.5603735426347494
2019-08-02,86.12854555017073,90.96916092533472,3.5335647567095356
2019-08-05,83.27771038298378,88.64598874848002,3.427298979002505
2019-08-06,83.47200633759898,89.03716154828626,3.475359532745176
2019-08-07,83.24497593189983,88.91960180672055,3.4774129560356735
2019-08-08,85.68609586590154,91.19346443084663,3.545640812145026
2019-08-09,79.5823762059324,86.97645095743498,3.521489109428148
2019-08-12,77.9651751299316,85.79610322168296,3.4786215003336585
2019-08-13,79.30219308447367,86.79622955522667,3.532719061408818
2019-08-14,76.54463316755198,84.08649854289139,3.4282654879176113
2019-08-15,76.01883393453917,83.57945197203878,3.437321611147498
2019-08-16,78.22149264332192,85.4796286979878,3.48804006440671
2019-08-19,80.03920009702584,86.99825447798507,3.5300627945086873
2019-08-20,79.59342114244555,86.18124469275291,3.50301442212521
2019-08-21,79.58162471132927,86.27903769709724,3.531511741573141
2019-08-22,79.94980352611992,86.28901036187216,3.530425643505955
2019-08-23,76.99766248922225,84.13110646595842,3.4397378834352628
2019-08-26,78.03702130955614,85.04193036494306,3.477774988724736
2019-08-27,76.94544643256056,84.12977445698762,3.4641295807645065
2019-08-28,77.50623385610804,84.68142093790833,3.4885241351724683
2019-08-29,79.24748079134902,86.27941590147451,3.53308109409788
2019-08-30,78.78985008163103,85.8740048235333,3.5315117415731407
2019-09-02,78.78985008163103,,
2019-09-03,77.61246653401324,84.97833772065643,3.510862409211214
2019-09-04,78.93532743798283,86.18650224467041,3.5507129431788194
2019-09-05,80.9091362604206,87.43933161830988,3.596356816479623
2019-09-06,80.58054188441757,87.02669020953245,3.5991343051482447
2019-09-09,81.64495844338458,88.11983519177579,3.600947325672274
2019-09-10,84.1749678370965,89.48915165476825,3.6000999977551458
2019-09-11,86.77968901195457,91.37591321485955,3.625702280152888
2019-09-12,87.6272116804449,91.98722140140164,3.638260773737726
2019-09-13,87.89642880795643,92.39773448035173,3.635846542220474
2019-09-16,88.54663278033523,92.88906403682903,3.6246149576233937
2019-09-17,87.63225877829578,92.47971435806522,3.633792710775874
2019-09-18,86.4580449145193,91.29254873762025,3.635965723218452
2019-09-19,85.46518693403024,90.37682930937333,3.635724912297881
2019-09-20,85.20953556167221,89.60409491956884,3.618546114270898
2019-09-23,85.03068642386447,89.54061817550334,3.6176975618914615
2019-09-24,82.7087715995213,87.36806477262202,3.5893096277430443
2019-09-25,83.75853952294308,88.506758150272,3.6105401715471626
2019-09-26,81.83855757261965,87.27793574730342,3.603018707743289
2019-09-27,81.65363296809504,86.8863235798998,3.58360893939115
2019-09-30,81.30027816175343,86.57060829588002,3.600226525526971
2019-10-01,78.75887713956881,84.95185461982217,3.557405037846082
2019-10-02,76.94947969101062,83.69898837920454,3.4945635914295727
2019-10-03,77.73468000763553,84.27988007473887,3.523193560960869
2019-10-04,78.59932888209859,85.09862293278182,3.5708704498470367
2019-10-07,77.94630686128849,84.58759328395429,3.555463040625611
2019-10-08,75.4980223692134,82.42391642158515,3.5002659123978774
2019-10-09,76.03240628369817,82.85098394891303,3.533505166210547
2019-10-10,77.56930440887041,84.47796592083459,3.557405037846082
2019-10-11,79.65191030165731,86.1403844171741,3.5942829854839924
2019-10-14,78.90837520118089,85.91743048821645,3.590280218199176
2019-10-15,79.75409300135243,86.38201421478901,3.6258255426918913
2019-10-16,78.04057833654622,85.59319067536464,3.6200019999550954
2019-10-17,78.71202943558818,86.8186195864929,3.6306776786643487
2019-10-18,77.81474236821937,85.40305272339585,3.6147853823689595
2019-10-21,78.83197304619526,86.18571826344709,3.6392905465387435
2019-10-22,80.67554587986217,86.93923154415089,3.627401833836376
2019-10-23,81.043849975024,87.56892276192139,3.637955882623036
2019-10-24,81.99485077771752,88.15328990424244,3.6439006471283224
2019-10-25,82.48375091228236,88.95493761197396,3.658821536659374
2019-10-28,83.17249904537071,89.58241792894975,3.6794455634669356
2019-10-29,82.2405468193788,89.01071367896945,3.678353751242312
2019-10-30,82.01512482324857,89.38717005141335,3.689636763256328
2019-10-31,80.5802232717164,88.33090615234303,3.6798100450806137
2019-11-01,83.38522266112145,90.55254807865641,3.7138990757350276
2019-11-04,83.65466729376472,91.32642528054559,3.7288199652660787
2019-11-05,84.05071965582879,91.06394580332972,3.724695568058669
2019-11-06,83.08198796059095,90.60131073769543,3.7255457530545164
2019-11-07,84.16922936614628,91.23709908146567,3.738647091595896
2019-11-08,91.96402727269466,96.43716535526066,3.7478672927750534
2019-11-11,92.3106172578411,96.78025055527957,3.74070908612255
2019-11-12,91.85917471591736,96.24292899197518,3.748594215231896
2019-11-13,90.7192852990124,94.97397613585157,3.749808473687318
2019-11-14,92.04903635295386,96.32962934057352,3.755267126656333
2019-11-15,93.20675395842197,97.38386356854964,3.782441618657533
2019-11-18,93.50576371887725,97.93841195467061,3.785231760103337
2019-11-19,93.32938883468582,97.80022570342682,3.7841391315705084
2019-11-20,94.6778195550345,98.50858094524561,3.7700663862647907
2019-11-21,95.50900920769156,99.47722968804864,3.7640016244533214
2019-11-22,96.65537229637788,100.22568763772433,3.7723712324825285
2019-11-25,98.85646044443455,101.87361549173623,3.801608535318587
2019-11-26,100.28116548352337,102.54647771254321,3.810221811347085
2019-11-27,100.02596594710985,102.51252282549291,3.8272067361753033
2019-11-28,100.02596594710985,,
2019-11-29,98.57766127183974,101.53029543843861,3.8130119527928894
2019-12-02,98.75789505459085,101.29994207137078,3.7806216595137587
2019-12-03,98.05279051910391,100.69336298456537,3.755267126656333
2019-12-04,97.9237712387153,100.5466716703971,3.778438443218614
2019-12-05,98.62881933343397,101.08407156229356,3.785231760103337
2019-12-06,99.37357550140412,101.81505591545447,3.8198060859858174
2019-12-09,99.27001846660585,101.41116718767273,3.807796559669061
2019-12-10,98.8193378720196,100.55140384244685,3.8035505325390577
2019-12-11,99.13827284208251,101.33842954116189,3.8143466167085966
2019-12-12,99.83453728984628,102.07347538853682,3.8472230215239986
2019-12-13,99.35701738480425,102.08791756822538,3.849527867741737
2019-12-16,101.80736384276679,104.13200205593712,3.875974620977889
2019-12-17,101.5522676202473,104.09653103884537,3.8768239896655303
2019-12-18,101.8162896129742,104.51235473669139,3.8770660250484097
2019-12-19,102.72366622576517,105.4807919018138,3.8929587294979022
2019-12-20,103.02533359302215,105.99732237714406,3.9100256933007556
2019-12-23,102.5931111645512,106.1013886191624,3.9159994367473314
2019-12-24,103.35251001244,106.91919667301325,3.916121474824028
2019-12-26,103.75246331449912,107.44099587472488,3.9369679456175404
2019-12-27,103.32716800496152,107.20852616275907,3.9359920491580733
2019-12-30,101.3654753337504,105.22152134525759,3.9142921281358922
2019-12-31,102.14427991212817,106.08842112921002,3.9237996698033246
2020-01-02,103.50676545163476,107.32326187505546,3.9604963970196523
2020-01-03,102.5946401177057,107.4662570093543,3.93050604986418
2020-01-06,103.26595083809308,108.80094839735983,3.9455016315960187
2020-01-07,105.12022882908346,110.33499225162583,3.934407186777433
2020-01-08,107.52313665695125,112.2869530147189,3.955375287493539
2020-01-09,107.73901511451987,112.48287656273669,3.98219590988773
2020-01-10,107.99704535496527,112.79733768795903,3.970736983455466
2020-01-13,110.4042761732992,115.83080727666328,3.9980453500023394
2020-01-14,110.47814424152222,115.99699740344994,3.991949160324965
2020-01-15,111.32209750524207,116.12669985091343,4.0009705904561255
2020-01-16,112.24269811036528,116.92154199401385,4.034251884141369
2020-01-17,112.53638935874191,116.87756682449637,4.046809153263899
2020-01-20,112.53638935874191,,
2020-01-21,112.57035099767538,118.01353105140402,4.0388852495147995
2020-01-22,113.56429646370309,119.24430805318296,4.039372585513379
2020-01-23,115.46229532588033,120.58341457433579,4.044003501962194
2020-01-24,117.61384536181787,121.51171528869655,4.008040635822454
2020-01-27,116.3141351067515,120.26988965703133,3.9437943229845787
2020-01-28,119.20438353671402,122.39985605442317,3.9851223748038236
2020-01-29,119.78896598364265,123.17896520908772,3.981828979349436
2020-01-30,120.34683771531465,125.31087695605486,3.9947523627020542
2020-01-31,117.54843416500078,123.37464664359028,3.9222168481931963
2020-02-03,122.72365702995207,129.39992509682446,3.9513533369658966
2020-02-04,126.33552712847748,133.79911963428287,4.011577291122028
2020-02-05,120.14837962870773,131.41268201367325,4.057901149157868
2020-02-06,120.5985139164745,131.9616508998599,4.0715567609706635
2020-02-07,119.56863053425187,130.81342697137626,4.04985643179438
2020-02-10,121.76820406213085,132.88899351942234,4.0800900387950385
2020-02-11,123.47800244723439,134.73940276069567,4.087161716777778
2020-02-12,123.55214518264876,135.695737824054,4.1134937787110815
2020-02-13,124.81884058824147,136.18932935963267,4.109104897645146
2020-02-14,122.98323201686297,134.1814385008525,4.1156884233211
2020-02-17,122.98323201686297,,
2020-02-18,125.77230665693968,135.3220777379735,4.105081314501094
2020-02-19,130.23306867641978,137.7123431310329,4.124708628989952
2020-02-20,129.29680827329184,137.79122575333625,4.107763295109692
2020-02-21,127.59366333289546,136.50308059387856,4.065460979447391
2020-02-24,121.62452398124317,131.93912383146872,3.930627679786771
2020-02-25,117.7342874856384,128.3192572178856,3.811521782164065
2020-02-26,116.75175490673035,127.66656081998403,3.7975020968916935
2020-02-27,109.43131711160015,122.24580095419302,3.626949599090624
2020-02-28,109.05652535717367,122.11047284135809,3.611711165667701
2020-03-02,115.86986658810591,128.25932615096437,3.7681215319656
2020-03-03,113.65604391842096,125.81902581106681,3.6602321172381753
2020-03-04,116.1115248552702,128.60705268065055,3.8140817246959666
2020-03-05,111.18972383507555,124.18510483923959,3.6872947750152454
2020-03-06,108.21632830647808,121.07298559934182,3.62634063316945
2020-03-09,94.49254390635537,107.95965654625948,3.3431429090367275
2020-03-10,99.49891864626514,112.9418513102882,3.516134535755311
2020-03-11,94.10756577147507,106.5859467193841,3.3447281795714705
2020-03-12,84.59191200065273,96.65361642056743,3.0247139349932883
2020-03-13,85.6171145231691,97.04538781167469,3.2832856813418387
2020-03-16,73.55001447522314,83.50069542012785,2.9240159914777344
2020-03-17,73.20325226316537,83.55199238667444,3.08188959023368
2020-03-18,66.68985659021214,76.0582613921014,2.925844113703562
2020-03-19,68.01311900520129,78.82070636311458,2.93206193330353
2020-03-20,67.50363585767867,79.10023744689617,2.805707218817529
2020-03-23,62.18359032982813,75.33027506757512,2.733969645579377
2020-03-24,73.43816993819661,87.06875874323927,2.981676737869141
2020-03-25,77.53154007529575,91.97941531624369,3.026313082767521
2020-03-26,83.07038667662567,96.31109959882816,3.203018503666235
2020-03-27,82.15998289545206,94.55455427118449,3.1076151351704264
2020-03-30,81.84000209906007,94.34940534087788,3.208536747134239
2020-03-31,79.2671500710861,92.34633575988596,3.1607127186940613
2020-04-01,75.12000236192826,87.61084484789211,3.0184650956815173
2020-04-02,72.38511395726248,85.27989653171915,3.088117205532112
2020-04-03,71.38822073372185,85.07021306479672,3.043481064710784
2020-04-06,78.6137485556492,93.04975534981435,3.2478993328721106
2020-04-07,82.09275905667421,95.71693370581468,3.251210891184067
2020-04-08,87.62901907144406,100.7221749953126,3.360349053388589
2020-04-09,90.89251238048111,104.24529329544491,3.4114844360636716
2020-04-13,87.92439994145218,103.32602601803367,3.3803369720271497
2020-04-14,91.87735669188926,107.5995571828466,3.480033713528871
2020-04-15,88.09356083174714,104.2082611096702,3.4060890469805694
2020-04-16,88.88100088171184,105.37643145994316,3.4225217393078844
2020-04-17,90.98572456050626,107.38969927132729,3.514982316723493
2020-04-20,87.83781544893738,104.42104538634601,3.4530547273428467
2020-04-21,86.16629950636971,101.99875211609633,3.3482089177589804
2020-04-22,87.32646905840429,104.52808463272119,3.422521739307884
2020-04-23,85.7862145461762,102.65808466287923,3.4222758264610293
2020-04-24,89.61662285203091,105.89000024053627,3.469977612747459
2020-04-27,93.38752411163465,110.30964295718863,3.5200083263436843
2020-04-28,96.46274626320927,112.94712679530167,3.503823791710788
2020-04-29,99.52651944195418,116.91468673277296,3.5955478550481415
2020-04-30,95.45189246714348,112.81424328162826,3.5620698310854144
2020-05-01,92.2890707296993,108.87843885904029,3.46777072351436
2020-05-04,93.17667837813232,110.41321763172444,3.4773358149102678
2020-05-05,93.95221962078907,111.58260168661981,3.5094640732554887
2020-05-06,94.52158635471757,112.16988673000402,3.485674403227673
2020-05-07,95.42703364251906,113.20641033258364,3.5277354998153005
2020-05-08,98.91380723196177,117.39713722898303,3.586105209883034
2020-05-11,97.29872914461606,115.58379311763063,3.5868415198842376
2020-05-12,94.68900829751043,113.19408516906292,3.5153500635699917
2020-05-13,91.94235452115987,110.45839796145735,3.4531771735736445
2020-05-14,93.2906809566421,111.78131543749878,3.4945044090846835
2020-05-15,93.64663264486474,112.60512988085982,3.510565681178575
2020-05-18,100.72636527877418,119.0500691410807,3.6174979745352545
2020-05-19,101.45551128633379,120.22568196184352,3.5803428902616363
2020-05-20,102.71913856914965,121.3047089763294,3.6411647901781685
2020-05-21,103.84118308243923,122.1730690283943,3.616026987149257
2020-05-22,104.75611739142772,122.87538276255866,3.622892955464254
2020-05-26,106.8816738854032,124.36300110540003,3.6675307289019927
2020-05-27,110.31844821252358,127.49520429615964,3.722098075349317
2020-05-28,106.6257296942403,123.66795201121045,3.715230882572012
2020-05-29,106.4227494199596,124.87968766646685,3.731786837438331
2020-06-01,107.25503573242864,126.29076599436222,3.7468701723022426
2020-06-02,107.68354577969396,126.24803859102913,3.777893557491555
2020-06-03,109.67430164328599,128.19615019855473,3.8281716124739935
2020-06-04,108.80625447993226,127.11679511497977,3.818115919846685
2020-06-05,112.2524609064007,129.87838335444528,3.9159729067306532
2020-06-08,114.09159029920005,132.37975172654274,3.9633073543246864
2020-06-09,112.365398398301,131.10261660984847,3.9337533239049614
2020-06-10,113.12686996053411,133.26220279631187,3.91180197995554
2020-06-11,105.0820112252834,125.41855247794606,3.686291532230898
2020-06-12,106.21160610469323,125.87742795695063,3.7304370718208246
2020-06-15,109.7748870558842,130.12762590061735,3.7652628206305447
2020-06-16,111.73894032346286,131.5675302972902,3.8377358875616956
2020-06-17,111.71827868121314,131.40990166120318,3.8217954290821923
2020-06-18,111.61537267534946,130.69573754492055,3.823266824622292
2020-06-19,110.62450247177087,130.4373337764335,3.801416702890331
2020-06-22,110.4508547817716,130.36109681285203,3.8258035023703423
2020-06-23,110.3608123404526,130.2388842420044,3.8434161682084564
2020-06-24,106.18420554227421,126.10733134343373,3.7453755119782906
2020-06-25,105.44147382783234,126.33975170233515,3.785527671827763
2020-06-26,103.3303888426922,124.3532375852552,3.6956162208603356
2020-06-29,106.99181665460476,128.13941375721566,3.7499321443804194
2020-06-30,108.60026507204158,130.80820751994617,3.7979673925687254
2020-07-01,109.51588872418903,130.90989212155898,3.824571693288505
2020-07-02,110.09650654653113,132.86295786696283,3.845634077602326
2020-07-03,110.09650654653113,,
2020-07-06,113.12930404732577,137.78169898097363,3.904999275526454
2020-07-07,111.9609027392718,137.31728259918333,3.8647234449838748
2020-07-08,113.735004838329,139.08162027193222,3.8942844140233452
2020-07-09,111.95220026620603,137.64314910002403,3.8721151157831017
2020-07-10,115.03280094817713,142.21235175735495,3.911650554783451
2020-07-13,112.16537990515252,139.21532907780093,3.8777798865739617
2020-07-14,114.29383863575076,141.92626623598423,3.928031411539728
2020-07-15,116.48344684850404,144.48851474123185,3.96412039729719
2020-07-16,116.73204567781765,144.46404772523888,3.9510635475530007
2020-07-17,117.14437023195815,144.6858027029432,3.9625188005983403
2020-07-20,117.65742473531273,146.75043589176389,3.994542571493279
2020-07-21,118.44390282866897,146.75105142687576,4.003040339910722
2020-07-22,119.45204246440434,147.75304873322617,4.025826767154192
2020-07-23,116.98866277800536,146.45294947639258,3.9777902945035786
2020-07-24,113.86041534832363,143.48877537965848,3.9521733185581405
2020-07-27,118.67138167916511,147.9173080073216,3.980993487901278
2020-07-28,115.24302730032373,144.93432661616035,3.9557446669564422
2020-07-29,117.03675420701143,147.2245594715958,4.0043941870692565
2020-07-30,116.01955148686764,146.11852533570197,3.990107160859641
2020-07-31,114.04199501597184,145.0295202347725,4.021637881598563
2020-08-03,118.01372377512615,149.30886835886142,4.049597662093287
2020-08-04,118.28905309260338,150.31500626817538,4.0652389436155385
2020-08-05,119.67087545972569,152.74236927899267,4.090488989022682
2020-08-06,119.36009758321569,152.3976752801697,4.117830007897768
2020-08-07,117.24410857318792,149.65861444075242,4.120787900679767
2020-08-10,118.21082410999179,150.71366039434233,4.1331051751899315
2020-08-11,115.78755155347483,147.448605770096,4.098987573748332
2020-08-12,122.10984046256955,152.4405197085354,4.156136086740897
2020-08-13,124.14768481081899,154.24762604450277,4.1486240104813845
2020-08-14,125.04162230500813,154.30393295190134,4.148746864866286
2020-08-17,129.73315118616495,156.99731578811048,4.161924528224864
2020-08-18,129.90619860281825,156.14720254803743,4.170916979414735
2020-08-19,129.59912555005974,155.52919390782736,4.153550430500527
2020-08-20,132.3694396167524,156.30613478115978,4.166483201397506
2020-08-21,133.19519053934127,157.2356948944341,4.181261645146728
2020-08-24,133.38619079887573,157.42357577084687,4.223632530698277
2020-08-25,133.40999711982457,157.3744392494706,4.23841260706391
2020-08-26,136.6968088268143,160.18671560795642,4.280903898075744
2020-08-27,138.5154151641062,160.72905213335184,4.290266136882628
2020-08-28,138.5850978774383,161.69299955425288,4.31797735152883
2020-08-31,144.05341640997136,164.53397123664314,4.302335253698374
2020-09-01,143.36821125564404,165.3002835018795,4.3428572011648585
2020-09-02,141.67398737273987,164.71802522722285,4.4056733420270024
2020-09-03,133.70887432609652,155.86108312074512,4.254054296740264
2020-09-04,134.98976042571198,156.31693523458864,4.219321607065951
2020-09-07,134.98976042571198,,
2020-09-08,122.44492028268999,147.74395515233587,4.104037256306479
2020-09-09,128.19120956458988,152.06452669115023,4.185080334931244
2020-09-10,127.70827911582269,150.62073149592712,4.112412578493124
2020-09-11,128.25965107899432,151.09894986646324,4.114505592731579
2020-09-14,135.34351795070697,156.26537760328455,4.168699478174966
2020-09-15,139.10274795749544,158.22447149688762,4.189761454334685
2020-09-16,138.42681286319993,158.20579982063293,4.173134480654502
2020-09-17,137.00749786009305,156.96727464313273,4.136429998510224
2020-09-18,139.84711548928433,158.4090329357693,4.088808618582019
2020-09-21,137.43007247458127,156.38943142253626,4.043303109522018
2020-09-22,135.6569145519451,155.85239565175252,4.084481368785585
2020-09-23,129.34286933922897,150.53361172544825,3.989757372793659
2020-09-24,130.15537002731912,151.52884599107838,4.000391827938543
2020-09-25,133.10209645727215,153.81878280047863,4.065066294430111
2020-09-28,136.98896146178265,157.5851304254757,4.132584370554933
2020-09-29,135.44764762863952,156.60825723922804,4.110077937025889
2020-09-30,137.10640371087658,157.94432752495416,4.14124050276421
2020-10-01,138.8039832194003,159.68623631263418,4.167826844703471
2020-10-02,137.25029860637198,157.9148296163398,4.128254671833883
2020-10-05,137.69189017530164,158.5112745068014,4.201463640612134
2020-10-06,134.9400789847685,156.0998564834554,4.141734777382534
2020-10-07,136.33659573136077,157.35770384683852,4.213829077306413
2020-10-08,139.7639567481138,160.64463662172292,4.251173545083668
2020-10-09,140.592400089165,161.6443358008302,4.289137590788764
2020-10-12,142.4609351426711,163.354895391883,4.358139715230868
2020-10-13,142.37390177527007,162.6605431119995,4.329697496586797
2020-10-14,143.96447016731094,163.36139240588338,4.302491984873795
2020-10-15,143.91640766037145,164.12451487101035,4.297174553224301
2020-10-16,144.17767047815053,165.21855494628915,4.294578693131364
2020-10-19,141.8940591050403,162.97619454991306,4.229285873174261
2020-10-20,139.27461647929616,161.00911373908983,4.2462279418217
2020-10-21,137.65951318182402,159.3351222676431,4.238189754923854
2020-10-22,139.01560175695153,160.0207280662026,4.261436988149231
2020-10-23,139.09597539007123,160.35101535767083,4.275905234780429
2020-10-26,136.70874665159798,157.77731056640536,4.196886192350769
2020-10-27,136.26778902727884,156.7201407657863,4.182418353873674
2020-10-28,132.81928666957052,153.54220790961503,4.039468501727498
2020-10-29,135.1961118690938,155.65660790938293,4.080523906606164
2020-10-30,131.99874784776887,153.54506609877,4.03798363710201
2020-11-02,135.35981974562984,157.326388318421,4.083243437392207
2020-11-03,140.51963370723905,162.52162669993604,4.155337329161983
2020-11-04,136.780222498086,157.9776924375439,4.2482070810655115
2020-11-05,142.57573730165961,164.31175402278635,4.3310578742109715
2020-11-06,145.01625023001577,168.3605328017763,4.330067692357911
2020-11-09,147.2241131016392,170.3644483419128,4.384479123938018
2020-11-10,145.92509607155463,169.5919505982584,4.3780490642046646
2020-11-11,146.26686410566282,169.28871926659542,4.410571599413058
2020-11-12,144.19557691218637,167.42531749376369,4.367784804830896
2020-11-13,146.83149046559765,170.61083295424058,4.428254059602727
2020-11-16,150.21393239363982,174.1356945606005,4.483529961572275
2020-11-17,153.74972184542392,176.02891695473886,4.459416625341047
2020-11-18,158.4570189464595,179.00639384847634,4.405748442381889
2020-11-19,160.92121874622683,180.99065109294307,4.424297005577409
2020-11-20,159.88046791329842,180.90784378374138,4.394001359153145
2020-11-23,165.7616635950306,185.2161835271456,4.420339951552091
2020-11-24,173.81016232716786,191.54095239758965,4.491567740316016
2020-11-25,174.17788238158974,190.9761736214841,4.484642997810235
2020-11-26,174.17788238158974,,
2020-11-27,174.7693685124701,190.77458059498474,4.4971333296599285
2020-11-30,170.37838505073879,187.07071437275968,4.4772243888402325
2020-12-01,174.46691035654376,191.14831042964198,4.526193085461329
2020-12-02,172.0489549855229,189.39087316783514,4.535714096214149
2020-12-03,175.86997390760908,192.6024343568288,4.534477797437183
2020-12-04,179.07273254324096,195.72286429275084,4.573554471226139
2020-12-07,182.87573996133457,198.34226468061794,4.5641567230123234
2020-12-08,184.04824452851358,199.35009806292067,4.577512341559662
2020-12-09,179.67947099371742,196.0505785381146,4.536456528526894
2020-12-10,183.15532794282265,198.30463398273412,4.534972072055508
2020-12-11,180.08483386172762,195.93196037609673,4.529654232251912
2020-12-14,182.464418221014,197.4277117699215,4.509375095661101
2020-12-15,183.23198104524073,198.74100380754388,4.57033903320536
2020-12-16,178.83140369243992,194.03942103117296,4.577512341559662
2020-12-17,181.20706207175004,195.7210860735293,4.603109317954069
2020-12-18,184.05840860276865,197.7039342829449,4.584730546865257
2020-12-21,181.90264177084958,197.05551696814828,4.568336221023592
2020-12-22,179.98740711204334,195.38660854826634,4.560636393876854
2020-12-23,181.86190862665865,197.5536510937826,4.564735485529899
2020-12-24,183.39152274462666,198.60536947831744,4.582493862382663
2020-12-28,180.96665958844554,195.56725613127486,4.621861550046818
2020-12-29,181.20395102817486,195.5104625268345,4.613044196966989
2020-12-30,185.22248970376592,198.7459206423211,4.619624865564224
2020-12-31,186.50348401241877,199.6037289101508,4.643097399854271
2021-01-04,186.84309327402704,199.54493378305133,4.579886165820749
2021-01-05,191.47942306619632,204.3407752340672,4.611429131182751
2021-01-06,199.23986167913634,210.86447999868037,4.638999124509431
2021-01-07,205.52739653633276,215.85929759890843,4.70792369967203
2021-01-08,209.94408761849948,216.62356486374534,4.73474717914494
2021-01-11,204.5679899736741,213.5422357280454,4.702830752779001
2021-01-12,213.88736702062417,221.54455198327852,4.703825016173088
2021-01-13,214.8471430555992,223.0151574896505,4.716491670595131
2021-01-14,215.3787187643409,224.44386115502587,4.699975714830873
2021-01-15,211.49000795536483,221.05911555671318,4.665699341443337
2021-01-18,211.49000795536483,,
2021-01-19,216.81058804336863,226.39244896033193,4.702335253698368
2021-01-20,219.34237766530433,229.23952995177703,4.767409303056444
2021-01-21,216.08714678794198,226.5518508142386,4.771754103479291
2021-01-22,217.85162796180612,228.40227692628494,4.754865503019302
2021-01-25,220.85312664899757,230.1714875615983,4.7736181432661535
2021-01-26,217.92298014658837,227.58771203080133,4.7661664738138345
2021-01-27,211.08044186124653,220.9229340641521,4.649678476605609
2021-01-28,209.35201439666335,220.79215028866938,4.689668191122221
2021-01-29,203.02244159060368,215.89934423443012,4.595781727348959
2021-02-01,210.00870886431795,221.9005081968311,4.672282050811085
2021-02-02,213.16525500506987,223.08595379474286,4.738347914638632
2021-02-03,214.41231644992564,224.4307287832713,4.742074769750047
2021-02-04,217.14883862257832,227.20361866647679,4.795971519006696
2021-02-05,219.35632705964903,229.9532637309152,4.814847829946654
2021-02-08,223.66135737356433,234.50888717481357,4.849620926877131
2021-02-09,223.26365390454293,234.9545019808493,4.846391203462759
2021-02-10,220.10893229836344,233.73223618589074,4.844280230443786
2021-02-11,224.83184084343392,238.56023053154894,4.852104544591836
2021-02-12,225.33019182601424,238.6355575092358,4.876072169808413
2021-02-15,225.33019182601424,,
2021-02-16,222.4138603132109,234.61339987975958,4.871849815616365
2021-02-17,221.09715500474738,232.47953204297934,4.872968157857661
2021-02-18,217.18932081929574,229.04668059259117,4.852228623439046
2021-02-19,220.83603587604614,233.46452539229384,4.843659428053637
2021-02-22,215.6211505154419,231.1755115198648,4.806402713408455
2021-02-23,215.71933524307568,231.95726467619198,4.812240541538844
2021-02-24,220.67575698399853,234.5572611533834,4.865267106248616
2021-02-25,209.63979230227426,225.22386336770487,4.748035044111236
2021-02-26,209.50575592521332,225.00137940496435,4.723570695351719
2021-03-01,218.96210822913272,232.2497750899891,4.838070982079975
2021-03-02,213.57049440134142,227.90516623492064,4.800317952045956
2021-03-03,208.66923403986303,223.3342337033554,4.736734481470806
2021-03-04,200.04633351677404,215.4084144639573,4.678118246325064
2021-03-05,201.4007637668262,217.51883108589084,4.764179987796173
2021-03-08,199.06275614616078,215.57569448140262,4.7404597039658105
2021-03-09,212.95860334669635,225.1940319164342,4.808141858039902
2021-03-10,214.08542855178754,226.44615648594143,4.838070982079974
2021-03-11,221.464841587866,233.42730838724694,4.887124574754424
2021-03-12,222.0180680141928,234.33048207165461,4.893705243351659
2021-03-15,223.8329902569739,236.2118628623279,4.922889894308474
2021-03-16,215.62364545440929,229.19996306644353,4.916681054098765
2021-03-17,220.90118158522054,233.3649501315283,4.9334468001738525
2021-03-18,212.18066755556268,226.46085131855338,4.861665146292613
2021-03-19,213.30614833949207,227.91517912858555,4.852671062486331
2021-03-22,214.36200059066664,228.07382988855062,4.89141876406854
2021-03-23,208.0820487466459,221.7191744553812,4.852920444643058
2021-03-24,205.1871491935498,219.90205584814146,4.828250386215798
2021-03-25,209.86292201387909,224.164669898831,4.8554122254398155
2021-03-26,212.6777480963804,228.06931854499916,4.933657407690826
2021-03-29,209.460330317458,224.51851994244575,4.931164402431761
2021-03-30,216.52812256830669,230.08617048343538,4.918083471595514
2021-03-31,220.45427525329097,233.274621746105,4.938017309815471
2021-04-01,220.48638343318174,233.9313825882864,4.991342643328392
2021-04-05,225.7890001672099,237.840724369563,5.062984300352418
2021-04-06,224.6750575304942,237.524895384187,5.059993755242206
2021-04-07,222.5122762319108,236.38660161148982,5.065850358461318
2021-04-08,226.02686843673845,239.72396553160416,5.089895941111503
2021-04-09,226.85654033287614,240.58406453692263,5.126901232829443
2021-04-12,229.87284724791354,242.4548925483736,5.128770986773743
2021-04-13,238.13641789129062,248.78790749764207,5.143971053711016
2021-04-14,233.88366222273027,245.5903601340474,5.1264041011324
2021-04-15,236.84225820263399,249.33221856711302,5.181472252663692
2021-04-16,237.58872782384023,250.4420776337234,5.198791455701991
2021-04-19,233.65044464568828,247.42583683314,5.173249988265546
2021-04-20,232.2318284886278,246.23495178413717,5.135374103846625
2021-04-21,237.49083186617327,250.41515994191835,5.183965666076861
2021-04-22,234.0347868891452,248.24860266704675,5.13661938201385
2021-04-23,237.0864979340237,250.61134082986172,5.192312825630422
2021-04-26,238.86315756768022,251.57552061305302,5.20315176598074
2021-04-27,235.79755039693032,251.3388663395162,5.20202975035252
2021-04-28,234.83868046318753,250.80093176663812,5.200535906336773
2021-04-29,229.5322638067911,245.33457217073013,5.233678019473008
2021-04-30,231.92669777712905,247.02370547173373,5.19928940370724
2021-05-03,227.8617305437261,244.27609986383467,5.2105034376779065
2021-05-04,223.8206991527845,241.1792139591602,5.178358036860374
2021-05-05,225.90166743450374,242.45118702088234,5.179978000493843
2021-05-06,228.33421068037396,245.32908342625672,5.221343194336431
2021-05-07,229.69380325637158,246.5710991301288,5.259344790218972
2021-05-10,222.51408653831012,241.21900847239996,5.207264326719173
2021-05-11,221.79731274527748,240.61156521230197,5.160790676127656
2021-05-12,214.04471540491988,233.8400702427205,5.051148647683396
2021-05-13,211.95545033067933,232.90974501570443,5.111824836585278
2021-05-14,216.8165460117499,236.85548375806553,5.1903185846848094
2021-05-17,214.6046151072298,235.63294378204017,5.1771127586931485
2021-05-18,214.87897996056793,235.84865935915983,5.132507637583623
2021-05-19,212.81370776389437,234.93353853446345,5.119050796818824
2021-05-20,219.5758683063,240.06428705100703,5.174122213582937
2021-05-21,217.75320328766196,238.5829284389974,5.169885982151397
2021-05-24,222.66607964147875,242.26992800364843,5.222588880657757
2021-05-25,223.06341710554813,242.7864163082916,5.211000977529052
2021-05-26,225.35552483981152,244.45837926483185,5.221343194336429
2021-05-27,226.34912839037173,245.1326581856352,5.224084765444016
2021-05-28,225.79255517835608,244.75623474331178,5.233428229162177
2021-06-01,224.26745780462858,243.55408840095853,5.228818944880804
2021-06-02,221.52363389089072,241.71266369461637,5.237042025587155
2021-06-03,218.6078314847296,238.71636392630336,5.217604502756035
2021-06-04,223.7249397823035,242.51302500341276,5.265324247822981
2021-06-07,224.64232483581858,242.75161888368692,5.26021701553636
2021-06-08,225.13762629353747,243.28068263884077,5.26133739854817
2021-06-09,225.7484129723782,243.7052137673429,5.253488186999857
2021-06-10,231.28245623080113,248.57784778001093,5.277908046962184
2021-06-11,230.96909183279698,248.6699268249602,5.28662989198199
2021-06-14,232.99587003949125,250.1591658786727,5.2984663609592175
2021-06-15,229.90678888303856,248.38927304664105,5.288748211774812
2021-06-16,232.22204254773175,250.0615789953322,5.259219895063555
2021-06-17,235.27807624115263,250.93931524957554,5.257475444428773
2021-06-18,234.53951970719436,249.88559758643956,5.1865496897008185
2021-06-21,236.071579037228,251.70878469029608,5.260800267749066
2021-06-22,236.3707930745154,252.5214437675266,5.288925758809471
2021-06-23,241.16739633438866,255.8414762987539,5.282550391725875
2021-06-24,244.14646097598305,257.7692612130047,5.31380111875037
2021-06-25,242.4531927539873,256.61426519364505,5.332675797073918
2021-06-28,245.05265527991466,258.2503109750171,5.343426167983959
2021-06-29,244.89764168207785,258.4363988945084,5.346301205483117
2021-06-30,243.64283006531426,257.1809798568594,5.350801104464977
2021-07-01,243.52991259717004,257.3056002157064,5.380425745544462
2021-07-02,244.7646472097377,258.65858813920994,5.421551761082888
2021-07-05,244.7646472097377,,
2021-07-06,244.91657741537603,259.3426932962872,5.41167688072306
2021-07-07,243.2165392352409,258.69170025975745,5.4308017575115395
2021-07-08,242.6686243614334,257.3197827520975,5.386552138625433
2021-07-09,245.706821196686,260.209147546149,5.444052072300392
2021-07-12,247.73583465159766,261.29206532714494,5.463552042709219
2021-07-13,244.88516690400945,259.06857826844936,5.444926338388297
2021-07-14,243.23478793014732,258.7199245221949,5.453051870264112
2021-07-15,242.63383061832886,258.7548280846504,5.434427390405497
2021-07-16,240.66246073009557,257.2321802897124,5.391801408539783
2021-07-19,240.02801935998284,255.89739810288748,5.312175849113567
2021-07-20,243.3237397257065,258.94888478449377,5.388301895263551
2021-07-21,243.44888910173248,258.8629734842976,5.43192663021848
2021-07-22,244.87441899168883,260.4862908011966,5.443302293213801
2021-07-23,246.7608529563164,262.5873633180307,5.49930185240737
2021-07-26,247.76420777110334,263.0443195713142,5.51280195750705
2021-07-27,245.516580686906,261.85403844534096,5.487678031717629
2021-07-28,246.1070000111317,261.8162586584912,5.485427061841443
2021-07-29,251.77324595004052,266.73936482404446,5.508177571523878
2021-07-30,252.70096663742189,266.59125711564,5.481427151635345
2021-08-02,254.61824629439514,267.59763866390824,5.4699278179469175
2021-08-03,254.95597029017574,267.5304584607297,5.514427635297957
2021-08-04,256.2268981630148,268.43856346502713,5.487303346251385
2021-08-05,256.70882508495123,269.0285677587256,5.522052770243907
2021-08-06,253.5429670335953,265.93331618648057,5.531177463363042
2021-08-09,254.61779914481443,265.70451993996465,5.526677972535285
2021-08-10,252.51056349148158,264.12159613172565,5.5335533283946425
2021-08-11,251.62558448023373,264.2278770751182,5.547302815651051
2021-08-12,253.80488591815032,266.01460903337517,5.563928156714823
2021-08-13,253.34601978312406,266.9422026806748,5.5740540518477895
2021-08-16,249.64220338352897,265.109663650682,5.587178655173021
2021-08-17,247.0593363831397,263.707898739359,5.550552946770557
2021-08-18,249.53329444281542,265.1951191985559,5.489802881976093
2021-08-19,249.0650668713861,265.2413250419544,5.498301466701743
2021-08-20,252.00923619242224,268.3056028176226,5.5420531375826005
2021-08-23,256.9832365611098,272.73779564696713,5.590803471758772
2021-08-24,258.8488061082179,274.06825301861494,5.599678782721179
2021-08-25,258.56797701398557,273.51273879182645,5.61142831487454
2021-08-26,256.31147722396537,272.1722219933502,5.578303752364718
2021-08-27,259.5214882001627,275.5241750148114,5.628178142939624
2021-08-30,262.31898799210916,277.34349874141515,5.652927791416903
2021-08-31,262.5208860785443,277.7005443166971,5.644554510000772
2021-09-01,260.6722613312674,277.0382927420835,5.647554034501242
2021-09-02,262.2338593827463,278.50398772169495,5.664929154651606
2021-09-03,263.70473624080967,280.9010406502198,5.663554083479735
2021-09-06,263.70473624080967,,
2021-09-07,263.47902271927666,278.5186186400332,5.643304333984315
2021-09-08,263.2765115261406,278.2504837783339,5.63642938627906
2021-09-09,262.7895693897738,277.87016585827564,5.6123038054247525
2021-09-10,258.28187784600027,274.32489649782923,5.568052962076338
2021-09-13,260.1560728538185,274.996337837275,5.582303254416714
2021-09-14,260.14398122370363,274.6667257421847,5.552178624561466
2021-09-15,262.8102486037224,277.22514925836964,5.598553093706036
2021-09-16,264.41313112478423,277.41343469405604,5.589678599051834
2021-09-17,262.72428841094353,275.66620241095006,5.535228800986077
2021-09-20,257.562145957069,272.2937155199234,5.442934138213201
2021-09-21,258.7281049118427,273.7852107542686,5.437790988365545
2021-09-22,260.8623854971222,275.9738103674906,5.490838368934552
2021-09-23,262.89537915884114,276.6269900577838,5.5575507488607165
2021-09-24,266.40730692220455,279.33067698145294,5.566704829075242
2021-09-27,266.1265489907996,277.88892506686625,5.550779880451639
2021-09-28,258.5699398489726,270.2256120164359,5.438920350767613
2021-09-29,259.35521165390804,270.8589874419453,5.4480756554444465
2021-09-30,258.30888371774967,270.7730685497052,5.3814873543654915
2021-10-01,261.7243188754686,274.9014505058242,5.445440612557654
2021-10-04,259.63221843659767,272.8870211811773,5.3752176991944856
2021-10-05,263.3119891145135,276.354268458977,5.431145831420088
2021-10-06,263.72171445008934,276.9075272118643,5.4537175696055575
2021-10-07,268.4881398470477,280.62014086869357,5.500868756007495
2021-10-08,268.16639684485824,279.9173527945824,5.490838368934552
2021-10-11,270.2523201369196,281.2621543220488,5.451085383797484
2021-10-12,272.53384794638424,283.6461251065772,5.437665685056028
2021-10-13,276.7365668564758,288.26696273270585,5.457229327504871
2021-10-14,281.99322982590985,293.21237101944143,5.549023593347882
2021-10-15,284.7464203021963,295.2285304066912,5.59128386913761
2021-10-18,286.56387624676495,296.1131090314538,5.607837375079313
2021-10-19,288.46054354597163,298.11492575413433,5.6511000773451805
2021-10-20,290.266122724384,300.0033598776772,5.6732963137562
2021-10-21,294.5931092133635,303.4228791502361,5.688093940748248
2021-10-22,295.71016961372345,305.0359355529482,5.682200195505794
2021-10-25,307.9371464515127,312.58524969807394,5.712672164502409
2021-10-26,309.63807570890117,311.0648541491964,5.717812865425449
2021-10-27,310.006408594639,309.99331796745037,5.6924824136600805
2021-10-28,317.20313134279434,315.55194354021995,5.747408119409543
2021-10-29,322.40867837816563,318.560587409604,5.759070714739035
2021-11-01,329.9251695751725,321.5359043278722,5.768977839272974
2021-11-02,349.3627034656517,333.9080913676311,5.79230302993196
2021-11-03,358.19663829406795,337.4699261426447,5.827665909540785
2021-11-04,363.5558373529673,341.87237255534916,5.855128966492567
2021-11-05,363.89415829884217,342.7437058105644,5.875444020644412
2021-11-08,357.36517809004164,340.1540084451851,5.880459826412038
2021-11-09,343.57591428352714,332.96575008897355,5.8610235280432255
2021-11-10,345.35666061817835,333.56683241856064,5.813871933487185
2021-11-11,345.8482626406531,335.11412275415205,5.815752707592256
2021-11-12,344.9372561457946,336.02349749425775,5.859642742713917
2021-11-15,342.2145038084329,333.87164430979624,5.861649636436711
2021-11-16,347.98966349144166,337.66511381750274,5.884849115632076
2021-11-17,351.5545857354747,339.6196144531446,5.870552293723997
2021-11-18,351.59958714894174,338.494781884518,5.890492254255496
2021-11-19,353.1726991332837,339.25182829411455,5.879957796865764
2021-11-22,352.8076261528108,337.1679577712834,5.863405923540471
2021-11-23,344.4647526124158,331.21830649537367,5.8711804428879955
2021-11-24,347.79650224823945,334.14510368708994,5.8868551930466655
2021-11-25,347.79650224823945,,
2021-11-26,340.78223840090544,329.11267729328745,5.755560997610237
2021-11-29,350.731187237098,336.2297315530329,5.826161861672472
2021-11-30,346.3816065727057,331.47313434161265,5.712798284120131
2021-12-01,333.91323579510345,321.796351134536,5.6493446065496284
2021-12-02,337.73331744534005,326.18980157010367,5.735872051851876
2021-12-03,327.18257522643023,319.96269325239086,5.685961335561834
2021-12-06,327.52101308690436,320.6882383403135,5.753302680960202
2021-12-07,341.413130290289,332.0487978732534,5.872308580827756
2021-12-08,343.1709672945935,333.5951285766145,5.887858435831011
2021-12-09,336.20552700254694,327.90770870914446,5.848106267002148
2021-12-10,340.09061674262546,330.75553626402933,5.903158092369333
2021-12-13,336.1540164804641,329.0015140510936,5.850864572427945
2021-12-14,331.39618170637897,324.22527055996557,5.810610782206909
2021-12-15,342.28457376323905,332.2362888982594,5.901401805265574
2021-12-16,325.79742666574117,321.3852459642007,5.849359708251425
2021-12-17,330.5384543759838,323.8421481306636,5.787105595588648
2021-12-20,324.9233969905817,319.87675769061576,5.725569425992456
2021-12-21,335.260493087455,327.3843967816872,5.8272487760478615
2021-12-22,347.1714919894142,335.9339516177117,5.885514814973518
2021-12-23,356.8271910672328,342.22183949263484,5.922134809218544
2021-12-24,356.8271910672328,,
2021-12-27,366.2123083690739,349.23162920980076,6.005945580813467
2021-12-28,363.04757481212243,346.9380490890203,6.001037527728944
2021-12-29,363.714283269795,347.5417848138097,6.008714498245932
2021-12-30,359.81972357937366,345.5747701181543,5.992103850729856
2021-12-31,358.5903741095121,345.44511865256004,5.977002557085427
2022-01-03,371.49962671236005,349.52211509409835,6.01160790267971
2022-01-04,360.64762318503125,342.83444513054286,6.0095948866453766
2022-01-05,345.2190209194331,331.64750369917175,5.894198701661775
2022-01-06,342.5541726423674,329.8958167115883,5.888660866796844
2022-01-07,334.91903881212966,325.45527870542537,5.86538016493505
2022-01-10,340.56157582100644,328.66787582420216,5.85808155327123
2022-01-11,343.65081547760207,331.61665155526765,5.911438722804159
2022-01-12,348.3657186528987,334.94033373271196,5.927420404848032
2022-01-13,332.5971260219185,322.3574710989877,5.845748768905166
2022-01-14,333.71780737832273,322.37058990847123,5.84814055194677
2022-01-17,333.71780737832273,,
2022-01-18,327.8364685623443,317.62931458357474,5.744571856550136
2022-01-19,321.9583506444034,314.2616427941221,5.684922175216452
2022-01-20,318.31586289997466,311.452348729495,5.6220011387499245
2022-01-21,308.21011859096956,304.17097336750606,5.511638310160363
2022-01-24,311.7827477290469,308.6807165364462,5.535044723485778
2022-01-25,303.42228295681326,302.1647802491928,5.467467056861968
2022-01-26,304.61357734745303,300.78988727572823,5.4537506300878755
2022-01-27,296.16382766842224,296.90088180210495,5.426819397931863
2022-01-28,304.3952764103086,304.94845367047805,5.561596780480417
2022-01-31,322.48666599411723,318.38133785087257,5.661767184818278
2022-02-01,322.1263114862971,318.6496762703109,5.700023060706779
2022-02-02,320.3847802459151,318.6473114259681,5.755393654428144
2022-02-03,313.136257524694,312.2076420462149,5.620113834179212
2022-02-04,319.2297975526066,317.3281095561107,5.6465418123266415
2022-02-07,316.91141955930544,316.2347269266574,5.628419770168405
2022-02-08,321.69439776765375,320.47726764563856,5.674728934656549
2022-02-09,331.26263802012744,328.96895087697857,5.757784621161544
2022-02-10,325.10725048600335,324.62170990576834,5.654343269844942
2022-02-11,310.89740345949696,313.5429791352231,5.542845772849977
2022-02-14,313.918509681464,315.2877084691226,5.52472536330815
2022-02-15,327.0533801262271,323.7457478902132,5.6138209142243545
2022-02-16,329.31659802420387,325.5413809065353,5.620113834179213
2022-02-17,318.19289035427323,317.9803422333997,5.500058978267815
2022-02-18,312.3343598114532,314.27483030495637,5.464446716502263
2022-02-21,312.3343598114532,,
2022-02-22,303.75801635485107,308.7818527410814,5.405804767648054
2022-02-23,298.6648560794625,305.5804271423083,5.309912226460204
2022-02-24,310.3253549033732,316.4037092202267,5.38982267745008
2022-02-25,320.2644873041762,321.7238712756666,5.50874368126428
2022-02-28,334.30400954462255,334.7224581750274,5.494648079328813
2022-03-01,335.50722982768156,337.46354579253455,5.410963835505715
2022-03-02,347.8227727349504,346.27633937638814,5.510505274371372
2022-03-03,350.6808593554178,348.56355323878427,5.483072012669084
2022-03-04,352.3153857496914,352.1632281314336,5.438523624979829
2022-03-07,337.00363047419444,342.04550321349046,5.278200693453802
2022-03-08,338.1740952144736,344.65674037179815,5.2381819999959
2022-03-09,343.0105620944014,346.2599751361742,5.378622112564802
2022-03-10,346.3740834796208,349.3051539025183,5.354335310839943
2022-03-11,347.9275215515583,350.2612072501345,5.286253982053447
2022-03-14,343.55491013396534,345.66946614077864,5.247620563619983
2022-03-15,346.1397959743433,345.686665553362,5.36301756491179
2022-03-16,354.685509369726,351.62637660689825,5.48193856872599
2022-03-17,374.1353856666138,368.2604666231998,5.5505223352128645
2022-03-18,378.39170637311486,370.55967410949177,5.611316072496313
2022-03-21,383.9350001702565,375.31223686923556,5.609675701157711
2022-03-22,385.0958715336448,375.74156218308497,5.675317084718488
2022-03-23,388.74336574672367,379.4752783698881,5.602227705092316
2022-03-24,395.2191695472908,384.9289814216741,5.686678462320215
2022-03-25,401.281438806686,389.6073200688586,5.7144492674654055
2022-03-28,386.6501042562215,377.2686748885512,5.755096518241409
2022-03-29,387.8167350624623,377.3946381493947,5.826290430214813
2022-03-30,390.46725144864917,380.6179060681246,5.790314503143788
2022-03-31,385.59306470906216,377.56596385763527,5.701194871135527
2022-04-01,391.6727160711299,381.4377059246989,5.717352875751751
2022-04-04,394.77519303201717,384.1974099281431,5.766330143609004
2022-04-05,382.44859819552823,374.266769673801,5.693494635834688
2022-04-06,379.6275469058713,371.5968468839888,5.636562852670638
2022-04-07,387.074437483301,377.58693759194233,5.66496548036675
2022-04-08,402.6557890771996,391.01071188660524,5.649818065308722
2022-04-11,387.9068840198346,379.07018437738566,5.553250029080964
2022-04-12,397.9363160219157,387.49486355723604,5.532673756303414
2022-04-13,405.7042907435045,393.7988639185484,5.59604212966646
2022-04-14,405.07726394103634,394.06638724048673,5.526362469413936
2022-04-18,411.31119465728034,399.6564429798283,5.528634255149358
2022-04-19,408.5349562251584,396.5169307207562,5.61788123123765
2022-04-20,409.72303362378176,395.88252113965416,5.613714794157667
2022-04-21,393.5415284342534,383.3489316133695,5.529770964325276
2022-04-22,379.0076131645722,371.702615339108,5.378038452197997
2022-04-25,363.2121291995873,356.8281989393002,5.409217344100424
2022-04-26,362.1947611969372,355.8878138360976,5.252561677186824
2022-04-27,371.47876700859587,362.92132469978054,5.267331141545788
2022-04-28,383.5776486227969,373.06898062356794,5.400381624085975
2022-04-29,375.1660876589043,367.0160128255621,5.20080692066095
2022-05-02,375.4537178432406,365.8511447746142,5.232111932181099
2022-05-03,396.3952112052168,380.7445972120181,5.256097516178193
2022-05-04,415.9766887960154,396.29250386191075,5.416160045386721
2022-05-05,403.38899404645673,385.4043902401458,5.22365457101982
2022-05-06,419.8089142277179,398.8667633352598,5.1924748628091875
2022-05-09,373.3931311694746,360.8723685355913,5.026226350020699
2022-05-10,377.01880989293517,363.31517694811697,5.037839966857872
2022-05-11,365.67972065368286,355.2039296737263,4.957807477791301
2022-05-12,366.80496411749857,355.1704911166407,4.952631267461329
2022-05-13,372.1608607051577,359.20186092765107,5.071038813414378
2022-05-16,372.82762063901555,360.1317710586583,5.050461724328623
2022-05-17,384.1383876772638,368.71041672866824,5.154353269620464
2022-05-18,368.9134897671394,357.2284171339657,4.946573444269605
2022-05-19,368.73618985604867,358.1976074130868,4.916276981537136
2022-05-20,368.9321541348017,358.57667402448857,4.918422647654835
2022-05-23,377.1419188265796,365.13058816155547,5.0104471124117484
2022-05-24,375.7395534816947,365.1235993858992,4.972198583297096
2022-05-25,387.82229290186456,373.7717526690072,5.016126984904407
2022-05-26,401.1692856458546,383.7544970649022,5.116355755278949
2022-05-27,416.10232097813656,395.03037227311233,5.241959058061947
2022-05-30,416.10232097813656,,
2022-05-31,411.7837628756301,391.5956541800887,5.21254584080764
2022-06-01,409.45844912865124,390.4654164190157,5.17038474646486
2022-06-02,416.7026271479444,397.0581285764579,5.268846209574872
2022-06-03,416.7404382410381,396.8139617544772,5.182376314001099
2022-06-06,418.7007386642396,398.0005368248183,5.198155551610052
2022-06-07,433.2653530304316,409.62775355274414,5.2480176975618775
2022-06-08,420.2061683759953,400.53810409168966,5.190960202934206
2022-06-09,408.76469582016364,392.5058430709659,5.067504198885318
2022-06-10,395.29574647819226,383.96054728850623,4.9205691300807395
2022-06-13,374.35668800633044,365.8077260939045,4.733743936360598
2022-06-14,374.6710995199698,365.61969881922244,4.719478950472526
2022-06-15,378.7081285611876,368.60228442152834,4.7867619298342134
2022-06-16,360.82327168248946,356.2000322576766,4.628338955656083
2022-06-17,355.5404068084634,350.62624907862414,4.638316690849783
2022-06-20,355.5404068084634,,
2022-06-21,360.3226751976512,352.2231086386449,4.755079375769101
2022-06-22,362.8926930201432,353.3990137302062,4.746459161120858
2022-06-23,380.4826915681474,364.7188413897769,4.792987096208029
2022-06-24,395.03359951144387,378.3041042855446,4.945373471207773
2022-06-27,394.08064091109435,377.6600410042669,4.9264832830283245
2022-06-28,379.30407745193264,365.41125269014026,4.825821869304959
2022-06-29,378.89329946857106,365.30807732895244,4.821891753450417
2022-06-30,375.91306194844134,362.02843225134313,4.7827171226768215
2022-07-01,384.08690630598915,366.98926552875537,4.833301293236258
2022-07-04,384.08690630598915,,
2022-07-05,392.0680067916653,373.9234907992299,4.8424292515882135
2022-07-06,389.77166206843503,371.84253191180636,4.8587843946360225
2022-07-07,396.1663152837892,377.4127271345765,4.9315545977539115
2022-07-08,394.6617056550361,376.0261980768783,4.92749877043575
2022-07-11,387.8900081555583,368.49524200496876,4.8712081973669825
2022-07-12,367.90319395452957,357.91996699002385,4.828103042584743
2022-07-13,365.28879319372123,356.2602561878679,4.802746877110907
2022-07-14,361.4250030867943,350.83336456271934,4.791085098089621
2022-07-15,372.3065661063909,360.36241491548026,4.882619369769236
2022-07-18,368.07447634382436,359.0429512264357,4.842303131970493
2022-07-19,377.3435609401417,368.40424165982904,4.973138562195528
2022-07-20,389.9477162534384,378.37317322297514,5.004832952729618
2022-07-21,395.60637338548656,382.8162930588285,5.055798339220942
2022-07-22,388.43128302198176,374.5869925725797,5.008890820818294
2022-07-25,384.5232033934805,371.27329854171006,5.0149759903348965
2022-07-26,373.84823597093043,362.0647175020217,4.955642628430776
2022-07-27,392.41601181662736,377.20467637166394,5.084323004993751
2022-07-28,402.6849632580159,386.51045990998625,5.148092593839715
2022-07-29,417.5987453775376,397.8718124547775,5.223146419162004
2022-08-01,414.73641260660406,396.0096606989573,5.207678603133384
2022-08-02,410.9178833719236,393.35508765141446,5.173322231541725
2022-08-03,408.5155196509514,390.6269086662931,5.254333474146482
2022-08-04,403.3234966905503,387.1917456008325,5.250782941607417
2022-08-05,408.2708249412145,390.151682758086,5.241908446953215
2022-08-08,411.6087549577149,393.6763292422161,5.235823277436613
2022-08-09,415.1516365626682,396.37586677156634,5.2150323156010625
2022-08-10,423.16657563646356,402.3597175362861,5.324568632132731
2022-08-11,426.6966837107174,404.7547927980143,5.324568632132731
2022-08-12,425.889452585541,403.9808968296947,5.414708241243546
2022-08-15,424.9856716826662,402.69517676098013,5.437021209727927
2022-08-16,425.54886465184063,402.393599028539,5.447670358420507
2022-08-17,424.1648334268797,401.4089340076699,5.40900265504242
2022-08-18,427.7909708199129,404.1425581837183,5.424723526614691
2022-08-19,415.58473927071947,394.5700772709717,5.351826387570874
2022-08-22,410.1240513408999,390.16640791738524,5.2403876647666925
2022-08-23,413.6171119569572,393.503111581511,5.2277095820297745
2022-08-24,417.4548913092717,396.64550585383574,5.24444430839306
2022-08-25,430.4113517220409,405.9547827975706,5.318483054462026
2022-08-26,427.93039783460745,403.37385388040315,5.138456891784045
2022-08-29,425.72215939616,401.9536667095715,5.104481327970172
2022-08-30,404.7276218874189,385.4392977390618,5.048444218599157
2022-08-31,411.20024445952,390.68057828992556,5.010031611535235
2022-09-01,400.28851479875374,381.85501772150417,5.0257516667993
2022-09-02,398.6632880811045,381.9267653792947,4.972757754417741
2022-09-05,398.6632880811045,,
2022-09-06,396.1016628199608,378.06150256681923,4.953995318472425
2022-09-07,405.86718062482413,386.9824958706775,5.042993728712195
2022-09-08,414.7345298514978,393.3252927405308,5.075955845889156
2022-09-09,424.6134840727472,402.3008307113359,5.154812851140058
2022-09-12,427.67384333435416,406.58875597178246,5.210214464573225
2022-09-13,409.2532278386976,388.6848587343122,4.983661591270382
2022-09-14,412.8624576365222,391.0453671323484,5.002677899067553
2022-09-15,410.9202308470892,388.2879323313707,4.945880806757381
2022-09-16,406.6708543574455,385.1382841657311,4.9081490007366995
2022-09-19,407.1791026162888,385.4728719078812,4.946211411580538
2022-09-20,395.8505557779661,375.8496416181845,4.889435543283704
2022-09-21,387.44914126140975,368.7311728959133,4.804146437528936
2022-09-22,373.47657944188006,358.3149751527486,4.7637922413986455
2022-09-23,367.079114317822,352.04632328116986,4.683976074006486
2022-09-26,358.0151686100357,343.67764400000914,4.637638746885258
2022-09-27,362.537283253788,346.9978468915061,4.6258002371375175
2022-09-28,370.475183954505,355.16891395284745,4.7168190101854695
2022-09-29,364.3166589231003,351.11960390777125,4.618288569032108
2022-09-30,361.4600230899988,347.73232864491166,4.546873845689163
2022-10-03,371.5169784475898,358.8208875006102,4.666917273285685
2022-10-04,391.0265659747686,375.8334837675196,4.8115295370920075
2022-10-05,391.1299719609177,376.54976498360446,4.800327339590319
2022-10-06,389.5973671792264,375.0514369543066,4.750807634930628
2022-10-07,375.90702790832694,364.2697632002228,4.618288569032108
2022-10-10,368.68131235139543,357.42211424983714,4.583027727948949
2022-10-11,360.89349573263655,352.30282292870373,4.554003073400377
2022-10-12,359.9218119400943,351.8580851617744,4.53898177796007
2022-10-13,358.75583227928524,352.2586522119801,4.658770109242428
2022-10-14,346.88697589622626,340.89111584628876,4.552602288520037
2022-10-17,361.01800679004924,351.3211306655701,4.669590682658127
2022-10-18,368.6184388429944,356.83520313301585,4.724457206062703
2022-10-19,362.6576345301923,350.9720554699611,4.69097673317536
2022-10-20,363.8168467171308,351.77409878096375,4.651642514147624
2022-10-21,370.63436150781445,358.16552370551244,4.764683649958861
2022-10-24,373.9538334607958,361.63093370617264,4.822986014599654
2022-10-25,389.9964462300542,374.7808914766244,4.900002244847546
2022-10-26,387.915821696957,373.1197816642694,4.863085522569883
2022-10-27,404.209282704909,387.45240985275035,4.83711671778795
2022-10-28,411.9698944673994,393.0740426919723,4.952194542571475
2022-10-31,406.5749823448992,389.4641352880815,4.91642391701409
2022-11-01,407.3971515293453,390.6166944766417,4.894910930570929
2022-11-02,395.12708267935943,379.74117278537614,4.772066749521932
2022-11-03,401.081641627813,380.0519714435299,4.722929077102333
2022-11-04,401.1283171346575,380.98029374072155,4.79090632659265
2022-11-07,408.6747431670134,387.29923300806456,4.836734277393754
2022-11-08,412.9634695579195,391.7810768725239,4.862830834409821
2022-11-09,405.95190613816976,385.0291534747192,4.762646144678366
2022-11-10,442.9075529987671,417.641915932899,5.024373738548707
2022-11-11,446.62065261022315,423.33917368016705,5.073002442802285
2022-11-14,431.8450446269016,410.71337150495174,5.0298474932195205
2022-11-15,437.30216173828234,412.8746434885033,5.072746938334018
2022-11-16,430.8240159817483,407.3237605059988,5.034049439706436
2022-11-17,422.67235617614074,401.6321193715566,5.018645703871934
2022-11-18,421.2293318613562,401.10731075387594,5.041432131115404
2022-11-21,418.95629183569815,398.66490891614495,5.023101114056604
2022-11-22,426.0815691840507,404.3807601017123,5.090696739460932
2022-11-23,431.0929942427201,408.8882131463055,5.122776427467936
2022-11-24,431.0929942427201,,
2022-11-25,428.1205084910639,407.7242624330292,5.121630738901761
2022-11-28,424.823473957788,403.80062046201147,5.039905226617343
2022-11-29,421.86374641198574,403.37805781778366,5.031247461791655
2022-11-30,433.8470192894054,412.468089245884,5.189734924318007
2022-12-01,434.442066166242,413.3631793371957,5.1859174589957995
2022-12-02,414.52876779973974,399.8930135305511,5.179933103542554
2022-12-05,396.8026044077051,385.3295242822592,5.086750297442284
2022-12-06,397.3309447686092,385.77512103910504,5.013427045515287
2022-12-07,392.4910723739235,383.6108274725282,5.004896624769629
2022-12-08,399.1286391587357,387.4730593688529,5.044105132333745
2022-12-09,404.1797436054892,388.6686118002915,5.006424753729999
2022-12-12,412.1900791193346,391.21025891566967,5.078602317090822
2022-12-13,419.2184989259909,393.59523433488516,5.117047984637061
2022-12-14,407.97478791117885,388.40991899798547,5.0843315762299035
2022-12-15,416.0198880728462,389.2812451363092,4.959960082528742
2022-12-16,407.0903175280759,386.05599624154877,4.901403029727887
2022-12-19,389.5925224074795,375.9699312994199,4.859839881145509
2022-12-20,378.20140699565763,371.8687787769254,4.866490752248402
2022-12-21,381.37149646743273,374.60633262824496,4.939256057517058
2022-12-22,371.9707142190195,369.27506777205843,4.86879110877101
2022-12-23,375.20432356548,371.188211115339,4.896798643295745
2022-12-27,383.1053152341871,376.710079751566,4.877488872698759
2022-12-28,365.41141785169873,366.1636396872577,4.8168710498335585
2022-12-29,364.6275371300521,368.36995046436346,4.903576450324568
2022-12-30,360.4574975073469,365.81664798600866,4.890660821899901
2023-01-03,347.0831003760219,359.60745269668314,4.870070671882861
2023-01-04,353.88209637706007,364.05316023523454,4.907669419666074
2023-01-05,340.34455789386294,357.93979288389613,4.851655575078912
2023-01-06,346.67940828068345,371.30436246701305,4.962913485615613
2023-01-09,350.7178102442858,374.14181138720625,4.96010048754006
2023-01-10,343.18896630906124,372.40845010550385,4.994885420939514
2023-01-11,343.05140953205824,371.7766833520962,5.058059921103796
2023-01-12,340.0637794083016,369.52992342661094,5.076475426061848
2023-01-13,331.8984157612756,366.26239749993596,5.096168861515338
2023-01-16,331.8984157612756,,
2023-01-17,336.81382034361167,368.0564709016608,5.086833969033332
2023-01-18,322.0760633494689,358.1822885166095,5.006523118868744
2023-01-19,318.3555554829032,354.66295849291015,4.970076181963246
2023-01-20,316.71763659906526,354.9377194434081,5.062663899381834
2023-01-23,328.19079647348974,361.80548859991256,5.123408658172963
2023-01-24,321.79318669921554,357.9829707698089,5.117910006101886
2023-01-25,314.38813402596173,353.81431137211064,5.1198283303844025
2023-01-26,306.9160824333391,350.56721007592245,5.176097271285729
2023-01-27,311.90948923059585,351.39566922603365,5.187989657375022
2023-01-30,297.7158223987355,344.1495403991675,5.122897241082327
2023-01-31,299.4061089860809,346.14786991263867,5.198220856266476
2023-02-01,293.04499351951716,344.5659960757383,5.253467371140631
2023-02-02,291.59486851761056,342.9134861883901,5.329941572740187
2023-02-03,288.79351663132553,341.53030252521035,5.273288558828254
2023-02-06,293.14528692804123,345.87102085078806,5.241061527190189
2023-02-07,297.26411643178096,347.84796836886176,5.309607743499618
2023-02-08,287.6400030099252,341.01834438381013,5.251548638704011
2023-02-09,290.47685627875524,343.5453881429479,5.206021497476569
2023-02-10,295.33638338558444,346.23254564380244,5.218170612496436
2023-02-13,293.80023300375143,346.72996319925556,5.279426788378202
2023-02-14,300.70901176473507,351.01894226778154,5.276996638850946
2023-02-15,296.766385192098,348.61464364059094,5.294132988851252
2023-02-16,292.4690263534618,345.8076512806187,5.221240339502564
2023-02-17,290.1326970742886,345.88717397805317,5.208195326227352
2023-02-20,290.1326970742886,,
2023-02-21,279.1740643594929,337.31335142503934,5.103714814565369
2023-02-22,282.93041999841154,337.9143772638089,5.096681094914177
2023-02-23,289.00192170526776,341.699719519822,5.1237923230294635
2023-02-24,293.63801153801046,343.00207833108584,5.06905804155415
2023-02-27,306.85622692501994,351.89779061884803,5.086322960096795
2023-02-28,305.3329277748342,349.3231533196175,5.067522973974034
2023-03-01,304.8520976509455,347.38904796073047,5.048084634834709
2023-03-02,304.4901249189228,348.1529113946341,5.087344977969863
2023-03-03,313.960169423828,353.8591601396279,5.1689353912463
2023-03-06,297.8320814154368,344.02680360425643,5.172516535343065
2023-03-07,300.3077437309158,343.6074458361847,5.093227703051545
2023-03-08,295.82180783349605,341.4665330880588,5.1015409858145855
2023-03-09,293.9924545702782,339.8213383921514,5.007418608969984
2023-03-10,288.470319486366,337.51374749520676,4.935163904483758
2023-03-13,297.2586616181305,343.38567529241544,4.928129776678464
2023-03-14,296.39575069516275,344.14568639996963,5.009592437720767
2023-03-15,292.8551515208571,344.1295346411043,4.978260488029842
2023-03-16,297.11735828187136,347.52621303172333,5.065605465999724
2023-03-17,292.07130064604115,345.04131440621364,5.006374958929475
2023-03-20,292.6515388912883,346.0146396407848,5.054513878259857
2023-03-21,299.4499500801234,350.5405492674355,5.12088259243158
2023-03-22,294.9511857131212,346.46198610566927,5.033589041878634
2023-03-23,305.49859927754017,357.99382410208636,5.047196899661419
2023-03-24,308.5660757662761,360.49662619860067,5.080315748013803
2023-03-27,310.0442995259184,360.72533101310313,5.089816351061489
2023-03-28,306.6657791410103,358.4080460574446,5.078390893265643
2023-03-29,312.4270351816704,363.50996737341467,5.152205562732247
2023-03-30,314.5523321538026,366.07793494660643,5.1823726406141715
2023-03-31,321.72522406862953,372.21847572170594,5.255415898826742
2023-04-03,319.72233898704326,371.0150933216341,5.275442388028005
2023-04-04,317.8482796994832,370.97865660773743,5.246173657326041
2023-04-05,313.63055047597123,367.1597371268235,5.232437231000918
2023-04-06,313.35437073589543,366.4834988176724,5.25284820136689
2023-04-10,313.36571856966833,365.44222270101125,5.258239508908964
2023-04-11,312.5573864655821,365.2369275809105,5.259652538412384
2023-04-12,311.9133680040774,364.69936656546184,5.238213836015907
2023-04-13,322.6877283620344,375.7174828495132,5.307791049588664
2023-04-14,316.86608426667823,368.9363366644727,5.294825626363471
2023-04-17,315.249985040653,367.1046017093662,5.313825607996536
2023-04-18,321.5020472696856,373.21345960608056,5.317291244482248
2023-04-19,318.98325817896244,370.19395090731206,5.31639330545639
2023-04-20,321.14875544020396,372.88060295396735,5.2873796710685905
2023-04-21,318.88628553844813,369.7060215481557,5.291488966574201
2023-04-24,322.0089265934373,372.97028528062066,5.297008434504513
2023-04-25,324.6089420014852,375.0486157011663,5.212924607814909
2023-04-26,314.7870567125772,366.88468872031126,5.190844695323149
2023-04-27,321.16971252495654,372.379863595619,5.294184416268188
2023-04-28,321.5178044919168,372.8538843458747,5.339370748819906
2023-05-01,317.0379123919536,369.22778141974163,5.3339794412778305
2023-05-02,309.756163081384,363.97840430160596,5.2740293585245865
2023-05-03,310.3652624397669,365.17470903769254,5.237828538542995
2023-05-04,307.9110530668196,363.9572285625029,5.200729779535544
2023-05-05,311.7950278974264,366.13683570206587,5.297008434504514
2023-05-08,313.9725182417345,368.13047261865836,5.298420647699728
2023-05-09,311.36723619185386,366.0221281616094,5.275184842789226
2023-05-10,315.5532895967079,369.84356856519895,5.299832860894942
2023-05-11,315.75348073407963,368.6619104739109,5.290590211240139
2023-05-12,315.3745605858446,368.4502346823573,5.283657713806408
2023-05-15,316.8868646261463,370.16196553498355,5.301886692339543
2023-05-16,309.3798920237089,361.46718225878556,5.266456467303779
2023-05-17,312.98215168660204,363.98771050742744,5.33038482809568
2023-05-18,323.0588302928266,371.6893952798485,5.381733471289404
2023-05-19,321.3220220356119,370.87907338425634,5.3739026266757115
2023-05-22,322.5728124853419,371.7404805208735,5.3760866592790615
2023-05-23,319.2106865637517,368.6400979030424,5.315750870898801
2023-05-24,319.37738819130607,368.2252864750667,5.2772394905420335
2023-05-25,318.80614958984603,366.97732214885906,5.322939689109004
2023-05-26,327.4188913113477,374.5823622591011,5.391875284432374
2023-05-30,333.71162211665313,380.0811287958999,5.393929115876974
2023-05-31,335.12294408805315,381.80221191158927,5.364019175079727
2023-06-01,355.649399280783,404.17181610367425,5.414982112646434
2023-06-02,354.92171123963004,401.99705631033555,5.493289742475152
2023-06-05,354.977917899563,402.08808205726797,5.482763040013371
2023-06-06,358.16761578313213,405.3340539312999,5.494701547516263
2023-06-07,353.566760224261,399.6230829822094,5.475702382191403
2023-06-08,358.241346904771,404.2553772681164,5.508822455006095
2023-06-09,361.52632351302714,406.8082354176296,5.518706314756183
2023-06-12,365.00846321452116,409.7347850354707,5.568771721451135
2023-06-13,371.1905168013488,414.3144279508597,5.605486815602083
2023-06-14,373.6627640055882,417.3094846017066,5.612161359642931
2023-06-15,381.0007061349921,424.29453893908453,5.681738981369789
2023-06-16,375.2973469483694,419.5518817590247,5.662385538283818
2023-06-19,374.94081446876845,,
2023-06-20,366.5907213667408,411.771749619231,5.633008238590546
2023-06-21,371.84801222097144,416.0934179018856,5.60414684568304
2023-06-22,374.0791151012287,417.2910430680271,5.6243753711651205
2023-06-23,376.7170911859115,419.54435979969855,5.581855917520202
2023-06-26,381.6059213030289,424.3176713377876,5.559049898879804
2023-06-27,380.49309106775536,422.90081415133506,5.619994653181237
2023-06-28,371.20090503361234,415.42043273124045,5.622829283424231
2023-06-29,376.9587423448231,420.08428674837364,5.644991234890626
2023-06-30,385.07940685646287,427.4525284865603,5.7116060659862535
2023-07-03,383.0412091368738,426.30301803442273,5.7181769388850245
2023-07-04,383.0412091368738,,
2023-07-05,382.13718353330313,425.64272754568856,5.7096730481560405
2023-07-06,379.66045575842486,422.5663172511484,5.6649626232880275
2023-07-07,376.86143290846366,421.2405602267556,5.65066008722251
2023-07-10,381.3206777307586,425.15097540087635,5.6649626232880275
2023-07-11,385.23143540752255,428.89651961263036,5.701039772576513
2023-07-12,380.2360946423389,426.15963368925014,5.7469105795583975
2023-07-13,374.63903839568854,421.09887125596737,5.792523433147399
2023-07-14,374.97460375721715,421.4135565496802,5.78891575903396
2023-07-17,373.31193136894854,419.7285689077094,5.809015715973702
2023-07-18,379.3667637946599,425.71399925937544,5.852180053100828
2023-07-19,379.20398480182246,425.5201249411521,5.865193638510135
2023-07-20,387.4327900444493,431.12004603576344,5.826281450824553
2023-07-21,385.3872730351767,429.15727398141985,5.826281450824553
2023-07-24,381.90594149279343,425.8384912059476,5.8523090297972695
2023-07-25,383.3622178863878,426.8794292117466,5.868286222146012
2023-07-26,381.8051361017969,426.1672861910648,5.869188650867001
2023-07-27,376.5923624693132,420.50021968495776,5.830275646873213
2023-07-28,384.4420484141744,427.25068548658373,5.887355998130634
2023-07-31,384.5667463452062,427.78092976714714,5.898565950560273
2023-08-01,380.4183143187895,422.92332359592393,5.881687145798747
2023-08-02,376.4941451919151,419.3791510880618,5.799867758070716
2023-08-03,378.559520072144,420.60109286026403,5.7832460903938685
2023-08-04,378.525550707049,421.1065614449473,5.757089126570607
2023-08-07,387.29405692954987,427.9024046967096,5.807341059690475
2023-08-08,387.8317718564055,427.75731503926346,5.782086932742304
2023-08-09,399.2882777635906,436.95982056740706,5.7434318821414
2023-08-10,389.2874719324847,429.15014511239036,5.7454922440516425
2023-08-11,390.4639869893411,429.7572066570338,5.742143339639292
2023-08-14,394.6665070728007,433.9677074664216,5.773840587252101
2023-08-15,386.24832907646197,426.802171904507,5.706582097136573
2023-08-16,385.114145296439,425.9779995379727,5.664705486203349
2023-08-17,377.113021087102,419.4087052080084,5.621540740922121
2023-08-18,376.8526405367036,419.84860845040185,5.6242468026227765
2023-08-21,374.77072877074266,418.6877408800565,5.660839858697027
2023-08-22,377.6175874560641,420.42743098252413,5.645506733522287
2023-08-23,380.8763335824905,424.35272613600443,5.708384913808036
2023-08-24,370.4934802900445,416.2231498348794,5.629271587780662
2023-08-25,372.91704038115483,418.0456710141909,5.668957635644894
2023-08-28,374.3325538921957,420.0188392439161,5.7049062163910405
2023-08-29,381.2384488409533,426.7100315137814,5.787368854984867
2023-08-30,381.38092727969627,426.40992157495646,5.811205462734489
2023-08-31,381.8816420997878,427.0253627344819,5.802702388313711
2023-09-01,384.13522108390924,428.34680886553303,5.813525410654027
2023-09-04,384.13522108390924,,
2023-09-05,381.2887200544236,424.0086727127816,5.788399852248196
2023-09-06,381.42597678066056,423.3188589751907,5.749487256408511
2023-09-07,371.27589008774936,416.5536514208406,5.731834999622438
2023-09-08,370.69981602267035,415.90484608387584,5.740468275201966
2023-09-11,375.00636230010684,419.52567331716926,5.778220897081883
2023-09-12,371.15163109721084,416.7737393485952,5.746523649469074
2023-09-13,367.9262310946707,414.7047271230487,5.753224315372492
2023-09-14,375.32430695913865,420.46273081605483,5.802830548701948
2023-09-15,371.05402817039607,416.8463201116269,5.732916607994495
2023-09-18,369.48043903249237,416.09816117700444,5.73627857333813
2023-09-19,366.03391620403846,413.5700621309155,5.724382922016017
2023-09-20,360.2326624470308,409.4765655479813,5.671756348326855
2023-09-21,351.787640640856,400.0813428916365,5.578011105873114
2023-09-22,352.66929906671896,399.82607253901085,5.5654689384523826
2023-09-25,353.72422930882976,399.6822366029392,5.588872494699079
2023-09-26,350.4194001070765,395.42338596108834,5.506765766482774
2023-09-27,352.06638021803036,396.1584088431858,5.508963676325615
2023-09-28,356.4691276518109,400.61495777665124,5.540901326704891
2023-09-29,355.68919915634007,399.41059025563044,5.527453873484453
2023-10-02,354.4010447411389,397.3844541655406,5.525255963641613
2023-10-03,345.9967343452902,389.9582758043654,5.451294766852154
2023-10-04,348.52293831650104,392.38180818840146,5.490990202260747
2023-10-05,341.22055102728973,386.7605816668516,5.488921677268451
2023-10-06,344.14815521272624,389.96732394743356,5.5540908265324465
2023-10-09,343.5974535186708,391.16236752964386,5.589648803802344
2023-10-10,347.99699418774287,394.82874478036155,5.618742028240162
2023-10-11,345.3960954019804,393.01140230065744,5.641757838089329
2023-10-12,338.9621371058321,387.2963630354389,5.607363508166124
2023-10-13,334.10207541578626,385.60125934600194,5.579433522920895
2023-10-16,338.7944787047349,390.04484489829764,5.638137511198709
2023-10-17,343.7150761153763,394.3222912255525,5.637878333343518
2023-10-18,335.7748565639808,388.4712671974866,5.5627530810532635
2023-10-19,332.0114582149962,386.10004702651224,5.513876219105267
2023-10-20,328.6828675784971,382.9386413238196,5.446122229909107
2023-10-23,329.1462939104702,382.5630429459297,5.43668284997682
2023-10-24,329.75670256281126,382.56866674994313,5.477671725736752
2023-10-25,324.0521794485313,378.20914576129667,5.399055939560524
2023-10-26,296.7736397929485,356.8111353762102,5.334404329698705
2023-10-27,310.1365515423465,368.9021663582054,5.310223648040538
2023-10-30,311.1980814073934,370.6634053944745,5.373712018709768
2023-10-31,312.0457801263304,372.00726864164034,5.407461056996664
2023-11-01,310.2167792720149,370.76605198061117,5.4651299664701245
2023-11-02,317.97355043178567,376.16058533624494,5.569864758138066
2023-11-03,321.1284520988905,379.60172236457953,5.620681576536021
2023-11-06,327.55173950733115,384.26690877190936,5.633611490354283
2023-11-07,331.03154314136833,386.98674871801194,5.649645416123295
2023-11-08,329.2975155931207,385.51655982182587,5.653783282416093
2023-11-09,326.0800845439567,383.108731804983,5.609690802859512
2023-11-10,331.28614525844506,386.7198781091015,5.697228429565851
2023-11-13,331.79121774454734,386.6843220976619,5.691798347384022
2023-11-14,340.33873339473035,394.81875767044977,5.802224031705395
2023-11-15,339.959599832742,395.05060843307797,5.814507021270935
2023-11-16,337.62192465814167,394.22587607484076,5.821618698355735
2023-11-17,340.0083780758151,395.69805433980156,5.828860168445182
2023-11-20,346.28886708393566,401.0855414832504,5.873728548950925
2023-11-21,346.9522903798177,403.18282497771,5.860925979212695
2023-11-22,347.23160779527336,403.6309193257251,5.883554042664332
2023-11-23,347.23160779527336,,
2023-11-24,348.4197990623933,405.1433887160928,5.887175594017261
2023-11-27,350.1205286903762,406.520724547704,5.8765725667382815
2023-11-28,348.84115379775733,406.087361669708,5.882391211625845
2023-11-29,349.82719696585497,407.2134584631835,5.878253345333047
2023-11-30,349.9013141166844,407.77948262205047,5.9013993563409635
2023-12-01,357.4212133284801,415.3932232312575,5.936310817512243
2023-12-04,356.93927319734286,414.1676834979259,5.9051486599280265
2023-12-05,354.7600192859428,411.60173105526223,5.903985420735436
2023-12-06,355.10090787043833,411.68425301468096,5.880193301783004
2023-12-07,359.07260148128603,414.26894571997246,5.925061682288748
2023-12-08,362.7248930722654,416.3969743486677,5.950534171681843
2023-12-11,365.032712148364,418.76895178481783,5.973678958227452
2023-12-12,367.9494091866233,421.93221921005113,6.00096201921996
2023-12-13,378.2854874191966,432.5621027447662,6.083716079843089
2023-12-14,389.23754353979274,443.35046433011445,6.103241763960384
2023-12-15,390.3802316566042,443.72626863640124,6.093192601798719
2023-12-18,393.7086723319782,446.88550817416933,6.127466934415742
2023-12-19,399.6103155406636,452.02312700467235,6.164726914293745
2023-12-20,392.8300059135472,445.74800188523704,6.079301076914584
2023-12-21,400.96479107164913,453.11928861471284,6.136944272679577
2023-12-22,399.75127194917826,453.34106395369594,6.149277465199745
2023-12-26,401.3772178551952,454.88133821084847,6.17524341290296
2023-12-27,406.5196272054044,460.8751372137438,6.186408876535409
2023-12-28,404.8574711078801,459.39350878201867,6.188745150619052
2023-12-29,402.88972885372067,457.4650938508369,6.170828818128557
2024-01-02,405.45496139179147,459.4152661365084,6.13629489950224
2024-01-03,404.7031982602587,456.5041538396432,6.0861817387772765
2024-01-04,411.83848095152814,462.3054553214032,6.06657768907227
2024-01-05,414.22028402384757,464.37499465205224,6.074886482140181
2024-01-08,420.29683425978067,469.30473495110414,6.161611474028119
2024-01-09,431.9041902782645,478.6982931147892,6.152263520614828
2024-01-10,432.885598231343,480.3711546179954,6.18705743340454
2024-01-11,433.9282189191442,480.71603277532233,6.184330963998751
2024-01-12,431.8113677473211,480.4176004975064,6.188614949460302
2024-01-15,431.8113677473211,,
2024-01-16,431.41251990289726,479.389795440183,6.165895459489668
2024-01-17,427.92773774856903,475.7920708220184,6.131621126872646
2024-01-18,433.444658700668,481.27598725889214,6.186149290526114
2024-01-19,438.8193492882548,486.51821523116934,6.263266334837363
2024-01-22,440.61683301431503,488.47040710375074,6.276508894698265
2024-01-23,436.4093729966384,484.994817028179,6.294813789894494
2024-01-24,432.42364903611997,481.4526263486302,6.301695676219495
2024-01-25,435.8648589349886,484.2155836012686,6.335969600682415
2024-01-26,438.15114572734785,486.2759903519771,6.327920801777901
2024-01-29,443.2050370658814,490.97713721539424,6.3780331461946576
2024-01-30,441.9394202064557,490.8146601975674,6.373100603863976
2024-01-31,438.6615223903826,488.7712036831189,6.26910865266288
2024-02-01,447.3906498234133,497.7065843011368,6.351159463767121
2024-02-02,460.1977397431086,508.251910045318,6.418020411786656
2024-02-05,457.7657946207669,504.92231868296,6.394651956792788
2024-02-06,460.55487731628733,507.51228197521255,6.4132164379983125
2024-02-07,463.3119496807324,510.18671575955693,6.466706257614607
2024-02-08,474.4906024489574,519.3836779614162,6.469561703716838
2024-02-09,474.81861953231663,519.7008466067512,6.506952701061795
2024-02-12,477.9884511254828,522.0766573626811,6.504096030497257
2024-02-13,471.23713712343437,515.9292828404562,6.414514368044782
2024-02-14,478.01781128448033,522.1691900083839,6.472808161449419
2024-02-15,484.52628338506076,528.6026919587968,6.51746919967101
2024-02-16,482.1593872644899,526.7085498507062,6.485012377273145
2024-02-19,482.1593872644899,,
2024-02-20,481.3544360080212,524.6353575347821,6.449308688988597
2024-02-21,480.3615997235792,524.5652196095966,6.455151006814116
2024-02-22,495.087457565777,537.9482289557523,6.588743926156743
2024-02-23,482.55350328409276,529.1828935021415,6.59328790578169
2024-02-26,478.6278492954856,525.7092694196759,6.56913906014353
2024-02-27,479.46134768563417,526.7273040010706,6.581342867813153
2024-02-28,478.01149336097797,526.1353741058132,6.572645103885405
2024-02-29,478.1749675624052,526.3140592458913,6.596273553042668
2024-03-01,479.92355797527864,529.3578025829952,6.658201142423314
2024-03-04,483.57078939018163,532.504760443919,6.651060894551327
2024-03-05,478.1455613844533,528.7000033437861,6.584589325545734
2024-03-06,480.81318209005934,531.8757749496565,6.6179551071302285
2024-03-07,484.82795106033404,534.7084902173159,6.683647509953839
2024-03-08,485.90936503682946,536.3877524276072,6.643531675819503
2024-03-11,482.69946418146213,533.5844801721481,6.637818334690426
2024-03-12,485.1817375972178,535.3988657629898,6.709224078643112
2024-03-13,490.9527222474988,540.9528925857794,6.698707171879795
2024-03-14,489.8401420760087,539.9012643471071,6.685465020172996
2024-03-15,482.1517900987588,532.9686580965432,6.63955870378418
2024-03-18,484.1079038375065,534.8969678525123,6.679018634275536
2024-03-19,487.45382715463364,538.1173724402979,6.716134535755298
2024-03-20,495.62596835540177,545.1841961222503,6.778255182026504
2024-03-21,501.1068249621435,550.9993136515875,6.800655087334752
2024-03-22,494.1695708320407,543.3743079379448,6.787761499231627
2024-03-25,494.74041669778717,543.7493771705566,6.769008858984776
2024-03-26,497.5577770242525,546.3141748121151,6.756505466203797
2024-03-27,501.0855003990884,549.6865817091576,6.8132862323498635
2024-03-28,500.9165684222056,550.998312988698,6.811984628916472
2024-04-01,494.4717064995948,546.0580135588033,6.800134282699754
2024-04-02,489.2619282188616,542.6737226913957,6.756897294142354
2024-04-03,490.5430629869726,544.4131094951493,6.764319576499281
2024-04-04,484.9017975074525,538.6323574517112,6.681754491225686
2024-04-05,490.5394043050149,545.2580353808671,6.751557414017214
2024-04-08,492.12826415623323,546.9056210693125,6.755334063929155
2024-04-09,491.02224237398826,545.1285083628602,6.763148174224638
2024-04-10,481.66265813723305,535.9988663332497,6.6954272455107935
2024-04-11,484.08753726480245,538.7380817863339,6.745957539728678
2024-04-12,476.3452245272774,532.3056613173188,6.652842895363553
2024-04-15,469.07294911344405,525.6706793346501,6.5694945623669465
2024-04-16,468.291674688248,525.6671825631602,6.557513606837376
2024-04-17,466.7663234929918,524.1430880169822,6.518704682139767
2024-04-18,465.7933801436075,523.0281492884608,6.50529110570985
2024-04-19,463.2465176643838,521.445824301554,6.44851115587199
2024-04-22,466.4408996649188,522.4274823529182,6.507896353347148
2024-04-23,476.00364522072783,530.9169658949426,6.5851223748038095
2024-04-24,478.9353004356856,533.3982146978556,6.581997546993821
2024-04-25,471.45134998424794,526.9946939863456,6.5569919858941725
2024-04-26,474.8636465406035,530.1460368774898,6.619113040319481
2024-04-29,472.0657039700307,527.4457128142994,6.642554554897724
2024-04-30,457.909408316673,513.4136167816976,6.537328753844279
2024-05-01,456.87043894833903,511.798418149553,6.516100250810674
2024-05-02,459.5860847912542,513.5713463894788,6.57704827034493
2024-05-03,467.2856343173541,520.6941225801409,6.658572562656736
2024-05-06,471.31575360806835,525.5681398399372,6.727334692486474
2024-05-07,473.09264116711216,527.6391548832061,6.734758199305709
2024-05-08,468.77901512283677,524.1671205493665,6.735408796945354
2024-05-09,478.8176109058033,533.1991331720709,6.774218129797066
2024-05-10,474.602232160594,530.7731445262212,6.782943648203796
2024-05-13,471.4940886441921,527.3580070933483,6.783855464469145
2024-05-14,478.448220911648,533.4105741827635,6.8149804800300195
2024-05-15,485.2672865610998,541.1086127879738,6.8993700141425185
2024-05-16,478.2549382842832,535.1093399561413,6.88517604706831
2024-05-17,478.17625354106184,536.4150278740711,6.895070518825066
2024-05-20,479.28471269606865,537.7180317167373,6.903015646587504
2024-05-21,479.17378433763594,537.1917557558454,6.919945062457761
2024-05-22,476.46884464512965,533.6437751634273,6.900020611782164
2024-05-23,469.96412015648093,526.1324470722235,6.849621743185337
2024-05-24,487.2659499278181,541.1922177290295,6.894942358436832
2024-05-28,488.86764055541585,542.3516333877183,6.899760209464667
2024-05-29,483.8017695714952,537.1974981515149,6.851445375716037
2024-05-30,488.61305266792135,541.3943937307167,6.805994151151691
2024-05-31,491.40210113380846,543.8026379628267,6.867983779955942
2024-06-03,488.8189204304499,541.9131602184467,6.873584470552684
2024-06-04,486.25741877521847,539.4432794121043,6.881267563381212
2024-06-05,493.79459993069344,546.8119297572722,6.963052666164619
2024-06-06,491.206381596434,545.2252008371009,6.962921240543562
2024-06-07,487.41586401267523,540.0358161067405,6.954456124454331
2024-06-10,487.81849078767135,540.4840828213081,6.9759446216513314
2024-06-11,485.94084409966797,538.9812520375255,6.992745877133351
2024-06-12,494.73165825981886,546.2518489529544,7.050176424610857
2024-06-13,495.0030100714843,545.5053096730793,7.064372024301477
2024-06-14,488.5220258907908,541.3249432664873,7.0686707033107234
2024-06-17,486.5731451695917,539.5966690414507,7.124929032205381
2024-06-18,485.21676286118077,539.2540595272375,7.143031482966691
2024-06-19,485.21676286118077,,
2024-06-20,484.3824681245755,539.5551108454168,7.123627836926092
2024-06-21,484.01793405847513,538.4544708968359,7.114077030923777
2024-06-24,482.0837088177625,537.7107952354685,7.090951019466892
2024-06-25,480.7764248168816,535.8351788106976,7.118258161551457
2024-06-26,484.0021627964031,537.5759859966598,7.127141227441814
2024-06-27,485.83256036992464,538.7932249836965,7.138377709888126
2024-06-28,479.9436100447727,533.6922330906178,7.110286911926448
2024-07-01,473.82841425472105,528.2608851328514,7.124920052815122
2024-07-02,477.6572244645193,532.5937421119158,7.1728699967959715
2024-07-03,479.75353177138896,535.8112736621614,7.204879074143215
2024-07-04,479.75353177138896,,
2024-07-05,480.8414444882224,537.6574759925091,7.246427529177898
2024-07-08,485.9180065433308,540.4850423859747,7.254788974125051
2024-07-09,484.3153170920126,539.3371114654358,7.2618435096354785
2024-07-10,480.6476813219231,535.30349445928,7.333700672025711
2024-07-11,484.0863174646969,540.07385832755,7.270464540591927
2024-07-12,482.9126416195847,539.781009135393,7.316325551875347
2024-07-15,483.90335322820454,541.2017917298247,7.336445100212017
2024-07-16,490.6826696687423,547.9958796514958,7.379951062323072
2024-07-17,486.7137793665853,545.5108861714307,7.276475834215948
2024-07-18,483.4900402176363,542.3045945852883,7.220556273226501
2024-07-19,482.10354418238575,538.7577448672622,7.172607961862062
2024-07-22,482.15077824503265,539.6143946815022,7.246556505874339
2024-07-23,482.01365129843794,538.9937982833704,7.235189414115174
2024-07-24,470.41285887954353,528.3917914173687,7.071223299068778
2024-07-25,457.133133594684,515.8843570898762,7.034380044529594
2024-07-26,463.9973835225744,524.036933149984,7.113160316809195
2024-07-29,470.61201698138535,529.9094029502872,7.117342263745079
2024-07-30,472.9723238624993,533.3297018572163,7.081282665083008
2024-07-31,476.29715309701265,538.753265543884,7.196386203575001
2024-08-01,470.89857412476437,534.2830231551899,7.0944782872221035
2024-08-02,448.16264796374475,515.2184352988216,6.962390640210098
2024-08-05,443.07039906370693,507.7556928724662,6.759620498315325
2024-08-06,446.76496063081294,511.5632858990044,6.821940731942734
2024-08-07,439.7456550451739,505.96541159078447,6.7763437963637365
2024-08-08,454.2959549439226,520.1568383948037,6.932995381736309
2024-08-09,457.27858346167056,523.082371797698,6.9635644914093575
2024-08-12,459.61793657010224,525.9542079968713,6.967225633710245
2024-08-13,470.4101078295167,535.5823981072735,7.081806734950829
2024-08-14,468.62778263564087,533.435926933959,7.104146641605985
2024-08-15,481.7969772144253,545.6864893867947,7.225912887669849
2024-08-16,485.03180626888025,549.8451331820321,7.2421133403127484
2024-08-19,489.1656663051495,553.217970626638,7.311359132754141
2024-08-20,484.96293636889305,550.2868065879316,7.299469603743568
2024-08-21,488.0175614247561,552.65527938347,7.324554754893236
2024-08-22,485.6212994999029,549.9826319913019,7.267068698457769
2024-08-23,493.09866771283856,556.9477365862247,7.344283291599556
2024-08-26,488.2581634766508,553.3784851911563,7.326775929519929
2024-08-27,494.7004037016818,559.3675838353624,7.336835295534161
2024-08-28,491.8931374343996,556.2577169781769,7.294244414921278
2024-08-29,510.18840801713503,572.642470871987,7.294897461485538
2024-08-30,506.12225114076,566.1652148440716,7.3645350818654896
2024-09-02,506.12225114076,,
2024-09-03,517.1674790685508,575.4798352141303,7.2129801167728695
2024-09-04,513.2201167825905,572.6532109923438,7.1982163665713434
2024-09-05,522.6630373981349,581.4972690718322,7.180709004491717
2024-09-06,524.998830940554,582.9055649333758,7.059856207309613
2024-09-09,523.5965784512268,583.8279136082551,7.138900147139534
2024-09-10,525.8574586835412,585.2496491379549,7.169995775605018
2024-09-11,527.7823332498618,586.629592633525,7.243551675370532
2024-09-12,535.6130729969009,594.8799137157196,7.3045666321776235
2024-09-13,536.5007319795191,597.6981601160636,7.342715979845328
2024-09-16,544.5992967272232,605.3459245689186,7.353559818044879
2024-09-17,543.9317546793916,604.8818130632314,7.356565464856889
2024-09-18,542.6632912097695,604.8352590604,7.3347463628367295
2024-09-19,548.3702622558443,610.3039028822699,7.459909267342954
2024-09-20,555.1157392016182,617.1259123192955,7.447015679239829
2024-09-23,569.5596931133236,627.990421303468,7.465623424780236
2024-09-24,567.2537312037198,628.4504075809325,7.486985394205411
2024-09-25,572.6478177446002,633.0891701545374,7.470471479211666
2024-09-26,569.8971411460737,631.9091852714391,7.50008958982551
2024-09-27,594.0454658291924,649.4585988036099,7.48921065037313
2024-09-30,590.3556720047417,644.4063920792936,7.519224670466557
2024-10-01,583.4256505046308,639.4424949164822,7.451862917363056
2024-10-02,579.5551588422909,634.7353976451618,7.455008969186383
2024-10-03,583.0479363341793,637.8323448193094,7.441379071082055
2024-10-04,577.0703864918547,633.7228354986661,7.509002042811261
2024-10-07,563.6385087684059,621.7304708033095,7.441117036148145
2024-10-08,560.5801549551908,617.1520499634013,7.5114917828375045
2024-10-09,553.5371652479424,610.5873557342081,7.5635191863039575
2024-10-10,548.3411409307025,606.8043911674814,7.550282748754596
2024-10-11,548.9046510099823,608.7791446174176,7.595496427631193
2024-10-14,549.9427524099702,610.0520565920783,7.6576142168236805
2024-10-15,550.8731233258953,611.1555775109119,7.598116776970289
2024-10-16,549.8667771949001,611.8030342019022,7.631140525416752
2024-10-17,550.1897847787266,612.4278009664301,7.631796837213835
2024-10-18,554.5856977617628,617.3059279119507,7.661152096585562
2024-10-21,551.5909417244087,614.7600638570425,7.648571970833283
2024-10-22,544.0933024613901,608.7049341111344,7.6445092048953756
2024-10-23,536.7502241278373,602.1171305417732,7.574658528073835
2024-10-24,544.7970280100775,608.9727803696393,7.591040201138317
2024-10-25,558.8437211434388,619.871482305241,7.5884182191828105
2024-10-28,558.8568278905924,619.8970052690771,7.611877284387469
2024-10-29,560.5683513860396,621.2517533512188,7.624197007822248
2024-10-30,560.838152677338,623.2993835305656,7.601130586864351
2024-10-31,548.6111616543079,608.708226865142,7.45212576860517
2024-11-01,549.6505960214051,611.2334292551783,7.483577307448176
2024-11-04,554.8528162572189,614.8688559942026,7.467457669317604
2024-11-05,563.8248268019091,621.7793916865127,7.557752785141533
2024-11-06,571.9311219530089,629.5870465974385,7.745680811247069
2024-11-07,574.0549941998564,631.6124733757695,7.805571711655426
2024-11-08,577.4313835744153,635.1061528941681,7.839383197520028
2024-11-11,584.6471337637869,639.4005693767137,7.846853233906966
2024-11-12,579.4604727909074,634.5880689157552,7.822478270895932
2024-11-13,576.225689583275,629.9166181314516,7.826278185591724
2024-11-14,578.668431671447,631.5402339113007,7.775953601041581
2024-11-15,578.1586642207242,631.4688078836641,7.676354204293345
2024-11-18,585.7682236492082,639.0021283847498,7.707806559444555
2024-11-19,580.9299563340521,635.0410209343045,7.7359838860759975
2024-11-20,581.1194724429695,634.5277286034599,7.738602602798684
2024-11-21,596.1617044537171,647.2403854168183,7.780147792600546
2024-11-22,603.1039946357423,654.8896081950121,7.804261536985875
2024-11-25,611.6383217345157,660.6696473154599,7.830734412084597
2024-11-26,607.6536190438494,657.1561132517286,7.871621657472966
2024-11-27,607.8407989377798,658.7824141349006,7.847769948021546
2024-11-28,607.8407989377798,,
2024-11-29,612.0056901844328,662.8932392131723,7.896521506660025
2024-12-02,615.0684177197801,664.2869043972158,7.910675474632172
2024-12-03,613.5484299588587,662.4601325899574,7.914345596323317
2024-12-04,615.9145618615726,663.5793855312908,7.963488166592147
2024-12-05,610.943002107086,659.0863027662376,7.950383154663844
2024-12-06,612.8944792628713,661.9546924902465,7.965454653058777
2024-12-09,613.0177081776623,662.3999776880427,7.924435982049351
2024-12-10,616.9626290960265,667.6046896360863,7.8997981677962015
2024-12-11,623.8437315744369,675.0560160838164,7.9608686335612555
2024-12-12,618.0684438160472,668.5679059712901,7.9198499625518295
2024-12-13,617.4056806432892,666.4418414442886,7.918275304023756
2024-12-16,614.8041716029883,664.4396103603287,7.95208842250477
2024-12-17,611.9004033340901,662.0624360843948,7.919325076375805
2024-12-18,587.1491252727324,640.1663695784856,7.683300170812461
2024-12-19,589.7080195150055,641.3790262281668,7.68094104009907
2024-12-20,596.5854722256491,648.4759978035293,7.773196928232193
2024-12-23,592.4805704764293,644.7073099904904,7.819745271024497
2024-12-24,598.4852406809085,651.1354104103553,7.906661687186584
2024-12-26,600.5367153507871,653.5947778037137,7.907189022287224
2024-12-27,593.8857533699831,646.8778885325389,7.823954156131158
2024-12-30,587.6390975439383,640.2206109515116,7.734669629865421
2024-12-31,586.2374634700403,640.2485902732619,7.706530669719629
2025-01-02,586.4753378226592,640.6705711272183,7.687594768280682
2025-01-03,587.8012283850371,641.0894375046978,7.783716692074228
2025-01-06,591.7334692662279,642.772578736461,7.828554869176375
2025-01-07,585.2692263548525,638.4439103201994,7.740061345561599
2025-01-08,588.3577593836924,641.768794464772,7.751368846821774
2025-01-09,588.5708450186054,646.4173848455328,
2025-01-10,579.0737357675756,637.7716256571266,7.633025381062843
2025-01-13,579.5096970941305,637.0971102428645,7.644861033731864
2025-01-14,580.6102251318089,638.6606105764172,7.6553791649574885
2025-01-15,587.0603910306769,647.6090882270194,7.794629916471229
2025-01-16,595.2212050535417,655.3048580791686,7.779640048896828
2025-01-17,600.2344670063837,659.6609016942924,7.857746866907035
2025-01-20,600.2344670063837,,
2025-01-21,600.2071982691737,661.4019305089723,7.92967341549472
2025-01-22,603.2004122631578,664.3403998449644,7.974249557662956
2025-01-23,617.1322980792801,676.1202973313056,8.017773478554528
2025-01-24,613.522613305949,673.6602119896667,7.99436665707501
2025-01-27,608.0399563498352,670.9209865746064,7.881284297699405
2025-01-28,607.5829397501893,671.2453888571814,7.949002777488633
2025-01-29,608.4030386364449,672.0728358624909,7.913368475401537
2025-01-30,616.2630399589301,683.2005318988083,7.9558401750164425
2025-01-31,582.0510180134218,653.5431575706333,7.913499901022593
2025-02-03,574.4652369958304,649.6289482097978,7.86024477001533
2025-02-04,571.761220917476,647.136373953601,7.912975014846568
2025-02-05,577.1355537721082,653.3555787592805,7.94505755993229
2025-02-06,586.3935690515968,660.3305689284146,7.972671633902059
2025-02-07,581.6871246401416,655.3629558444259,7.899693680345915
2025-02-10,578.752486321987,654.9456770699745,7.95334145559994
2025-02-11,573.8726644282656,650.7639876314793,7.9593894830932
2025-02-12,571.2041191784234,647.8901389339766,7.93374924236391
2025-02-13,576.0418013970706,652.5687429429764,8.017510627312411
2025-02-14,573.6520683855533,649.1805931095239,8.017115534141034
2025-02-17,573.6520683855533,,
2025-02-18,574.9465754571031,651.8405722312946,8.040652148625199
2025-02-19,571.1943501618526,648.4714338773891,8.05958723375594
2025-02-20,564.1250344737506,642.3879456374498,8.026056557913968
2025-02-21,556.5842852671641,634.7217695130726,7.8887788233325
2025-02-24,553.2590604345457,632.4593617208914,7.852882486311494
2025-02-25,554.6864870111347,633.0339935096667,7.813827852844083
2025-02-26,559.5612053496324,637.1607032912366,7.817772254092218
2025-02-27,546.5267427730624,626.1807462308713,7.6929856676686486
2025-02-28,552.4281888788498,631.524714665015,7.813038482809532
2025-03-03,541.6683859730908,623.4474048884557,7.676155025091236
2025-03-04,531.2569637595075,611.8328766744052,7.58529339137281
2025-03-05,538.1248389918312,618.4273563998668,7.666819724455128
2025-03-06,525.0459575977418,606.6415344878637,7.530724820463178
2025-03-07,521.2165088774158,602.7754388489386,7.572933668835969
2025-03-10,501.947968087478,584.6677474003591,7.371223911299914
2025-03-11,499.15223937863016,581.3369728756052,7.3099477358671185
2025-03-12,501.8944728677994,583.9326620840263,7.348737885476005
2025-03-13,492.26396669800783,576.246202183907,7.250776002987654
2025-03-14,504.03707233813344,587.6607930980407,7.400545702035225
2025-03-17,509.50757050336637,593.0892662219028,7.4576138086695645
2025-03-18,501.7900149849857,587.1489763363489,7.37700908755106
2025-03-19,510.78414643030516,595.5198116533212,7.45735095742745
2025-03-20,510.37640916935123,595.5085943955763,7.435784910950943
2025-03-21,512.3024051951535,596.3630030612755,7.438237917107948
2025-03-24,523.649094602839,606.9451315914918,7.571447171594071
2025-03-25,524.0790795077748,607.6551180392745,7.58964757934002
2025-03-26,516.748909810743,602.0008999869028,7.499040633781655
2025-03-27,514.6480534883748,602.6272407474995,7.479124346188111
2025-03-28,501.3786518282548,589.2555538385169,7.328508951839821
2025-03-31,499.5039996201959,589.9576040883961,7.377702133217382
2025-04-01,502.09734691489456,591.8832613995647,7.398540849082944
2025-04-02,510.2861758284583,599.5261886092869,7.445361838815827
2025-04-03,477.3999721394734,567.8949972537556,7.078448442994102
2025-04-04,469.5576465612107,552.7437107319876,6.664054888563693
2025-04-07,466.436917340832,548.0129459336425,6.652184950950048
2025-04-08,451.9915765048725,534.9305617001645,6.547993820546853
2025-04-09,497.5805023249568,582.2607560836626,7.235659607641424
2025-04-10,484.0859643707914,570.5526680897991,6.918598970227164
2025-04-11,489.7128727744418,578.8117721756429,7.042047627502203
2025-04-14,490.6167574731739,579.7690085803424,7.110365277514141
2025-04-15,488.364289858875,578.8555448863236,7.090450622537008
2025-04-16,486.6619433521231,579.651352038129,6.932842732101896
2025-04-17,493.0929176082243,585.6076107183928,6.942734754934037
2025-04-21,485.42458682701493,580.3589785126542,6.777478464769123
2025-04-22,498.4669171415624,594.2560073383902,6.953812873588516
2025-04-23,503.80122199663003,596.3256821971535,7.061566372999753
2025-04-24,516.9942639580516,609.9682204300339,7.210204668874742
2025-04-25,514.9392028322129,606.6064164223047,7.262300642230443
2025-04-28,515.5984736878158,608.288887982819,7.2650703759711135
2025-04-29,519.0690487000082,611.51304513084,7.31083587919451
2025-04-30,521.8668936968982,614.285975390857,7.313736222248034
2025-05-01,525.7596494789151,615.1778526415214,7.365568528053414
2025-05-02,539.0290371016556,629.0215769143132,7.474904032766573
2025-05-05,539.9215028832247,631.9640566601266,7.432041321521316
2025-05-06,536.6426285512634,631.0835849941957,7.369921899712418
2025-05-07,541.9010107482189,635.922842486017,7.400915489652236
2025-05-08,551.0006166262197,642.2795074239602,7.452483311599089
2025-05-09,546.0926356219392,639.7176421678129,7.442987198246532
2025-05-12,554.7903518293615,646.0703545225027,7.688959635599978
2025-05-13,560.6033361672818,651.080320400344,7.739736454895871
2025-05-14,554.3712734905243,643.7095424007854,7.749627661419805
2025-05-15,556.6424449391454,648.0701798124769,7.787479872900772
2025-05-16,561.5325131675422,651.2069848476636,7.836806112515801
2025-05-19,561.3915731248833,652.5278273443273,7.8453781649799295
2025-05-20,559.6676098156872,651.522638073259,7.819000797941231
2025-05-21,545.8014282621151,638.0340053839315,7.687244572060589
2025-05-22,549.7143657607633,640.9242305865752,7.690278789659786
2025-05-23,524.8622635943119,620.7943548510999,7.637785274208092
2025-05-27,543.763237303673,637.3474128970843,7.796580076773748
2025-05-28,539.3642301262819,633.8462148909261,7.75147496688846
2025-05-29,546.1751383454354,640.6025795147475,7.782072647348695
2025-05-30,544.0057881791643,639.2554823878793,7.77336916926351
2025-06-02,543.3990705403256,639.8532720992379,7.817154308780786
2025-06-03,542.3140634451806,638.7578012454087,7.8617337161818455
2025-06-04,544.9720536877318,641.8348556285925,7.8596227431628725
2025-06-05,547.9245252869013,643.969667054367,7.821638289752643
2025-06-06,550.4954510506903,646.145231527023,7.901958935615696
2025-06-09,548.7932800116478,644.1687663863416,7.90908040839896
2025-06-10,550.5241792275958,646.8558211143128,7.953923483350339
2025-06-11,547.4635457664358,644.358455752757,7.931237462016124
2025-06-12,546.4098531289171,644.467797962692,7.962760019672993
2025-06-13,532.4053237698702,629.3124705908273,7.87373507941655
2025-06-16,540.5423616131463,636.6622535105492,7.948646867111111
2025-06-17,533.8085003951749,630.5369650219473,7.880725942886961
2025-06-18,533.3489488065404,625.2205535912773,7.879537398140006
2025-06-19,533.3489488065404,,
2025-06-20,534.5770619470505,624.7609414090557,7.861032507433471
2025-06-23,535.9097924447349,627.8796246273865,7.938679743924079
2025-06-24,544.4030992834536,636.1697704737846,8.026380632271483
2025-06-25,543.1137843817353,633.9577087122743,8.030877674174624
2025-06-26,547.6364404925757,636.9720829628986,8.093709733046772
2025-06-27,553.6718583138629,641.150639505858,8.133922707857542
2025-06-30,556.7401153771408,646.1981224626558,8.172812447067479
2025-07-01,560.4503375526724,651.3095967754044,8.170166792174017
2025-07-02,562.3659162294846,652.8570722668624,8.20720432806607
2025-07-03,563.5443780446994,654.7774526849026,8.271888590256102
2025-07-04,563.5519890257857,654.9543153776132,
2025-07-07,563.6960614589506,653.9142866674079,8.21024670874732
2025-07-08,559.7327502288169,649.8428537280232,8.205749666844179
2025-07-09,562.0212142329377,652.8876000738242,8.25495672546123
2025-07-10,565.464468030628,655.7503954559164,8.278237835477128
2025-07-11,559.3175527148185,649.0913804055062,8.249136447957255
2025-07-14,555.518958866484,646.06508173775,8.264877319080556
2025-07-15,543.782146395423,635.0966793918758,8.229559744577127
2025-07-16,546.2438050450344,638.5127344724568,8.257072596329435
2025-07-17,553.178233083969,644.05974554784,8.307603706855524
2025-07-18,552.8351350525027,643.436967397522,8.301518129184817
2025-07-21,555.6815481030977,647.3293497373811,8.317259816616323
2025-07-22,562.3103140959789,654.657747273183,8.318449993979687
2025-07-23,570.149925673209,661.3966451554114,8.389219833840425
2025-07-24,564.6782294183289,656.5699324105291,8.39199609804674
2025-07-25,581.5394830201154,670.7034741460354,8.427446730787636
2025-07-28,577.0814756191863,666.4226612809163,8.425331676227637
2025-07-29,575.15106190927,664.362573591305,8.403108501645843
2025-07-30,573.1163419582562,660.9749093020021,8.392526698380202
2025-07-31,520.9186550958742,614.9012551796395,8.361044139825394
2025-08-01,521.2597731067032,616.330243178454,8.22400313462347
2025-08-04,529.5095101515838,625.5341503764829,8.34900604272145
2025-08-05,530.77768044661,626.3443055496427,8.306677197042477
2025-08-06,530.8327794257315,626.4751434033162,8.370303523798407
2025-08-07,525.2957053783092,621.312663891723,8.363292252622863
2025-08-08,524.6082423001458,624.1347888787485,8.428506298838151
2025-08-11,517.201865709862,615.336633869657,8.411838917901806
2025-08-12,525.9153154879561,623.0651465264383,8.50139119325889
2025-08-13,532.082930099424,629.6503846448387,8.530491764470556
2025-08-14,528.5617779785715,626.7832226853869,8.531286848662544
2025-08-15,525.3464075550476,623.7785376184289,8.511312603186422
2025-08-18,530.0575343210954,628.1690933750023,8.509459583560332
2025-08-19,530.5008289096654,628.1147125513769,8.463294905624531
2025-08-20,532.4674519741203,631.5713131076621,8.440808063492415
2025-08-21,531.2299069503783,629.8683381160346,8.406944333902672
2025-08-22,545.0389866843032,644.3902430067793,8.536047558116005
2025-08-25,544.5714142694129,642.6649032604206,8.498481054506902
2025-08-26,542.7129802698765,640.9215035932688,8.534063112868857
2025-08-27,543.1203077343216,641.7158181685219,8.553508390627927
2025-08-28,544.9925282465667,643.7842997276888,8.583799955511164
2025-08-29,545.9244010677187,646.6205414055843,8.532608451646965
2025-09-01,545.9244010677187,,
2025-09-02,542.6641564745642,644.9126376010771,8.46937966698703
2025-09-03,541.9086458258474,644.9523793379745,8.515279861064304
2025-09-04,543.5806792206515,646.359152930357,8.586445610404624
2025-09-05,541.9374641285832,644.6935358850532,8.561577597237573
2025-09-08,538.2776008879403,642.2564375604505,8.582609778147798
2025-09-09,535.3773819477377,639.3759648490078,8.602451781694656
2025-09-10,528.1868947976495,632.40467208743,8.627320611169912
2025-09-11,538.1890269689377,642.5781466694857,8.699015328227283
2025-09-12,532.699324581315,636.4670161752965,8.696103556858885
2025-09-15,534.0099242558015,638.5383676705712,8.742401293032156
2025-09-16,538.6780543676001,643.9640868898913,8.730364828544625
2025-09-17,541.4646531455218,646.809600082043,8.719517725112253
2025-09-18,532.7896309895887,644.9073527541631,8.760260483948278
2025-09-19,526.1037711288508,639.9028517818912,8.803648081369559
2025-09-22,512.993708149306,635.2523616622733,8.845299391238113
2025-09-23,521.5268032341772,642.9488386513701,8.797149451746959
2025-09-24,520.9048446332641,646.6528378952265,8.76915987600274
2025-09-25,517.8159936472011,640.0697341181617,8.728703641346785
2025-09-26,519.7230830070029,642.9128534923677,8.778711498313262
2025-09-29,518.2995189247276,642.4399486186949,8.80338278120283
2025-09-30,515.8173081654104,639.1604781498206,8.836543669427787
2025-10-01,515.0263510470023,640.023804244334,8.866654013889441
2025-10-02,519.3521294218837,648.1779226214984,8.876866845846275
2025-10-03,521.2073948865622,649.9246761588863,8.876735420225216
2025-10-06,519.0148277209289,650.2739998296,8.908569807616521
2025-10-07,512.9074667071736,644.9559438005401,8.875541161320825
2025-10-08,512.4182304889121,648.7912660739943,8.928466503813137
2025-10-09,510.1808828295389,641.7055926326266,8.902600962019177
2025-10-10,499.3763313523077,621.2849703907802,8.661982690184464
2025-10-13,508.4562604831923,633.5487675210628,8.794893175867438
2025-10-14,508.4844324413714,631.3266997083778,8.784148927268937
2025-10-15,500.9420871163593,632.2205010337876,8.823146419161976
2025-10-16,495.4735701170909,629.1876525224451,8.763057972167928
2025-10-17,499.96739983994263,628.9523345375832,8.812800528967674
2025-10-20,506.20450194982374,636.4469178911148,8.904458063186294
2025-10-21,512.6747497372149,636.752558506525,8.904325004948825
2025-10-22,508.189128538368,632.0117282714492,8.858032166624788
2025-10-23,507.1411323740875,636.144275346061,8.910559967021106
2025-10-24,501.4396261379859,629.6548536241918,8.983382005710034
2025-10-27,508.0874233136223,634.878726796821,9.08936493262392
2025-10-28,497.95266492231735,622.769888821248,9.113506431488231
2025-10-29,478.7861206074418,604.8877709300264,9.117884292393393
2025-10-30,475.8299118186773,598.6877270275565,9.017604910910121
2025-10-31,474.8932292389943,607.0648610758604,9.047183022421903
2025-11-03,471.64865980772066,604.2644881136147,9.064163049400888
2025-11-04,466.72700344820436,595.7304105924846,8.95672056341588
2025-11-05,466.27423769695713,600.9726058291636,8.98775905030699
2025-11-06,463.08791032789026,591.9732009906245,8.891326113087214
2025-11-07,465.9022405920342,595.8841063783455,8.90008020228113
2025-11-10,468.4735987140108,601.4949549169128,9.038959533561446
2025-11-11,475.03391782843346,606.1597240319287,9.059652130258254
2025-11-12,480.13102278793275,610.7637254519678,9.064693649734348
2025-11-13,472.867925934848,601.6981206091708,8.914274169355338
2025-11-14,469.8355543136433,597.7906636126985,8.912814610284215
2025-11-17,456.1829217792135,582.6936468416767,8.829778923330249
2025-11-18,458.7728762892777,586.1144999851298,8.755630383807667
2025-11-19,456.5716704526298,584.8092964029428,8.789454930603556
2025-11-20,449.25248491124796,575.5591055848257,8.655484060561864
2025-11-21,464.64804177750335,592.5237472241589,8.741703349516602
2025-11-24,466.3694134821164,593.8145488139612,8.87036739991547
2025-11-25,472.6591379957599,602.8289272320209,8.95380226158184
2025-11-26,475.30530414246584,609.394328416011,9.015614751505534
2025-11-27,475.30530414246584,,
2025-11-28,477.1583489227858,612.7430515497243,9.064825891663613
2025-12-01,479.04970612033793,615.2687550951366,9.02343988196179
2025-12-02,486.2178974133886,617.4048415676762,9.040154608774046
2025-12-03,488.54021213970276,620.2745741432844,9.071458395831886
2025-12-04,492.0518776546803,625.0278072508332,9.078090083691954
2025-12-05,499.00410744221114,629.2852131128552,9.095333778221262
2025-12-08,497.56377945781236,628.2160068703369,9.068009493664384
2025-12-09,499.5628104455747,629.8856460549803,9.060182730591718
2025-12-10,509.2062245838451,640.4619505456056,9.12027199389397
2025-12-11,513.0512443491426,652.0128111156218,9.141494374616036
2025-12-12,513.5268061994724,650.6356144484546,9.043205152537348
2025-12-15,516.4953800630393,648.9016465206477,9.029541785796601
2025-12-16,514.7480138070998,644.5447710081357,9.004870502907034
2025-12-17,508.66811243712124,640.1872125153798,8.905784564019948
2025-12-18,508.1468880996938,641.206107355618,8.973034482899319
2025-12-19,507.8882119541142,640.5507069726466,9.054361636779538
2025-12-22,514.0879977687936,654.3114219471638,9.110769350075769
2025-12-23,512.459572262822,647.9802086543217,9.152409231629447
2025-12-24,514.5119914388255,650.5542221399467,9.184604427247505
2025-12-26,516.6741636073081,653.4656067231314,9.183673019585228
2025-12-29,515.8568611050662,649.0115960015255,9.1509455910173
2025-12-30,515.6154671400674,649.3329535047019,9.139771147994592
2025-12-31,509.9264731834269,642.7320375800467,9.07205511712998
2026-01-02,509.82076215682514,650.3921407677091,9.088684131580674
2026-01-05,518.1171301036065,658.7188061914165,9.149215833930212
2026-01-06,522.9660292444795,665.0910088280975,9.203628489972626
2026-01-07,520.3541179628581,652.5365855647736,9.173961400866464
2026-01-08,525.8362511290267,664.4494277536766,9.173029993204187
2026-01-09,528.076602592264,661.6655368747176,9.233694753791193
2026-01-12,524.1809907773483,659.0410313533031,9.248195652750603
2026-01-13,522.9461990271452,660.6070663630037,9.229703822975353
2026-01-14,522.359844407904,663.5673570214392,9.184338310772565
2026-01-15,525.0208577692628,668.8773987974554,9.209349177875549
2026-01-16,520.7568088771031,661.5342996280408,9.2016326164106
2026-01-19,520.7568088771031,,
2026-01-20,508.9466063024997,653.9149292467564,9.01431682145906
2026-01-21,519.8201669738754,667.2886058325438,9.118352036995036
2026-01-22,521.7299242614469,669.6218458945593,9.165979539234781
2026-01-23,519.0341182819034,670.54840591336,9.169304362555074
2026-01-26,521.7528901909767,673.307528789955,9.215867398895075
2026-01-27,520.0518038719446,668.6638937539051,9.252585758278844
2026-01-28,516.7560526827419,671.7141929557064,9.251654350616567
2026-01-29,519.5312453833424,666.5136766357382,9.233295579078785
2026-01-30,520.5195246650723,667.9904201150706,9.205756605463908
2026-02-02,524.9621066024446,669.5889914171005,9.251522108687304
2026-02-03,499.5934617520209,660.4978517690423,9.17329610967912
2026-02-04,502.538914735305,665.2602202365698,9.12886200513861
2026-02-05,499.4861594554891,662.6132469447258,9.014849054408932
2026-02-06,507.8467523475816,672.0875937951607,9.18779700863853
2026-02-09,504.13137249208165,677.0341086182026,9.232098871249775
2026-02-10,505.52468313795987,681.3443180761432,9.207752479025928
2026-02-11,498.63019003884784,679.6245472520895,9.205624363534643
2026-02-12,485.3730899244451,659.6953513939944,9.063407964310953
2026-02-13,492.7928617594159,669.7095850861847,9.069793127093012
2026-02-16,492.7928617594159,,
2026-02-17,494.4483493500713,668.8052942438749,9.08442708428989
2026-02-18,511.86367572303357,690.4150118827822,9.130191771205082
2026-02-19,501.6458296124938,684.1419089676708,9.10611149545617
2026-02-20,508.6672167519053,692.0488853950058,9.17196634361264
2026-02-23,497.91725507492873,683.2616836199849,9.078308037982767
2026-02-24,510.36530471314495,692.7121486360213,9.144293495452088
2026-02-25,516.1788874178615,682.2316558572539,9.221455844868734
2026-02-26,521.9328217731348,682.6420880160001,9.17023577021735
2026-02-27,521.6189432483087,683.2926373125613,9.126200840389243
2026-03-02,519.424627538142,681.9055308175368,9.131390111650502
2026-03-03,511.4487942125868,667.2793077083486,9.050902938913564
2026-03-04,515.4467944753968,666.8402910615755,9.114759464583397
2026-03-05,520.3495819443906,662.8567415377562,9.063940197260827
2026-03-06,519.5158648269316,661.1404540500681,8.945137966290503
2026-03-09,515.8109531410682,663.666339180695,9.023497023536155
2026-03-10,508.5051324247111,659.1282668569664,9.008995308268538
2026-03-11,504.02278142420215,663.7601817344432,8.997687807008363
2026-03-12,498.38148886049106,661.4266488216514,8.861058221141924
2026-03-13,497.1800216989819,653.424876122252,8.81090342869849
2026-03-16,502.36141132031435,655.3092214697964,8.900570803512522
2026-03-17,511.8813345021365,667.7512999007009,8.923984155457681
2026-03-18,503.52162037120894,655.5889756679329,8.799462052892638
2026-03-19,501.99572740219173,649.2705815146755,8.777777641726358
2026-03-20,497.2162288906846,632.5724358906555,8.65194128295074
2026-03-23,504.00098460595996,638.1078797728329,8.742786590505059
2026-03-24,499.9729667052633,639.657116893499,8.713438677907178
2026-03-25,501.1211201414977,645.9146698119188,8.76199595519279
2026-03-26,490.4467094366346,625.7215311076724,8.605517835313849
2026-03-27,478.4467627733184,618.7296286805249,8.458777456016241
2026-03-30,482.0566627074496,619.5632612416304,8.430496458242722
2026-03-31,493.6074243701921,639.015723760991,8.675552997789792
2026-04-01,497.4904080958031,648.5705664817883,8.740918877331271
2026-04-02,498.1783858148355,643.1819071659721,8.748789721047025
2026-04-06,512.3766035139876,655.1975186592914,8.79014389472884
2026-04-07,506.78039643134036,648.0612203645809,8.794011563005677
2026-04-08,526.3047846637452,671.899326851852,9.017991840999436
2026-04-09,520.4104892520966,664.814638932761,9.070016795541273
2026-04-10,515.2733081782953,661.0608677014725,9.06401448130751
2026-04-13,525.1052914937495,667.7491998170188,9.152592084667434
2026-04-14,529.4091562351343,670.4708972892975,9.264115295370868
2026-04-15,536.7117994533196,672.8130974609801,9.337218144082426
2026-04-16,533.8255371782375,671.8213655623636,9.36016293511773
2026-04-17,543.7506837563903,680.614270299706,9.473286926211806
2026-04-20,542.6915040829175,678.375016953305,9.454342861690805
2026-04-21,539.2562058253682,672.8736179555199,9.39244629202196
2026-04-22,529.293287835884,669.414655809662,9.487560891490133
2026-04-23,522.3786231614513,665.3877910991662,9.45074212619711
2026-04-24,525.6714168856294,665.5829473861417,9.523978849454343
2026-04-27,518.6179442052844,657.4379772857823,9.540386644381396
2026-04-28,507.87079490364806,646.1302663809288,9.493963196744506
2026-04-29,507.77453905999425,641.3625948919529,9.492496290899535
2026-04-30,504.02932959336755,645.5455997020163,9.586943150255754
2026-05-01,500.3271991817726,645.7095905731863,9.613490309401161
2026-05-04,491.97224395836474,634.9620803504528,9.578272324498782
2026-05-05,491.73366946326564,637.9380224538615,9.655111415866118
2026-05-06,499.36375543810504,649.6405276661271,9.789311668513507
2026-05-07,500.98932640341377,645.4591319661077,9.759296832111875
2026-05-08,494.19001512537534,640.4067079756329,9.839870533518578
2026-05-11,486.0609895658307,636.6684152567867,9.862281458987598
2026-05-12,484.75849256969826,634.1124468079596,9.847340569905516
2026-05-13,475.87805197559913,630.4737708529557,9.902434843299377
2026-05-14,476.78575280436604,630.0834671108111,9.980607782274214
2026-05-15,469.54290294893724,618.863533370726,9.860547620359482
2026-05-18,472.7276641567482,620.9528924201526,9.853610633230621
2026-05-19,469.80117077872137,613.5320428843381,9.787977820906
2026-05-20,479.3686170121087,631.4211672324486,9.888294752566717
2026-05-21,485.3038086156929,641.7114153989779,9.907904108275059
2026-05-22,490.5472142236999,651.5883815852654,9.94685751952501
2026-05-26,492.77645458862935,658.2042022036726,10.012891139178445
2026-05-27,498.1405337616925,666.051366614117,10.011156484242127
2026-05-28,502.44230292244185,681.8759412089895,10.066383815873458
2026-05-29,499.6362042426664,681.5853626606453,10.091463252865688
2026-06-01,496.6756452838452,672.4270509846905,10.118943452289784
2026-06-02,493.9506712235228,672.246748031314,10.132684368310036
2026-06-03,484.51673060175665,663.4920853832758,10.061581474701526
2026-06-04,493.8568277675613,671.4776319638765,10.099601029364583
2026-06-05,487.69946249757555,653.1471852185737,9.83893667693168
2026-06-08,483.65489395346117,648.5952981282251,9.861213727855027
2026-06-09,490.1730815106048,651.00429653934,9.832266622585962
2026-06-10,479.03543484724867,629.6375801056638,9.677255408551993
2026-06-11,487.86604091234767,649.2976595971966,9.84173824669236
2026-06-12,490.8779292824334,657.0346771298675,9.894964806912435
2026-06-15,501.45580580505134,666.4437668417297,10.069452318417278
2026-06-16,500.65987585945004,659.5998908564243,10.009422645614015
2026-06-17,487.40180925819857,647.2863522485379,9.884426267981677
2026-06-18,491.4937877629036,654.137807327209,9.98719457318299
2026-06-19,491.4937877629036,,
2026-06-22,482.355238989581,642.7218371033066,9.955765074661528
2026-06-23,481.1867423638265,632.4352721022718,9.811187912108034
2026-06-24,491.7372439025359,635.9391728801514,9.806640259096163
2026-06-25,491.7372439025359,,9.82081708369806
