,A: Static,B: EW Rotation,C: Regime-Tilted,D: Hybrid,SPY
2004-01-05,1.0,1.0,1.0,1.0,1.0
2004-01-06,0.9996426471407074,0.9998985663140426,0.9997902935918455,0.9998985663140426,1.0009775873320914
2004-01-07,0.9923989855563163,0.9898710283888262,0.9924839783898338,0.9898710283888262,1.0043579959859377
2004-01-08,0.9891645804165659,0.9882570112877768,0.9892798314497181,0.9882570112877767,1.008359555370448
2004-01-09,0.9812511609146949,0.9839980539751995,0.9812532094594767,0.9839980539751992,0.9995555303219121
2004-01-12,0.9843217028187821,0.9879546602788999,0.9842578895416433,0.9879546602788998,1.0069366784945954
2004-01-13,0.9825910199467145,0.9864548662546292,0.9825379279455657,0.9864548662546291,1.0010671576568895
2004-01-14,0.9804467706468916,0.9795523560690358,0.9802920629191733,0.9795523560690356,1.0094273279265926
2004-01-15,0.9671080972414824,0.9626785833729732,0.966710477681527,0.9626785833729731,1.0119166450768706
2004-01-16,0.9670714021887842,0.9645808063356791,0.9664267172735862,0.964580806335679,1.0159195367431
2004-01-20,0.9745214868099078,0.9740170456899915,0.9749224138139758,0.9740170456899915,1.0156524655000525
2004-01-21,0.9766665081963026,0.972313643635385,0.976869065057262,0.972313643635385,1.023656609101165
2004-01-22,0.9739047442061568,0.972145087358093,0.9738719838556493,0.9721450873580929,1.0209894835830098
2004-01-23,0.9706720023045143,0.969337646935388,0.970386000410365,0.969337646935388,1.017698235321125
2004-01-26,0.9671505430595922,0.9642362437134661,0.9665250890726482,0.964236243713466,1.0305052545190996
2004-01-27,0.9650134022467228,0.965023229692953,0.9637755072152864,0.9650232296929528,1.019921403577238
2004-01-28,0.9483890963011491,0.9459062683490368,0.9457474896367505,0.9459062683490367,1.008270599944905
2004-01-29,0.9437714866141872,0.9355214823943059,0.9415049265172014,0.9355214823943057,1.0092495195587154
2004-01-30,0.944473016048307,0.9377710613389852,0.9429702752874737,0.9377710613389851,1.0092495195587154
2004-02-02,0.9457567835334936,0.933099896521645,0.9436413363525075,0.9330998965216449,1.0136072080950258
2004-02-03,0.9464333320511092,0.9330786999194751,0.9433885221808777,0.9330786999194749,1.0119166450768706
2004-02-04,0.9535957464053683,0.9391129578865329,0.9502831467164048,0.9391129578865327,1.0036458401655473
2004-02-05,0.9599586855668213,0.9448903966695033,0.9565378411394192,0.9448903966695029,1.0065809592756323
2004-02-06,0.979278159974414,0.9655014526710216,0.975863820636147,0.9655014526710215,1.0178761461722112
2004-02-09,0.9821189629666494,0.9703109077113569,0.9785578441185413,0.9703109077113566,1.0181430124488404
2004-02-10,0.9868270851463922,0.972862998022236,0.9829115241577357,0.9728629980222357,1.021433440845052
2004-02-11,0.9930471749392833,0.9833331067773168,0.9899000087473118,0.9833331067773166,1.0322834406810788
2004-02-12,0.9919071411144358,0.9837410387751597,0.9890836930868969,0.9837410387751595,1.0285481326739427
2004-02-13,0.9865765075234587,0.979659202496916,0.9842229606421083,0.9796592024969157,1.0239238853106307
2004-02-17,1.000979211161184,0.9989948000456568,0.9994837579504321,0.9989948000456566,1.033173302386137
2004-02-18,0.995135603846615,0.9935015140580474,0.9939904471306319,0.9935015140580472,1.0286374980323223
2004-02-19,0.9992082417635288,0.9960819149466961,0.9976005310165118,0.9960819149466958,1.0248135420492706
2004-02-20,0.9902228303972292,0.9846343935460018,0.9872451501279035,0.9846343935460016,1.0217005120880995
2004-02-23,0.9895305127805445,0.9807846012469178,0.9857122356666433,0.9807846012469176,1.0191210097137686
2004-02-24,0.9952494220770773,0.987809689221043,0.9915398868604304,0.9878096892210428,1.0173422086525346
2004-02-25,0.988010232173891,0.9797399950603584,0.9837505481737814,0.9797399950603581,1.02161114672972
2004-02-26,0.9920214614535233,0.9885470023429884,0.9883372898817568,0.9885470023429883,1.0222340396749396
2004-02-27,0.9979176140555875,0.9958254372214632,0.9950533414002334,0.995825437221463,1.022945375629657
2004-03-01,1.0055398442548271,1.007690142886441,1.002503147903043,1.007690142886441,1.033084346960594
2004-03-02,0.991219137149974,0.9911061873914031,0.9884324125124853,0.991106187391403,1.0270368127885927
2004-03-03,0.9944735005983553,0.993164797710245,0.9907495218994908,0.9931647977102448,1.0289038518929057
2004-03-04,0.9984674566607599,0.9966477322524079,0.994366818574136,0.9966477322524079,1.0315722072095708
2004-03-05,1.0074784142752842,1.0112261775285023,1.0049890886032071,1.0112261775285023,1.0350405464568686
2004-03-08,1.005850438048269,1.0099673726418306,1.0033312509369599,1.0099673726418306,1.022411335626771
2004-03-09,1.0030890420086684,1.0094939922627717,1.0001058888246277,1.0094939922627715,1.018320615850299
2004-03-10,0.9834963443613078,0.9905907576661839,0.9801271319758365,0.9905907576661837,1.0012453759576032
2004-03-11,0.9770596496095949,0.9869496969139863,0.9746411347236041,0.9869496969139862,0.9882597285260784
2004-03-12,0.9802345271241145,0.9869034579143683,0.9774239595978911,0.9869034579143683,1.0012453759576032
2004-03-15,0.973544496406472,0.9802158192459488,0.970367276066674,0.9802158192459488,0.9889718843464688
2004-03-16,0.9809001716532371,0.9874274056691872,0.9780020407120544,0.9874274056691872,0.9942189221717914
2004-03-17,0.9842027289718036,0.9913341488087357,0.9810233569153176,0.9913341488087357,1.005336095734075
2004-03-18,1.0007692568766169,1.0160062957470548,0.9996020886602036,1.0160062957470546,1.0056023471114492
2004-03-19,0.9958344040351684,1.012933106162547,0.9944295368690831,1.0129331061625468,0.9911891085764507
2004-03-22,0.9956968929121875,1.013936506203159,0.9945324622712097,1.013936506203159,0.978605195324798
2004-03-23,0.9978227625574867,1.0173605382340845,0.9965701996458292,1.0173605382340845,0.9769097131126037
2004-03-24,0.9944858414047668,1.014348474761208,0.9931974429113596,1.0143484747612082,0.9777127715395111
2004-03-25,0.9967194528407557,1.0154341933996518,0.9948262550618306,1.015434193399652,0.9906535313254278
2004-03-26,0.9954696825940025,1.01419125850625,0.9930580308109495,1.0141912585062502,0.9909214224341485
2004-03-29,0.998702743703178,1.0173726445682028,0.9967096037556176,1.017372644568203,1.00484417633015
2004-03-30,1.0040542457089514,1.0247474913478576,1.002108447381027,1.0247474913478578,1.008235345720957
2004-03-31,1.0137541008503173,1.0370356008887545,1.0123723894495409,1.037035600888755,1.0093954556485465
2004-04-01,1.0140946878106112,1.0429320440558192,1.0135730373076688,1.0429320440558196,1.0154642038448423
2004-04-02,1.0139633620282287,1.0433423989987558,1.0134185280239598,1.043342398998756,1.0231399912438346
2004-04-05,1.01265192450683,1.043553787565777,1.0124732063011976,1.0435537875657774,1.0287631424467414
2004-04-06,1.0162314028485482,1.0492055708225596,1.0163497522654803,1.045999338489183,1.025460518548641
2004-04-07,1.014829120847585,1.0486811444257818,1.0133612145227164,1.0473185124158926,1.023050625885455
2004-04-08,1.0010919394603828,1.036335139254917,0.9986683351582336,1.0376987574246794,1.0207305085134852
2004-04-12,1.0043647069902129,1.0610862476549778,1.000245392364706,1.0579884823618995,1.024746620513695
2004-04-13,0.9814113393482501,1.0472881911239773,0.9700569215475762,1.040366712847684,1.0103773472754225
2004-04-14,0.9769284426223352,1.0429861949550745,0.9572475746853524,1.036294932506703,1.0119843864781195
2004-04-15,0.9888307947180932,1.0512689327916283,0.9702014823806528,1.0437308261386502,1.0081461853289957
2004-04-16,0.9964081767560726,1.0521748265911255,0.9792780888894,1.0454569991484806,1.015911440569577
2004-04-19,0.9992511135360833,1.0574059616740101,0.9827204454169023,1.0491693503470445,1.015911440569577
2004-04-20,0.9843999872646634,1.0520361427634008,0.9626618764842688,1.041175764437652,0.9988643835593977
2004-04-21,0.97366789016705,1.0542960362925606,0.9361604096136775,1.0401508717387824,1.005558176848305
2004-04-22,0.9837020307369531,1.078560090088196,0.9442600838036987,1.0617908150104134,1.0196590465618112
2004-04-23,0.9826630708007734,1.0716424550120327,0.9454305194942182,1.0562685363237536,1.0206412456383145
2004-04-26,0.9823682180554391,1.0684976944617584,0.9464787833887095,1.0539443752855002,1.0192132446020044
2004-04-27,0.9884748397237073,1.0667778953207518,0.9525460757222465,1.0519708081090602,1.020105360937664
2004-04-28,0.9664777037326088,1.0499283981885068,0.924589233710929,1.032932942958847,1.0068967100430264
2004-04-29,0.9642592994917816,1.0304185092167877,0.9215634205208129,1.0214219997503484,0.9980613251324904
2004-04-30,0.9634387402334875,1.0178074007444857,0.925921567743999,1.012698872515573,0.9902968897575822
2004-05-03,0.9657179887379604,1.0191663772821735,0.9273674072664656,1.0143554717870613,1.000916917272274
2004-05-04,0.974152841055916,1.030969231963289,0.9369450821731382,1.0261026118962393,1.0001143712614124
2004-05-05,0.9781420275659681,1.0381239855873043,0.942933028866639,1.033223591992896,1.0065395560591353
2004-05-06,0.967482484667229,1.020613105424262,0.9268783518234401,1.0157953707474539,0.9978827993821493
2004-05-07,0.9494049582752377,0.9969821774473397,0.9058750057661424,0.9922759909571603,0.9813719345222479
2004-05-10,0.9493014880980264,0.9992226437026878,0.9089876105226662,0.9945058812440898,0.9712872792921609
2004-05-11,0.9436395698175574,0.9903451379011621,0.9001023764840419,0.9856702811042848,0.9794977215932942
2004-05-12,0.9463203175982531,0.9926337723098322,0.9026209322627318,0.9879481121700477,0.9857448930567215
2004-05-13,0.9443159082640595,0.9927851719842019,0.9028989243143026,0.9880987971725625,0.9816397231477595
2004-05-14,0.9466475325457434,0.9964469646313716,0.9064129851002314,0.9917433045768506,0.9820860375236122
2004-05-17,0.9420262532160507,0.990230050906054,0.900585505992033,0.9855557373695013,0.9736964545728828
2004-05-18,0.9434860878891425,0.9945352939456606,0.9043270205359882,0.9898406578024574,0.978605195324798
2004-05-19,0.953107575688156,1.0141427023626077,0.920857160307879,1.0093555107829215,0.9752138209675727
2004-05-20,0.9527543184399155,1.0120934429428614,0.9187816420632111,1.0073159247527443,0.9783375091824956
2004-05-21,0.957808463020023,1.018121407611917,0.9241908434775203,1.013315434824987,0.980033093877899
2004-05-24,0.9565660341757436,1.0219388073878775,0.9272679711956805,1.0171148148252087,0.9841384687532795
2004-05-25,0.9713214893084701,1.0402743850191252,0.9434012685748379,1.0353638406106063,0.998239645916413
2004-05-26,0.9760412998157593,1.0442602963969643,0.9468569724195482,1.0393309367651629,1.001720283148809
2004-05-27,0.992007265995686,1.0644700636005053,0.9646367921007989,1.05944530513858,1.0073432293852975
2004-05-28,0.9877057974363451,1.058099743388711,0.9588368649425926,1.053105055589629,1.007253966510127
2004-06-01,0.9888195055319537,1.0565859729396871,0.957569243968921,1.0515984307909465,1.005915023382569
2004-06-02,0.9865974259420178,1.0485257661310818,0.9507982573466833,1.0435762716398105,1.0096632442740583
2004-06-03,0.986646998699701,1.0382446486176455,0.9494859600428345,1.0360894727456715,1.0003818524372967
2004-06-04,0.9942661419865108,1.0460722413627848,0.9584046208480466,1.042925576098412,1.0083250185289643
2004-06-07,1.0078315992760203,1.0593511403938456,0.9731025435911321,1.0547312534614768,1.023674953595603
2004-06-08,1.0012198307054478,1.0567661246857192,0.9630623583464649,1.0479128792890695,1.0251033645647498
2004-06-09,0.9813947032377659,1.059010977338507,0.9423081447650927,1.0353150281062182,1.0155540816192676
2004-06-10,0.9832037704149541,1.0522613986825582,0.9459143247128287,1.0299916511661613,1.0205519827631442
2004-06-14,0.9715895824683305,1.0381596022530688,0.9337432170139204,1.016767094465483,1.010466610150593
2004-06-15,0.9832137178190268,1.051545590652996,0.9481741432360637,1.0271981819089107,1.0176071277481897
2004-06-16,0.9831981140641939,1.0550072152603203,0.949962734835941,1.0223647373926334,1.0174278846153846
2004-06-17,0.9909141501580553,1.0617659376925477,0.9623134202085355,1.0291928659846512,1.015911440569577
2004-06-18,0.9983156599999158,1.0681864250414197,0.9708341167512965,1.035938759431435,1.0178280815471192
2004-06-21,0.9877841794140386,1.0630572604998751,0.9585238846374573,1.029610729267096,1.0139761476479694
2004-06-22,0.9883034358424373,1.067919242045352,0.9603851647291084,1.029898856707607,1.019081963611082
2004-06-23,0.9881810045788186,1.080212189515208,0.9611023191748864,1.035920420162983,1.0278601628909119
2004-06-24,0.9934952324391163,1.0888776832080371,0.9722188038178453,1.0410102034134379,1.0246351187821388
2004-06-25,0.9834376428258584,1.0851177069486186,0.9621216154410063,1.0371539362565365,1.0197091608510862
2004-06-28,0.9820866545660666,1.082933441744135,0.9560746282131155,1.0385896082444852,1.0162158157007555
2004-06-29,0.9703258921157721,1.077434110357357,0.9471878043762904,1.0292179946718418,1.020425825932679
2004-06-30,0.9732659922907303,1.084636704637627,0.9484759257183167,1.0363583990289769,1.0258891033293105
2004-07-01,0.9691511465542043,1.082908008076755,0.9483832081241029,1.032388626713449,1.0116472167200126
2004-07-02,0.9754398794166614,1.08176942369668,0.9553891008353124,1.0321273453249529,1.0111096922880154
2004-07-06,0.9668825236142264,1.0663171304711307,0.9479995989972397,1.0172858991025857,1.0022417177169693
2004-07-07,0.9737041231303439,1.0764013067252296,0.9560206037508717,1.0269813636602498,1.0051979483681395
2004-07-08,0.9801514624396751,1.0662551339476962,0.9678707358228817,1.0169170268014784,0.9982112580674783
2004-07-09,0.9775402643657922,1.06853001508498,0.9672721622655859,1.0167124280311843,1.0008090024530383
2004-07-12,0.9872675841719649,1.0737584668544498,0.9778502708158566,1.0213206876721515,1.0012565466274006
2004-07-13,0.9849601951907578,1.0799785865763813,0.9731682800073511,1.0264710875627974,1.0019736216418302
2004-07-14,0.9875079635697663,1.0711769998689458,0.9804076004854334,1.0171417625341115,0.9989280256322804
2004-07-15,0.981723450166941,1.0579786017206958,0.9767672524782147,1.0044848330553462,0.9924785523139888
2004-07-16,0.9845774103921954,1.0482856697499976,0.9804403409680289,0.9972331974452899,0.9916720094579703
2004-07-19,0.9820024175126721,1.042202937451129,0.9758564155222469,0.9935321523858636,0.987462101709256
2004-07-20,0.9763855482411103,1.0625561015892337,0.9713669928900067,1.0067442715534107,1.0000026645634381
2004-07-21,0.9718425769743123,1.0436435425112562,0.9635907461132631,0.9935651674514432,0.9815505627557981
2004-07-22,0.968835005258852,1.0356454693872337,0.9620110952016444,0.9855679949078568,0.9842375700165285
2004-07-23,0.9539089859292486,1.021873922739102,0.9466233661490939,0.9725932622776573,0.9759967926854864
2004-07-26,0.9455053252605055,1.0126289532532866,0.9363335322796902,0.9660339745111866,0.9741154059318922
2004-07-27,0.9535035096684893,1.0358970785474295,0.944188846039175,0.9841068783649457,0.9832521939605415
2004-07-28,0.9565082064505946,1.0394451894914916,0.9489606375000892,0.9863553089596365,0.9862079121956658
2004-07-29,0.9570296264382799,1.0502487020620817,0.9505954441471273,0.9934167315926041,0.9904179224275895
2004-07-30,0.9620455675662571,1.0533402494499515,0.9595929280779039,0.9941786861536284,0.9928365261635533
2004-08-02,0.9699401735165456,1.0663034978607089,0.9692770380879545,1.0034113351650569,0.9948972585331619
2004-08-03,0.9661991048607164,1.027097311548314,0.9663521597861969,0.9734721078811465,0.987193390734862
2004-08-04,0.9685428736906632,1.0266004547155325,0.9698876231068904,0.9721456393669253,0.9871041278596915
2004-08-05,0.9546037893537537,1.0080388376255256,0.9575468833640053,0.9549828841815668,0.970980649530381
2004-08-06,0.9534539132979749,0.9935637895366813,0.9553682636443731,0.9461645221976868,0.9570966342874383
2004-08-09,0.9530881976985504,0.9891481561678304,0.9542243865821988,0.943321148728814,0.9584399841929899
2004-08-10,0.9563935507996321,1.0129318483752556,0.9567204033293902,0.9625468644910592,0.9708016113639941
2004-08-11,0.9539970564441769,1.0145210246211722,0.9512400341363095,0.9656923464785303,0.9688310642184385
2004-08-12,0.9537724043601359,1.0035908876148512,0.9512399173415543,0.9568342208421169,0.9582613559594396
2004-08-13,0.9625295432811047,0.9976846973626885,0.9602840904427096,0.953757068075316,0.9601425377466156
2004-08-16,0.9812853008217058,1.0236047873210412,0.9799618630800473,0.9759277503400426,0.9700852537320286
2004-08-17,0.9887070415350886,1.0332305370568373,0.9869398259134876,0.9844487804408474,0.975549248511124
2004-08-18,0.9980432436371797,1.0579473279986367,0.9987455608843901,1.0028568654939995,0.9855811248884984
2004-08-19,1.0064378098836697,1.057683852155873,1.0063530942593557,1.0044091437878706,0.9827146695285445
2004-08-20,1.0084089728845387,1.0601814131278808,1.0078530631363656,1.0084199666326463,0.9896119944708259
2004-08-23,0.998173040334058,1.052633570681111,0.9960408706861705,1.0023663956816797,0.9871041278596915
2004-08-24,0.991268086247862,1.0500393194502868,0.987319111070855,0.9996322618596708,0.9884479901812887
2004-08-25,0.9983567344885639,1.0619781945945403,0.9940794082020706,1.0105693667802196,0.9951655595747194
2004-08-26,0.9933009128944154,1.061358664743824,0.9909295758817543,1.0078242403716815,0.9951655595747194
2004-08-27,0.9935346189407452,1.0640709302066318,0.9905196329032387,1.0096335908284801,0.9983007259090672
2004-08-30,0.988671860380485,1.0590651501011987,0.9874516105713815,1.004906981158578,0.9900596411283974
2004-08-31,0.9928630961514545,1.0595005249530007,0.9928164313304213,1.0052196920810752,0.9952551298995171
2004-09-01,1.001225399606531,1.0645616182817015,1.002269818160703,1.0085217021802062,0.9971363116866934
2004-09-02,1.0065701145861699,1.0776197270022252,1.0074326056968887,1.0185218269288725,1.0084228899937033
2004-09-03,1.0003411456259688,1.069187705759354,0.9978490530718901,1.0129830114964034,1.004301732704114
2004-09-07,1.0005494459070128,1.0807925508825686,0.9906915129158175,1.0266573155208192,1.0109304491552105
2004-09-08,0.9967608575447642,1.072557862101849,0.9864153720480032,1.0207390990200393,1.0084228899937033
2004-09-09,0.9975280124790725,1.0722442437314008,0.9868853948552293,1.020544328028826,1.007526981779305
2004-09-10,1.0008241657431969,1.0864457570748507,0.9883801585941535,1.0343496661318192,1.0127219581343794
2004-09-13,1.0031080909322807,1.0868569564842288,0.9915241569967997,1.0344713409217194,1.0160359576686957
2004-09-14,1.0100054571462855,1.0894000765097906,0.9980888760268373,1.037706424673873,1.0180963825886769
2004-09-15,1.0137426269232057,1.0832375228756486,1.0035765854069734,1.031761766315711,1.0103931296896318
2004-09-16,1.0129093698205482,1.0844396378918397,1.0034431317152621,1.031761572961148,1.0134388281823907
2004-09-17,1.0093786305945007,1.0817758702120155,0.9992635563408011,1.0301691502902657,1.0177473247783084
2004-09-20,1.0113819115376026,1.0684423699906493,1.001530686335478,1.0188412363397625,1.0116304094737119
2004-09-21,1.0143865160541885,1.075088973957441,1.006044295969824,1.0235978965365706,1.0160385197489243
2004-09-22,1.007056452949044,1.077613700494458,0.9997152418764775,1.0232385719717774,1.00335581268365
2004-09-23,1.0131820831766274,1.0701400526398355,1.0068353980622644,1.0183146730159678,0.9979591493729667
2004-09-24,1.0137076263004872,1.0741353045986222,1.0069080561703796,1.0210588893161403,1.002546195331357
2004-09-27,1.0123965739197662,1.0638730003318249,1.0084547795235324,1.0108022354746875,0.9961601591195298
2004-09-28,1.020087091997568,1.0673424680679433,1.0163126758709191,1.013578220461461,1.0009273705596076
2004-09-29,1.0295737188081597,1.0895377506270065,1.0267394357420174,1.0294595585542914,1.0059642153229615
2004-09-30,1.0279061786451291,1.0941581529417572,1.0297308654131034,1.030476014498503,1.0052442707786755
2004-10-01,1.0372853807245974,1.1040543880667837,1.0389139116418573,1.0395172367135657,1.0222441855126456
2004-10-04,1.0357666562612955,1.1041801789587293,1.0353985810396586,1.0399651060406878,1.0239537079244938
2004-10-05,1.0446634486658959,1.1092942874402612,1.0505301214358522,1.0411610254222796,1.024492872087837
2004-10-06,1.0525674089758144,1.111721991460704,1.0625821942040912,1.0410198522468666,1.031509180035943
2004-10-07,1.0381231564876643,1.0970628473979183,1.0482141421497073,1.0280227866013536,1.0204457076752547
2004-10-08,1.0375564903633687,1.088512844767564,1.048369502910319,1.0217903236987793,1.011990842920296
2004-10-11,1.0363724252726045,1.0839844153855134,1.0466465605673296,1.0184478651028626,1.0161276801408856
2004-10-12,1.0166668797054843,1.072267838164635,1.0248004791463838,1.007408314661508,1.0121698810866828
2004-10-13,1.0031461458941542,1.0654572814283059,1.0081621603411108,1.0024238187547476,1.0032662423588519
2004-10-14,1.0063721444245186,1.0652708181918762,1.0138484581021479,1.0015951564402064,0.9951704787687584
2004-10-15,1.0185399934764545,1.065139812560689,1.026930010953274,1.0047026854293035,1.00074720507792
2004-10-18,1.0146391079397163,1.0694186121033078,1.0194320702433106,1.0031403744828191,1.004525146100063
2004-10-19,1.0113760336320532,1.0493247774204473,1.0211404603145249,0.99977055758862,0.9960698714122678
2004-10-20,1.0121205037965084,1.0543942450658688,1.0260807647813026,1.000127806777807,0.9940913305763983
2004-10-21,1.007655798561899,1.0443457173949608,1.0245336313969253,0.9916474684459059,1.00056734704586
2004-10-22,1.0041367463060664,1.0318288641786193,1.0219780426165965,0.9806368335670879,0.9893240166531116
2004-10-25,1.0045264234378721,1.046335977577778,1.0227693819911872,0.9831808305735426,0.9881547857199077
2004-10-26,1.0151564147942735,1.0670159748304286,1.0324512219340585,0.9994325551849658,1.0032662423588519
2004-10-27,1.0290620822542822,1.077846935763593,1.0404864369257045,1.0155592211581053,1.0153184727214293
2004-10-28,1.025326453525331,1.0737799804893216,1.0352306175459614,1.0144394280556641,1.018376776648914
2004-10-29,1.0245296543446356,1.0780700193287318,1.0370567381281814,1.0122020796705469,1.0181970211000628
2004-11-01,1.0253330720429548,1.0880231936946712,1.0389930601003168,1.0155369386998911,1.0209852817714344
2004-11-02,1.0171449274124351,1.0958891242660642,1.0248382336535162,1.0161357393207455,1.0213448953523454
2004-11-03,1.033273620461776,1.1195620176662098,1.0428435065897117,1.0315573640175966,1.0342072554832615
2004-11-04,1.053398886736028,1.1451081915461094,1.0655617269559885,1.0578238642962767,1.048329236737853
2004-11-05,1.0621767847080006,1.1557198442386984,1.0768053661023442,1.0681876529425622,1.0548953359481583
2004-11-08,1.0561082063102136,1.1485547147940571,1.0701383319582065,1.0615651978184637,1.0533659790179977
2004-11-09,1.0576335443457057,1.1430138735332378,1.07254014501444,1.05939325950222,1.0512972529580753
2004-11-10,1.05174738329466,1.1506881488823568,1.0652558874604914,1.0629584514212207,1.0521071777599957
2004-11-11,1.0562614448826524,1.1621632715833918,1.0698802293325398,1.0720452298344025,1.0601120387435723
2004-11-12,1.0722684110622511,1.1849643175622548,1.0906571447486861,1.0831869068777853,1.0684772306905237
2004-11-15,1.0776191252969491,1.1876768548056897,1.0940370213868642,1.0861282747401355,1.071102338092927
2004-11-16,1.0806258465800271,1.1926725336938793,1.098818897381633,1.0906968137918398,1.0634345443842481
2004-11-17,1.0800371955689936,1.1935486527192425,1.0997121895406474,1.091498023011026,1.0697487398664602
2004-11-18,1.0725364763155447,1.182817862680884,1.0897499441671195,1.08168473547932,1.0711922158673524
2004-11-19,1.0738765848908918,1.1859282075717332,1.0927764387582708,1.0845291400970198,1.0592846917960963
2004-11-22,1.0888752748845278,1.2019953039232116,1.1077473578634098,1.0992224698269908,1.0643364991079862
2004-11-23,1.0800030818035262,1.1923647520416778,1.0988595639281853,1.0904153480433496,1.0659602430737747
2004-11-24,1.0811403988641577,1.1944869252274768,1.1007951687672537,1.0923560714746978,1.068486249212929
2004-11-26,1.0896860097572385,1.2053443175646341,1.1110232185429574,1.102285136573186,1.0676743772300346
2004-11-29,1.0792336526666029,1.197263614131332,1.103574089693556,1.094895348312864,1.0628022229837863
2004-11-30,1.067239490656934,1.2022458930420616,1.0918287184153173,1.0904407881716627,1.0635243196754645
2004-12-01,1.083583126304587,1.2201905962946533,1.1133678659359518,1.1087063015494696,1.0756131365437087
2004-12-02,1.0752347722971125,1.1977735813439314,1.1027751664088041,1.1048867432059835,1.076515193750656
2004-12-03,1.0742180605764844,1.1993898871943696,1.1012390606857898,1.1076904285388698,1.0757934045086055
2004-12-06,1.0703941234519094,1.1938181495213478,1.096545227573081,1.1032880460353265,1.075432766095603
2004-12-07,1.0548290125357747,1.1557840263507106,1.078141853267638,1.0784496804840702,1.0654184143469934
2004-12-08,1.03763891648081,1.155401872646058,1.0496776991544732,1.066859324968897,1.07164396185329
2004-12-09,1.0405389906546234,1.1616987896567865,1.0462064864558658,1.0759213332803625,1.075432766095603
2004-12-10,1.0427749774019093,1.163596223456221,1.0482501370375452,1.0771907007183112,1.076515193750656
2004-12-13,1.0536045773882303,1.184849085880941,1.0592946772925864,1.0956056605043913,1.0858971216155946
2004-12-14,1.0547241691708584,1.1857855856746686,1.0580038388816804,1.0964619283501191,1.0896866432403716
2004-12-15,1.0625015197223475,1.1945122228018599,1.0692013123662027,1.0992101453789298,1.0904983102568475
2004-12-16,1.0576667393627528,1.1855659629828907,1.0612941125567763,1.0914824899574398,1.0898666037556408
2004-12-17,1.0547305134128395,1.1878595779213064,1.06071597740414,1.091794864586678,1.082597264764141
2004-12-20,1.0610060615817032,1.191720065324284,1.0698848015113611,1.0950546525894544,1.0828695626508553
2004-12-21,1.0641156671251781,1.2119781673613914,1.0740292544332877,1.1056016422152921,1.0912081089634276
2004-12-22,1.0637065646996196,1.212856400628129,1.0706297224804329,1.106504038375001,1.0938365983117326
2004-12-23,1.0681693848969855,1.2308838755594878,1.076952165709201,1.1183750718718564,1.094652467139784
2004-12-27,1.0737773460166666,1.2353359782136701,1.0839345578155564,1.1251050712432464,1.0923865633854548
2004-12-28,1.077015326171239,1.2447730559948285,1.0882685135660628,1.1328296160893858,1.0983686107868087
2004-12-29,1.074955860446329,1.2458894421233146,1.0840825369570433,1.1290795295960867,1.1000004509261203
2004-12-30,1.082525854676029,1.2402713968336847,1.09270320449323,1.1257792122164842,1.0979156350023611
2004-12-31,1.0800640495860547,1.2522160344937232,1.0909744628200457,1.1271116183762384,1.0955589311247247
2005-01-03,1.0611133295609299,1.2154954272052974,1.0650386112782038,1.1033838866836674,1.0903921376521672
2005-01-04,1.0591630930205969,1.1977231386806426,1.0626500003461532,1.098894055274367,1.077068398113653
2005-01-05,1.0463549593503203,1.1792165271822999,1.0512887620434634,1.0948667834050057,1.069635803369976
2005-01-06,1.0507828433068649,1.1727410561896527,1.055179710899784,1.0960879690723768,1.0750741773467836
2005-01-07,1.047534253230723,1.1766545232030117,1.0525083710595933,1.087282751383377,1.0735336497468253
2005-01-10,1.0535603656959924,1.16883044142544,1.0589404312435466,1.088059876113973,1.0786091306800294
2005-01-11,1.0608549347334515,1.155768401482095,1.0705717435664495,1.0841081173078575,1.0711767409027704
2005-01-12,1.0743507041022944,1.155563233314749,1.0852193141928106,1.0864993561307614,1.0747118992024345
2005-01-13,1.0704138462810264,1.1733842013828344,1.0828967073360547,1.080919775535106,1.066100747553521
2005-01-14,1.0709189952396845,1.1828963307293556,1.0797823020900141,1.091055520359734,1.0717210292265715
2005-01-18,1.0753644106994964,1.1976439629295068,1.0851249420496634,1.0988073522489161,1.0828695626508553
2005-01-19,1.0705564305999202,1.1818555054140736,1.080471570825516,1.0877048712984247,1.071539326496747
2005-01-20,1.0620900287046282,1.1642407157409416,1.0707308614921347,1.0746788223711365,1.0650131957380102
2005-01-21,1.0651738038496563,1.1551308747976592,1.0797927380887524,1.0726322719572141,1.0584872699456922
2005-01-24,1.0740679553647803,1.1400192863733531,1.090857928746847,1.062429519915291,1.0564025565051423
2005-01-25,1.0732937319845601,1.145980928428726,1.0875432307926864,1.0614824363054156,1.059393938897051
2005-01-26,1.0773805945178507,1.151412735459514,1.0909950036771134,1.0693360767374607,1.0625659991866931
2005-01-27,1.0711613223687946,1.1545184809904643,1.0831160511349582,1.0707133209887985,1.064379029639784
2005-01-28,1.0500316301658508,1.141514359577954,1.0604471626581233,1.051544612740249,1.064379029639784
2005-01-31,1.0548419840323606,1.184563038597869,1.0674605208339212,1.0747773030671386,1.070995140656155
2005-02-01,1.063276755617925,1.1914061527951367,1.077864988180598,1.080276737681914,1.0777938767512332
2005-02-02,1.0705200374809547,1.2021398009775228,1.0860132899689552,1.0974032434720884,1.081056122264928
2005-02-03,1.0722746356708108,1.2014691379284002,1.0896039582344972,1.0978081984955612,1.0782465450860532
2005-02-04,1.0752901250797169,1.2144140047526586,1.0938046744505026,1.1023697030576243,1.0897578690707315
2005-02-07,1.0776990204633998,1.2200949997238661,1.0936594455353328,1.1049553303679387,1.0883076291780354
2005-02-08,1.0734177598415096,1.230305337488704,1.090099630607188,1.1090940773071463,1.0895764737905342
2005-02-09,1.0645186931964221,1.224314759874113,1.082250961876622,1.1083043486126025,1.0814191177917412
2005-02-10,1.0809088440017456,1.2413849918583122,1.1099070342940092,1.1217185213842515,1.0853166567189632
2005-02-11,1.1006295378091255,1.261958230687484,1.1366640826387875,1.1382164306601246,1.094652467139784
2005-02-14,1.101729660181077,1.2592835145380958,1.1383769839552556,1.1343663534999342,1.0938365983117326
2005-02-15,1.1108922880233179,1.2573314867144139,1.1487256021768515,1.1362678518382827,1.0979156350023611
2005-02-16,1.10979731199047,1.282637155459872,1.1463867627379625,1.147723708812248,1.0986406012238954
2005-02-17,1.1153933441093946,1.2687426494863532,1.1553934837972635,1.1430222850036766,1.0897578690707315
2005-02-18,1.11023362494696,1.2684185608957703,1.1510155600330203,1.1401525190569046,1.0912081089634276
2005-02-22,1.1173522810087677,1.2446075333808682,1.1598928619566755,1.1323771736651151,1.0749834797066848
2005-02-23,1.1178981376666977,1.26334414715694,1.1590106914926694,1.1403769671274548,1.0826876549546123
2005-02-24,1.1282025578015962,1.282586962146357,1.1703339011453606,1.1541921064984662,1.0898486691940392
2005-02-25,1.1340744660455655,1.3027951295497864,1.174095187813356,1.165467496002337,1.1006346170243468
2005-02-28,1.1295936205918964,1.2811274923181069,1.169303391281631,1.1574843351693704,1.0933833150776577
2005-03-01,1.1209659770814828,1.267690255649569,1.1563099870224902,1.1495684741490564,1.0988223039537204
2005-03-02,1.1212912000230442,1.266469424076372,1.1587751915675342,1.1437918164117842,1.0982781181131285
2005-03-03,1.1235568480362614,1.2703726289552542,1.1603621344875201,1.145096591578362,1.0987312988639941
2005-03-04,1.137115700301279,1.2881652101422627,1.1761663733166854,1.1602555408687114,1.112418033929321
2005-03-07,1.1380690757620877,1.2883790037425857,1.1766036497408463,1.1601651054294717,1.1129618098370762
2005-03-08,1.1416253602782729,1.2607239523982432,1.1832816996735773,1.1471948462408177,1.1087920755063492
2005-03-09,1.1345471262066316,1.2447897822460383,1.1779981410709182,1.1345759316821749,1.0964649851768287
2005-03-10,1.120436373003036,1.2322094802640504,1.1591049280306296,1.1241667684841172,1.0989125916609823
2005-03-11,1.1245904036776484,1.2427191644784303,1.1657843211753296,1.1289611254543572,1.0912081089634276
2005-03-14,1.1056936294360236,1.2402323420824577,1.1442708174844802,1.1207111884792478,1.0980062301592508
2005-03-15,1.1040130466456288,1.2421197790327336,1.144321403576092,1.1145608216777445,1.0889423076923077
2005-03-16,1.1082311744172029,1.235840859442035,1.1492138916259336,1.1155625487589071,1.079696784978749
2005-03-17,1.1196800665731577,1.249340828812064,1.162892191721439,1.1272588623797914,1.0818721960593976
2005-03-18,1.127286871782619,1.2443671301172048,1.1717955534636477,1.1252060350778892,1.0786602698013956
2005-03-21,1.1095509381506274,1.2489038883686256,1.1495398532805172,1.1245870211614057,1.0746562508198658
2005-03-22,1.1058654524290528,1.2384655761157373,1.1451686223776303,1.1178153846908663,1.0637370748176618
2005-03-23,1.089430134470565,1.2252808536171549,1.1262426306426097,1.1117513983941054,1.0646469207485045
2005-03-24,1.091279269905221,1.2323200814852402,1.1274448993916357,1.114119755715407,1.0659203771054149
2005-03-28,1.0823579707534376,1.2175113361835224,1.1160381195206022,1.107356519670962,1.067467566113968
2005-03-29,1.0688799226525523,1.1873416813786513,1.1039303421313789,1.09189150212238,1.060369784014587
2005-03-30,1.0794917807534155,1.2050463007667898,1.1151702869481832,1.1035468612108421,1.0753841890544653
2005-03-31,1.0907450413705346,1.20753745767557,1.1337844980357141,1.1013380384216522,1.0733822820469094
2005-04-01,1.0786664623074635,1.2011976471391201,1.1189736151860696,1.0922630688062673,1.0685594222242627
2005-04-04,1.0794631027361423,1.193413751529378,1.1207015593406657,1.0896829490125068,1.0703800364348306
2005-04-05,1.08581497676542,1.2008505531893399,1.1256626289937768,1.0997887657250862,1.075474989177773
2005-04-06,1.090458348802278,1.2229826483019783,1.1314305026590021,1.1172517470243077,1.079206095373334
2005-04-07,1.0864540432399141,1.2241858697912227,1.126020225135523,1.1207947922011716,1.0850300111829678
2005-04-08,1.0880865354362672,1.2086198991604757,1.1295696613081496,1.1144382892982392,1.0737466098554411
2005-04-11,1.0852543503697278,1.187543949301817,1.1274237397286302,1.1022297548166016,1.0745656556629761
2005-04-12,1.0778512347193414,1.1933670176764462,1.1176940675587175,1.1001846773611934,1.080116043787386
2005-04-13,1.0824102453846136,1.1605235389709494,1.1181382836112728,1.0884899011168645,1.0673765610242418
2005-04-14,1.0547996513970999,1.1264986114044246,1.0873183968566051,1.0589587889037697,1.053454422027495
2005-04-15,1.067993567521478,1.0948360448907797,1.096800015057365,1.0531013008899126,1.038712827290377
2005-04-18,1.0812357410634679,1.1125929310574627,1.1109684187131563,1.0659378773315775,1.0418982103972085
2005-04-19,1.097030812359193,1.1445794407380483,1.1327857278804805,1.0898302615785107,1.0501783412805645
2005-04-20,1.0870853974761219,1.127694078992698,1.1243263122955343,1.0751306588890241,1.0355283665324275
2005-04-21,1.0927929482271472,1.1567271660259146,1.1289607518980889,1.0869950754985644,1.055638236731294
2005-04-22,1.0898951162162767,1.1405830699733972,1.1274613260854274,1.0779962892236608,1.0516347301658096
2005-04-25,1.0961135387956062,1.1573631223202405,1.133918701408112,1.089868991908869,1.05855029711932
2005-04-26,1.0978431821415173,1.154526754169466,1.135390829722162,1.0895596063990458,1.0482676443291532
2005-04-27,1.0860351824256989,1.1442658300544308,1.120233253498095,1.0802552097486808,1.0523619510179454
2005-04-28,1.083912209916919,1.131384135017488,1.1184320556424991,1.0741551975665156,1.0391681601886347
2005-04-29,1.0854388706192517,1.120650298679141,1.1134711500716878,1.0711812142891317,1.0532724118480428
2005-05-02,1.091070550696758,1.1329127411220137,1.1202924494958477,1.0765420638139038,1.0591873327474026
2005-05-03,1.0964661514854426,1.132719337596471,1.1258095533525752,1.0836196002762768,1.0610068196426696
2005-05-04,1.1100970229339064,1.1574049699400426,1.1437707998102769,1.0998246949281614,1.069196150402718
2005-05-05,1.1145433835076817,1.1580294341831583,1.1498881757105304,1.099461170293882,1.0688326424598593
2005-05-06,1.1114337920098842,1.1647696552149869,1.145651010846335,1.102040327979678,1.0654660690392488
2005-05-09,1.1183393102026564,1.1799892623073371,1.1573794047776447,1.1115262524028928,1.0721084157571623
2005-05-10,1.1050917132191604,1.1528899033623952,1.1434304638871615,1.0917323510145003,1.0610068196426696
2005-05-11,1.106162801258219,1.163081423119147,1.144543112261539,1.1004233483569321,1.0668304280026761
2005-05-12,1.083730165102015,1.1244111430414556,1.1163355388855856,1.0760493764524257,1.0550922061929373
2005-05-13,1.073761673317763,1.1212990865842316,1.105448847944594,1.0714686651900145,1.0529992940956554
2005-05-16,1.0740241579299579,1.1424996505317304,1.1046780289418916,1.0790935416981255,1.0628268189539825
2005-05-17,1.078949429083141,1.1592982827085057,1.1128297113667547,1.0883701816476985,1.0699247035365724
2005-05-18,1.0901747382939893,1.1874320954226605,1.1263600484560008,1.1097478194607195,1.080935294561339
2005-05-19,1.0863882903411863,1.184469638366448,1.1218788193677816,1.103873652779107,1.08548483166518
2005-05-20,1.0711711671714006,1.1728950614224452,1.103020276640618,1.0893054348754223,1.0839377451398362
2005-05-23,1.075508494620102,1.18169054363993,1.1089042038143286,1.093993092452801,1.0899432611960858
2005-05-24,1.0795168383800373,1.1866746277885414,1.1152522421737714,1.0963523911257744,1.0873952211669642
2005-05-25,1.0766219269593478,1.1724390111551393,1.113876400629096,1.0907179550223587,1.0865765852922658
2005-05-26,1.0854468701715119,1.1881547999720419,1.125587869785792,1.1012627132675528,1.0924010135179452
2005-05-27,1.0929330716863865,1.2018563227687087,1.13767380390796,1.1099000312857852,1.0942205004132122
2005-05-31,1.0890688066038081,1.2010405079166755,1.1390817911382114,1.105937002014868,1.0872137234035575
2005-06-01,1.1004435072522818,1.228069059359306,1.1539951054630837,1.122651323804423,1.096495217723528
2005-06-02,1.0986163336976982,1.2372118419960332,1.1491652382092021,1.125410586593714,1.0988613500564068
2005-06-03,1.0959669186433298,1.2329237249761744,1.147201414861048,1.1199074122861088,1.0933104495159514
2005-06-06,1.0999808636838686,1.2366377125343162,1.1510347137033394,1.1261268506573858,1.0923093935289643
2005-06-07,1.0944658706459283,1.247577360143717,1.1430804238261973,1.1319661249786548,1.0931285418197083
2005-06-08,1.089866783533873,1.236011262411783,1.1387225661732483,1.1244268644570705,1.0911266348121524
2005-06-09,1.0880709164303162,1.2299511716544909,1.1331990386936335,1.1188711879275792,1.096313207544076
2005-06-10,1.0957864226945346,1.2490228246149515,1.141912174646026,1.1244666846052087,1.0937650650317452
2005-06-13,1.1001473898728507,1.252312112761019,1.145039622518095,1.1286888630778165,1.0972235658909644
2005-06-14,1.1100194414759608,1.2386077699520188,1.155813635934771,1.1231396024570082,1.099770991020831
2005-06-15,1.1161676979564101,1.2431039426297372,1.1638441023159847,1.1281461707871365,1.1018640056013222
2005-06-16,1.1294160099180253,1.2602356532831804,1.17643620906267,1.1424463785787404,1.1046850608996224
2005-06-17,1.1275114003732556,1.2523567679562277,1.1729589588842029,1.1349704833893064,1.1087780353066954
2005-06-20,1.1190697989290346,1.2504745320612287,1.163281753284119,1.132059111412454,1.109143592913737
2005-06-21,1.1167239065611623,1.243432996016571,1.1603084362870035,1.1250521676852867,1.10978298565563
2005-06-22,1.1216136432980308,1.2510657400047647,1.1650753373256768,1.1306601958301008,1.1106967259484206
2005-06-23,1.1133100166685452,1.2249531972661327,1.1563956498859826,1.116657479661279,1.0950737756126037
2005-06-24,1.1027059642120325,1.2079978765043313,1.1458234414824309,1.102267495915055,1.0870336604050792
2005-06-27,1.1109666533295344,1.2151846968982711,1.1565242813443826,1.1068851829570165,1.0885863835069263
2005-06-28,1.1146268774310586,1.2421589800019983,1.158213095428811,1.1191415641990028,1.0977229665691575
2005-06-29,1.1140334688059914,1.2453958312483309,1.158084871295287,1.1214120013225723,1.0947999404777522
2005-06-30,1.1083980218318459,1.239417079217046,1.1514855654693497,1.1178904306768442,1.088861038507451
2005-07-01,1.1049055398129606,1.253322345781334,1.1471053710082557,1.1219402726294114,1.092058617116172
2005-07-05,1.1115465553952015,1.268262347191695,1.1543499183117836,1.1323271044409402,1.1008294376049428
2005-07-06,1.1084155380614118,1.261271594308349,1.1531841466477541,1.1279170160091723,1.091602156902613
2005-07-07,1.1061209803159822,1.2692903258606674,1.1519048010795405,1.1330420767719518,1.0958954859835763
2005-07-08,1.1103702624529366,1.2928539414302127,1.1563568195850968,1.150598554940236,1.1084122727332355
2005-07-11,1.115255808559875,1.3063293019226336,1.1623137915295063,1.1577977207149903,1.1140768271526393
2005-07-12,1.1242248584253733,1.308497409522533,1.1715695362359446,1.1619841603549834,1.1170004681432992
2005-07-13,1.1229847675876203,1.3021240636885738,1.1706170046793656,1.1553963939494365,1.1185537036611921
2005-07-14,1.1187583874417781,1.3126751075008596,1.164827388580949,1.1609337073936932,1.1229391651471825
2005-07-15,1.1149558849140542,1.3097052594427498,1.1607259834303025,1.1593285951792345,1.1222997724052892
2005-07-18,1.1202333882708475,1.3144418406267429,1.1670288910324549,1.162030748506926,1.1178229983799455
2005-07-19,1.1250058808454515,1.3369582711256578,1.1721193179347016,1.17449382259282,1.123944013012908
2005-07-20,1.1298627109873833,1.3503420486389186,1.1781722563887782,1.1844055167926058,1.1277814967795678
2005-07-21,1.1276897334118612,1.3426848608022919,1.1777494648467979,1.1743661605274816,1.1212036120002098
2005-07-22,1.1227669217066474,1.364862652760647,1.1733092172031638,1.1827729951761965,1.1286948271395214
2005-07-25,1.1210412980525637,1.3555918852885827,1.172111418703206,1.1776930691746978,1.1254970435643825
2005-07-26,1.114521024945354,1.3676154149766118,1.1633376276997498,1.183566732739579,1.1268678589699865
2005-07-27,1.119294951740338,1.4175580162150345,1.168013270384328,1.2220623495511405,1.1309788704218702
2005-07-28,1.1286504108785516,1.4525439011791552,1.1805182838556503,1.24526114139153,1.1381050403701856
2005-07-29,1.1240873425062383,1.4434755134477963,1.1760525834320663,1.2402955284446124,1.130522102758684
2005-08-01,1.1316563313414791,1.4399048069708567,1.1841890896087166,1.2428052134502656,1.1297001874212929
2005-08-02,1.1289729848429833,1.4492376740718647,1.1808803488128135,1.246512796510579,1.1364610047289854
2005-08-03,1.129029786347034,1.4535898115755566,1.1816296143900402,1.2499330133612432,1.1394755483261623
2005-08-04,1.1176490081278976,1.4294167835566847,1.1689544980550632,1.2318086838544904,1.1303399900960227
2005-08-05,1.1090299362128038,1.4285642023159433,1.1581070042512251,1.2345771276462938,1.1226649200794943
2005-08-08,1.1053601776073876,1.4080041937866217,1.1521318879947064,1.219651030984941,1.1205636043590617
2005-08-09,1.1100976414267658,1.4300518286490687,1.1572076656952854,1.2335164508155243,1.1273244216667542
2005-08-10,1.1184670096446785,1.4276505995336222,1.1667521726145487,1.2291575364125098,1.1267762389810054
2005-08-11,1.131200490411346,1.4435306127281662,1.1800393992905247,1.2456116124391414,1.1312528080399307
2005-08-12,1.12881688171851,1.4495955338846644,1.1754531376256319,1.2503181902267186,1.1243096731031588
2005-08-15,1.1204732759565021,1.4628466192433398,1.1650150277800857,1.257248675928104,1.1312528080399307
2005-08-16,1.1095916294209398,1.434623787788177,1.1550842385214903,1.237731592893179,1.116543495513695
2005-08-17,1.0981254618632905,1.4435851304763065,1.143685092115339,1.2400678595019616,1.11645238794076
2005-08-18,1.091233484436399,1.4269956375660597,1.1366222552944623,1.2272408686775813,1.1163610754014062
2005-08-19,1.094585180347622,1.4323660667829783,1.1417026332052713,1.2257588560669281,1.1189190563018157
2005-08-22,1.1004403173044122,1.4404535398010174,1.1488101117582934,1.2322735107647624,1.1189190563018157
2005-08-23,1.1022881087879446,1.4455051213670216,1.1475480240099178,1.235889049326862,1.116817740581383
2005-08-24,1.0938469880023474,1.438501948248108,1.1386150429874313,1.2270132282940804,1.1068592421817611
2005-08-25,1.0944756332657692,1.4397233962040994,1.1367929546944426,1.2238044667853483,1.110878736127873
2005-08-26,1.0891533745067914,1.4145918073300308,1.129393917227809,1.2089066836060507,1.1032965158988353
2005-08-29,1.0964411783483852,1.431279082767274,1.1365426572640362,1.2188494000529984,1.1117925789038723
2005-08-30,1.093754637561988,1.429011291360081,1.1345604057067393,1.2149776335141804,1.1059453994057613
2005-08-31,1.1138180966575435,1.456760533865444,1.1568463780821296,1.2321979565885695,1.1199240066507503
2005-09-01,1.127089972722354,1.455158115866452,1.1736587873430608,1.2335543918572027,1.1191017838637318
2005-09-02,1.1231317321068033,1.440942691678797,1.1684030032002166,1.2258234679607902,1.1170914732330255
2005-09-06,1.131725864568536,1.4489525793944913,1.1747010019773731,1.2351141505060135,1.130156955084479
2005-09-07,1.1369806701936056,1.4752523651762408,1.1794151902537178,1.2526177898574136,1.1320756457262042
2005-09-08,1.1418513358555378,1.4676065560399583,1.1834280875294954,1.253680467447477,1.1283294744988983
2005-09-09,1.155263898902095,1.4761879159642304,1.2012457277433386,1.2612192534556124,1.1383795928875013
2005-09-12,1.1539176250549479,1.4940259818374995,1.1981752996514212,1.2663970710341745,1.1360954471219438
2005-09-13,1.1309285842596621,1.4839174896515794,1.1736729794990608,1.2506568150883108,1.1297910900278099
2005-09-14,1.136441573470391,1.4750571511361654,1.1817650578893102,1.2475332185422703,1.125679976092717
2005-09-15,1.1341235992210823,1.4676356968582496,1.1787018875056972,1.242039270521877,1.1251321008565955
2005-09-16,1.1442126185324235,1.4758770962932837,1.1956042885796276,1.244446941954208,1.1331325550621785
2005-09-19,1.154143498160239,1.4705097061759795,1.2084787515131006,1.2451700066398377,1.129370498937454
2005-09-20,1.1393564851806022,1.4437417140593802,1.1918939943572724,1.2255944702193995,1.1198287997494492
2005-09-21,1.1400259504067907,1.4379937753671976,1.1952708221753892,1.2188375808874887,1.1093687485242418
2005-09-22,1.1385491609879534,1.4432962558260642,1.1920306514446515,1.2253008268715107,1.1133135322108825
2005-09-23,1.1329298837888535,1.4507103589909771,1.184803890055712,1.2280790938100152,1.1142314743152482
2005-09-26,1.136270835588232,1.4532617951185194,1.1901163661418268,1.2276250514247624,1.1155163063083746
2005-09-27,1.1321271377689393,1.4747453071573584,1.1850171167575865,1.236662252296431,1.1152408314421765
2005-09-28,1.138390402568478,1.4722728007823047,1.1913442705251387,1.2345030627736728,1.1163421160077134
2005-09-29,1.15173862827348,1.5029440387903903,1.2079183168812415,1.2531479360245175,1.1254257152508134
2005-09-30,1.1457122123325154,1.5092799818873592,1.2019247738938432,1.2508039451057908,1.1289118865765033
2005-10-03,1.1423848136851387,1.5661423457347645,1.1993771187587214,1.2595536805653362,1.1248745605519992
2005-10-04,1.148504690614655,1.548948857698806,1.2052136670181723,1.257148570402221,1.1122133749606464
2005-10-05,1.1407622697479254,1.502064768672936,1.1967518868422582,1.2399742844069634,1.0976249926212092
2005-10-06,1.1413277770530785,1.4855799806598646,1.1951334382571046,1.2393088795865423,1.0936791841024767
2005-10-07,1.148233219407338,1.4752214351348687,1.2078246259020906,1.2318373227179749,1.0974407278111555
2005-10-10,1.1486722905478408,1.458961922078041,1.2093505858769278,1.2244070818736588,1.0881740935565116
2005-10-11,1.151947039056472,1.4547690208931374,1.2137859502054664,1.2211949017934731,1.0866146065628608
2005-10-12,1.1446378441506155,1.4240820589807832,1.204950547474307,1.2067298108100653,1.0780810347032743
2005-10-13,1.1383624898940734,1.4300124157984635,1.195611876462891,1.2136912498681587,1.0774390798811522
2005-10-14,1.1398872601430245,1.4449029847021508,1.2001437051053747,1.2186621403803657,1.0888160483786338
2005-10-17,1.1458816594818741,1.4474132882580544,1.2082063176245619,1.2204366015704808,1.0928536818527652
2005-10-18,1.1370732531588736,1.423947210285169,1.196549587310286,1.2082043663407345,1.0810177935447056
2005-10-19,1.1326142643019466,1.4593726787236132,1.1892713418740326,1.2253821328222054,1.0990011371536887
2005-10-20,1.118417091962418,1.435878246794625,1.1730799324489585,1.2172510072367142,1.0796412390793892
2005-10-21,1.1216239024095254,1.448710358566148,1.175837045409918,1.2232924024309997,1.0838618050818554
2005-10-24,1.128608661061779,1.4822951065047902,1.1856368577714163,1.2382228829810038,1.100652551585948
2005-10-25,1.1300851833490826,1.4813036825958072,1.1891854025624276,1.2376937052826715,1.098450289904502
2005-10-26,1.128718152607292,1.4974240374081718,1.1880025094882534,1.2655907765860732,1.0952390810289643
2005-10-27,1.120012405892613,1.465057061834526,1.1773083036829919,1.2493308769601479,1.083586637665285
2005-10-28,1.1228031337621966,1.4852255658409097,1.1790729003103537,1.256959058532068,1.0991843771316507
2005-10-31,1.1257665924585862,1.5124456195130682,1.1785235652330808,1.276035743698159,1.1022122435460173
2005-11-01,1.121915831346691,1.4869017422083197,1.1762363799233535,1.266607828239697,1.1055151748937455
2005-11-02,1.1347784797965954,1.524109029427434,1.191505070234893,1.2995363772379382,1.1170761007516528
2005-11-03,1.1358252860306346,1.5496169398236774,1.195520457854501,1.305611887580987,1.1218466941376324
2005-11-04,1.133164843726259,1.561611780712279,1.190728495089549,1.318293712055665,1.12037913458259
2005-11-07,1.1345771649387204,1.5680633283432357,1.189825881861459,1.3302071402083495,1.121480624114545
2005-11-08,1.1383074358737577,1.5567219196396846,1.194587002280528,1.3278751813647727,1.121480624114545
2005-11-09,1.1488409648235867,1.5677307753198166,1.2044365846080691,1.3397647242615487,1.1229481836695876
2005-11-10,1.1510205525364512,1.589385786864337,1.205535335501365,1.3580872600699787,1.1316643806078812
2005-11-11,1.1544221614026784,1.5923764283079462,1.2117904357492235,1.3631788712939445,1.135518159204796
2005-11-14,1.1515085646555612,1.6081050272881254,1.2089666729018487,1.366126737301859,1.134876204382674
2005-11-15,1.1500324603623084,1.6075333176116942,1.208366818146689,1.3649142883729335,1.1307470534027706
2005-11-16,1.1628363839862486,1.613881049837039,1.225790028364553,1.3697844941538218,1.1330410375564068
2005-11-17,1.1748499130206005,1.6547599765256567,1.238799375475788,1.3961731966204312,1.1435922988377585
2005-11-18,1.1807274630955882,1.671117615407146,1.2446984905495357,1.3999234108556045,1.1480884421896316
2005-11-21,1.1946613476264547,1.6901591713609707,1.2622201456952562,1.41136187561889,1.1538684951857487
2005-11-22,1.200642337809351,1.7201443662318365,1.2676832258176922,1.4324019317345478,1.1588230459321545
2005-11-23,1.2033621726835784,1.7151951039509143,1.2693383254193469,1.433291777845264,1.1655207335830098
2005-11-25,1.2050019967023964,1.728878121647252,1.2724369054614728,1.4391651072539435,1.166438368237748
2005-11-28,1.207134695508016,1.6983101179892064,1.2783440507145076,1.4283592121337065,1.1581812960764508
2005-11-29,1.2050827957933323,1.6771208159567084,1.2773889806683603,1.414573622286309,1.1568962591169063
2005-11-30,1.1993090289733108,1.6800843097985552,1.2722823449017036,1.4170506325091794,1.1506570813437926
2005-12-01,1.2117698270166588,1.7175246991202813,1.2885312168207927,1.4431903836329332,1.162401144696453
2005-12-02,1.2110003213477947,1.7271194466903728,1.2879422691067943,1.4478023403834561,1.1638697290835869
2005-12-05,1.2143409706365063,1.7189313454895294,1.2934002933670101,1.4386650678868143,1.1613922999855704
2005-12-06,1.231655852275162,1.717303172045231,1.3142946279000407,1.44544003942713,1.1635940492509707
2005-12-07,1.2461978877465922,1.7059099977226353,1.3311586076420387,1.4421052321866838,1.1568040242286703
2005-12-08,1.244601924422305,1.7032276438883551,1.3301023204451423,1.4381405751571865,1.1560706543839856
2005-12-09,1.258361300644337,1.7186317631502874,1.343462919982543,1.4596992330027239,1.1590984183151434
2005-12-12,1.2678695526007377,1.7446290595851002,1.3484366152571992,1.478845147291388,1.1601992929478435
2005-12-13,1.2718944101673633,1.7509875588959478,1.348063988400838,1.4792959480544587,1.168090090119635
2005-12-14,1.2549995191960075,1.7376418043652846,1.3300757005348116,1.463942645403996,1.1726774435276524
2005-12-15,1.256224899609663,1.7209133371476937,1.3363639757906491,1.4523263751251276,1.1692829946741525
2005-12-16,1.2570149354830016,1.7133688503506286,1.3363639508253902,1.4522967396872215,1.1655191963348726
2005-12-19,1.2639764401462463,1.7000165194943055,1.3452485622377555,1.44700521324718,1.1595242360491658
2005-12-20,1.248769607103533,1.7045867289148766,1.3267491088573187,1.4413144499532622,1.16063064477516
2005-12-21,1.250559024800781,1.719482132723694,1.3305351300424277,1.449895853901346,1.1624753425398784
2005-12-22,1.2619881497346008,1.770208603478059,1.343617789241303,1.4736359083697899,1.1685636650291216
2005-12-23,1.262045376707992,1.7702692337962225,1.344420342480054,1.4737161324936487,1.1692092067635638
2005-12-27,1.2602644308388342,1.7527669937339028,1.344290187431467,1.4684055109505145,1.157309983832249
2005-12-28,1.273073655243926,1.7561083569511724,1.3602332125515024,1.475655555054651,1.1598930731189
2005-12-29,1.2758624645014702,1.7383304417102396,1.3633964584866145,1.4636940799370521,1.1547276119280618
2005-12-30,1.2654091559585445,1.735125052769552,1.3524337750421729,1.4496406647557534,1.148455229595183
2006-01-03,1.2945486167427132,1.7786433477981392,1.3879142147097874,1.4779909720440594,1.1686557974341485
2006-01-04,1.3040632608725042,1.7953526721750752,1.3986407675725026,1.4960187770458375,1.174189685761885
2006-01-05,1.2847031943174465,1.7905438336610722,1.3733162826598975,1.4950913538735278,1.1749273599013537
2006-01-06,1.305312496738683,1.8124808824512064,1.397854671401345,1.512194079556371,1.1847044630207788
2006-01-09,1.31376887246716,1.8344253510834143,1.4055040536768404,1.5323931099111734,1.187749136681446
2006-01-10,1.3091468992873607,1.8509571032041878,1.3972562150014982,1.5458002687882586,1.1889476778124672
2006-01-11,1.3226511604858286,1.8581346417601698,1.4117886263793757,1.5609956213496639,1.192729513196558
2006-01-12,1.3281963632870888,1.8606309710731017,1.419772552899082,1.5526581115434646,1.188025226446899
2006-01-13,1.329876942686383,1.86101010317749,1.421255375869428,1.5513908946121169,1.1869184077880681
2006-01-17,1.3171576661317081,1.857247923521004,1.4066818347962184,1.5436272455389288,1.1836900842166018
2006-01-18,1.299890944936968,1.8447663902200757,1.3865009117768787,1.5299562571480798,1.1789862073997797
2006-01-19,1.332979057073522,1.8611023741864356,1.423602704639585,1.5552758275915541,1.183506126856176
2006-01-20,1.317445620828067,1.8206527753612916,1.4047727462212236,1.5267751554477555,1.161922035693672
2006-01-23,1.3303935803943476,1.8387299579521783,1.4203958434355297,1.540538142392265,1.1660729131139156
2006-01-24,1.3393091447610406,1.873965220806924,1.4338285741112076,1.5547537234315694,1.1672716592113548
2006-01-25,1.3385611257120185,1.851689313246003,1.4370968107671085,1.5486747923545248,1.1682865504315774
2006-01-26,1.3455085981761004,1.8664557441982377,1.4480194055230737,1.5610638966337862,1.1747430950913003
2006-01-27,1.355311606837382,1.885134260665705,1.459459300695848,1.569017807067456,1.1856271193527652
2006-01-30,1.3657462865459418,1.8894925409294194,1.4720433999297269,1.5802098839449166,1.1847044630207788
2006-01-31,1.365926163454742,1.8831931491395821,1.4731924523479738,1.5784069638224796,1.176034383526603
2006-02-01,1.3449243210348125,1.861309868727089,1.4485758180293675,1.5649885762283515,1.1842435960292266
2006-02-02,1.337264503216198,1.8296181000224139,1.4402696232343215,1.5419240555295193,1.1705004951988667
2006-02-03,1.3237640836614486,1.8082344869398397,1.425388122500299,1.5196775977795838,1.1646888773743311
2006-02-06,1.3306969255521381,1.778366459001606,1.433370728340881,1.4960958329470642,1.1677335510349984
2006-02-07,1.2940192606940686,1.7424159465764206,1.3923553272458864,1.4637373985837103,1.1574028336197397
2006-02-08,1.3060927538340008,1.7509552325932132,1.4065072506241747,1.4790989451040586,1.1679177133618428
2006-02-09,1.3275449027763595,1.760732074656801,1.4294247948814303,1.4851188004050484,1.1659804732592614
2006-02-10,1.310283537707696,1.7771137296721922,1.4097277411524447,1.4867092341495773,1.1681021831383145
2006-02-13,1.288370058862202,1.7623308584282036,1.3839422338923781,1.4652608913870566,1.1659804732592614
2006-02-14,1.3025045071372456,1.768143656421297,1.4005946978513988,1.486516123837905,1.1783405631821282
2006-02-15,1.3094602310613357,1.7772269178748497,1.4087151227012664,1.4942637819025686,1.1824912356359534
2006-02-16,1.3216214252202738,1.792877970640446,1.4237187837243934,1.5057907083009248,1.1913460923562282
2006-02-17,1.3257327906552965,1.7810491461946298,1.4282640649224845,1.4937521714826407,1.1881177687847624
2006-02-21,1.3301318535996454,1.757413147250477,1.435603825943962,1.473313770419917,1.1851662523612132
2006-02-22,1.3257109958764188,1.7757045417033848,1.4309739053059072,1.4860939553680523,1.1923607786100325
2006-02-23,1.3197841214050703,1.7836019388691333,1.4241796852768747,1.4930239720316685,1.1906081107671318
2006-02-24,1.333316291340299,1.810446026976503,1.4412740801124106,1.5134577089577281,1.1936520670453354
2006-02-27,1.3305748084939308,1.8390879723964535,1.43647107169761,1.5287117650122137,1.1941131390033055
2006-02-28,1.3336033755339256,1.8046950811687377,1.4408781502800927,1.507497073407355,1.1827678378174522
2006-03-01,1.334263882638878,1.832560018894636,1.4406666630119949,1.5237918832203154,1.1932831274923916
2006-03-02,1.3427851058270242,1.8375448925236784,1.456780914211608,1.5215246367014752,1.1931906876377374
2006-03-03,1.3473102366727905,1.8286475991895923,1.4633487219795287,1.5152598076981632,1.1876567993100011
2006-03-06,1.3388916159730815,1.807317598549302,1.4537034155123465,1.5029264625260397,1.1822146334544548
2006-03-07,1.3246606280840232,1.7892726108636015,1.4396920166921034,1.4922246180770675,1.1803697307233183
2006-03-08,1.30378657838597,1.8028335704020417,1.4135937644451109,1.4944965554436305,1.182860072705688
2006-03-09,1.307193050025357,1.806207571739446,1.419131704368324,1.4961965161640363,1.1749273599013537
2006-03-10,1.3066760003386813,1.8195257292956755,1.4205059155912358,1.5034812619177056,1.186088396277154
2006-03-13,1.3229377780613343,1.837982527834117,1.4413839308385286,1.5135553573624658,1.1883023410444433
2006-03-14,1.333752758437846,1.8651786528601657,1.4530788787870372,1.5340277260732345,1.200753845989873
2006-03-15,1.3354695332541269,1.8911129676726954,1.4570550143955092,1.5439203300684747,1.2061040844068107
2006-03-16,1.3416482852342875,1.9019729985282607,1.4627422926264797,1.5570961952021003,1.2085944263891804
2006-03-17,1.3412456381959101,1.9254149817965733,1.4626385174849041,1.5711485371650653,1.2096035785496904
2006-03-20,1.3399838627895324,1.9119431905531545,1.4592137469478084,1.569438238831563,1.2076589596560499
2006-03-21,1.3350569352224115,1.910653482609295,1.4573936964897738,1.5695401398207873,1.2000652613075875
2006-03-22,1.3426266243978764,1.9211865422826802,1.4650172935791166,1.5784507731629114,1.2073811276760416
2006-03-23,1.3473842720973856,1.9260894251501373,1.4746326431391168,1.5840636383763373,1.2048809473055935
2006-03-24,1.3626310179586294,1.950775155974835,1.4896664578275545,1.6036976888060956,1.2058071905499004
2006-03-27,1.3643954279364003,1.978367217441739,1.4919819972628077,1.6206130067202527,1.2040474513655683
2006-03-28,1.3460451576704258,1.9684528776322396,1.4719845458845544,1.6071443477432334,1.196639247625669
2006-03-29,1.3612805054167074,2.0012652891760645,1.4918599339356402,1.6332662926524386,1.20414019866985
2006-03-30,1.3829246030929614,1.9956652032670579,1.5220882962469975,1.6409680109666733,1.202009982684437
2006-03-31,1.368229844510829,2.0016343825135223,1.5051489400905098,1.6359246401174377,1.2022882245972821
2006-04-03,1.3829575828510952,2.008723742850217,1.5241977699074951,1.6346216359913655,1.2013619813529752
2006-04-04,1.381850818384785,2.0178937893684967,1.524034532931129,1.6347428784889408,1.2090486319721379
2006-04-05,1.3920670023952368,2.0678808177111834,1.5349769689198294,1.661115524759754,1.213215086840172
2006-04-06,1.3962110737672428,2.085597543474622,1.5426288934533305,1.670864873462493,1.211918674244412
2006-04-07,1.3720603381180054,2.0676623409719257,1.517974423871504,1.6511475860079468,1.1996026521014798
2006-04-10,1.380664617711895,2.0572993962622528,1.531765967963207,1.648104633302611,1.201454216241211
2006-04-11,1.3755783632421434,2.0196052002333014,1.5274595463905005,1.623636520985959,1.1912683076004829
2006-04-12,1.388433102098398,2.0483761595905357,1.5425095486789877,1.6443322057674234,1.1934907584741317
2006-04-13,1.3893143697017072,2.0402531091394525,1.5466657543474411,1.6330826293601761,1.1919162064487354
2006-04-17,1.4171201214996785,2.0287318231881586,1.579051191456695,1.6362398282050195,1.191453699725837
2006-04-18,1.4435854668161558,2.0710889815345337,1.6138377291103683,1.6663011685416331,1.210344327185434
2006-04-19,1.468859015592567,2.068577777401326,1.6539863511825992,1.671275161318758,1.2126598328129918
2006-04-20,1.4318889318378565,2.08025762327851,1.583077101305661,1.6655950535638384,1.2143264147602058
2006-04-21,1.436864585072099,2.056920373383944,1.5960554012631634,1.6547364957038722,1.2145114994359325
2006-04-24,1.4167709931895243,2.0573077448874324,1.5563759739196703,1.6454128120748246,1.2122894584951203
2006-04-25,1.4243254248560098,2.053200971246982,1.5768736391744624,1.6485020439074891,1.2072886878213873
2006-04-26,1.434406820962039,2.0534908438027966,1.5901441056993137,1.655354504867382,1.2075666222846049
2006-04-27,1.4211309849065925,2.0519291869295633,1.5683297454887941,1.64703151752517,1.2134005814487354
2006-04-28,1.4416663741167353,2.1092968646100947,1.6070595235954668,1.694831080015032,1.2174751088781615
2006-05-01,1.4565119172350764,2.1139329837893697,1.629480710978945,1.7043636927541235,1.2075666222846049
2006-05-02,1.4679029212891876,2.1344523322927436,1.6461921591685031,1.7158784108192648,1.216642125354182
2006-05-03,1.4659908928182144,2.158388715424959,1.6351362441266133,1.7203893284549252,1.212103963886557
2006-05-04,1.4720304611340413,2.1890795145512154,1.6408098568588103,1.7441987936962786,1.2164569381952461
2006-05-05,1.4939871076018674,2.209008704842045,1.6631114134182579,1.7645285163791997,1.2271988182456186
2006-05-08,1.4896791307443855,2.2162803802526416,1.6564778823555197,1.7684869307129125,1.2257173209741317
2006-05-09,1.5120649799013943,2.209859559834896,1.68919857455435,1.7727182625200815,1.2281246515570887
2006-05-10,1.5164046319033069,2.2034549554578127,1.691058603133573,1.7680913159112852,1.227476650225627
2006-05-11,1.5202632191729892,2.162889973316319,1.7015992647435896,1.7471632556434884,1.2126598328129918
2006-05-12,1.48699137001708,2.0914498803954364,1.653481090623611,1.699922634764684,1.1968248447174414
2006-05-15,1.464636142072615,2.085361542939411,1.6154799904337112,1.7015321173895719,1.199232277783608
2006-05-16,1.4826197751369732,2.0612945597264107,1.6382511196050933,1.6938892870180902,1.197472538599276
2006-05-17,1.464383174193284,2.0050439790249417,1.6143701867642093,1.660934333826799,1.1746916485203065
2006-05-18,1.4485543643133074,1.9636397678970592,1.5852175932022865,1.6354501003473858,1.1687652495015217
2006-05-19,1.4357384930152846,1.9992397850090178,1.5754779081424923,1.644527905847224,1.1770072566310736
2006-05-22,1.4290268518832359,1.970178472565723,1.5678221114408102,1.6311718883875481,1.1680242958993599
2006-05-23,1.45121174575003,1.9641166233795568,1.604147739312794,1.6306812261219217,1.1591341849551369
2006-05-24,1.4292598249759925,1.9627407100116427,1.5786116966130042,1.6157045313208513,1.1683944652508134
2006-05-25,1.4642869752296475,1.9869737741406492,1.616156000421796,1.6423038068757405,1.1828414207616225
2006-05-26,1.4765056873101892,2.002595658217674,1.631799381641473,1.649707128909867,1.1888600546686432
2006-05-30,1.45799036606812,1.9498525652555045,1.6177345282260465,1.61105237150994,1.1677467713689789
2006-05-31,1.453603432459568,2.0103670339960678,1.6062103151038147,1.6190676897115672,1.1808034396644453
2006-06-01,1.4465414759071324,2.070697596318753,1.5932236711645262,1.6402235882675538,1.1921017010572987
2006-06-02,1.4558099455100337,2.0798546575525925,1.607621095847595,1.6403331181396297,1.1946020863941653
2006-06-05,1.4457765718897928,2.0100679562348005,1.598540751298035,1.6028384820907666,1.1771921363403821
2006-06-06,1.4197962601745178,1.989162101364133,1.5625812756988875,1.5855160731839888,1.1743216841352713
2006-06-07,1.415363775222504,1.9869018100283946,1.5564266546627012,1.5862338219384369,1.1655240130457025
2006-06-08,1.3943571963733716,1.9905916395754608,1.5200681499368547,1.5816569546876014,1.164505637396369
2006-06-09,1.3915241778255212,1.9733590626007282,1.5197425650840601,1.569070418757337,1.1608013818016056
2006-06-12,1.3819828078047338,1.9055136330998537,1.5049991920795072,1.5374699642829546,1.1482066053297828
2006-06-13,1.33529935558759,1.8589005062315196,1.4310846783378446,1.5045468105002882,1.1348719000878895
2006-06-14,1.3518111930008856,1.8874086379838324,1.450645370448997,1.5175141496387685,1.1436696736606675
2006-06-15,1.3847693953227078,1.9694522134728607,1.4940559865972098,1.5684346482154974,1.1679316510782873
2006-06-16,1.3917511157967217,1.9398793636121028,1.5027529128674195,1.5562326210690245,1.1594210354575507
2006-06-19,1.3745578948484436,1.9027352548464673,1.4784439189655998,1.5295017585861252,1.1503055639364046
2006-06-20,1.3881379508485079,1.8955147911082197,1.4980774339161314,1.535715060221091,1.1542122238692412
2006-06-21,1.4099887856083957,1.922955249637991,1.5265059527277605,1.5526561845045774,1.1627694693501416
2006-06-22,1.4034905031445304,1.94370867378518,1.5179522699210592,1.5611888478958396,1.1576536100325323
2006-06-23,1.4025048330831362,1.9467870920970098,1.5203033159860535,1.561135098580475,1.1574676030079232
2006-06-26,1.4011958890933283,1.9535722648228284,1.5167338840330669,1.5658802328605645,1.1625836672919507
2006-06-27,1.3799119326249545,1.9169061282444142,1.4924612587340536,1.5384722702096763,1.1525379556813413
2006-06-28,1.3801584179787032,1.9412784878635057,1.4925561273212224,1.5450699316791094,1.1603512755470144
2006-06-29,1.4142230364945214,2.0296585311619317,1.5337858004715692,1.6041339089667006,1.1837907227279882
2006-06-30,1.4382742280414973,2.0350552531150283,1.5667677586182154,1.6212019299369897,1.183883572515479
2006-07-03,1.4427123772238406,2.0489712430718208,1.5724543638481245,1.6274374026276934,1.1887205750209886
2006-07-05,1.4499932826624837,2.0124603294056267,1.5866472532799605,1.6163690507945205,1.1819303450322698
2006-07-06,1.4578099336580133,2.0061239987663324,1.5972155017607397,1.613389075791781,1.185371731195561
2006-07-07,1.4464803567207551,1.9661302243037186,1.5825349319415931,1.5895196303603907,1.177651568567006
2006-07-10,1.439296611573378,1.9399861886812697,1.5702052668439659,1.5686977744774444,1.1798839603119424
2006-07-11,1.4568245199556906,1.9773610149146292,1.5968051695195162,1.5902123656801042,1.185092874383461
2006-07-12,1.4534648012219755,1.9255106812100764,1.5926996795621362,1.5608538829219019,1.1724428594619059
2006-07-13,1.4366945738265038,1.903599821100237,1.5719907126785637,1.5431738183142674,1.153375141016896
2006-07-14,1.4368760531586298,1.896226896644928,1.570985053950861,1.5378135703399094,1.148910460010232
2006-07-17,1.4183752972011798,1.899844256577566,1.544096581771316,1.5300686593546073,1.1472360893391227
2006-07-18,1.3990015970789822,1.9306394929009492,1.5163222088009674,1.5357453885714132,1.153095566822332
2006-07-19,1.4344213733918154,1.9909063109970206,1.5641769476640646,1.5884707856762592,1.169094630535733
2006-07-20,1.4200968014202542,1.991829598860309,1.5468749731170206,1.5888684451501691,1.1610948937126142
2006-07-21,1.3889134227240585,1.948162423363912,1.512345419496856,1.5489653708147655,1.152909764764141
2006-07-24,1.4061570706503268,2.0149179385455955,1.534706038636892,1.5867976455548114,1.173931325591615
2006-07-25,1.41169349835514,2.034465658542795,1.5416218535441186,1.5968863735080043,1.178117149786179
2006-07-26,1.4071186029595435,2.0142865583245455,1.5395176820417371,1.5826926703208208,1.1796982607369608
2006-07-27,1.4131208383742444,1.9861738826819868,1.5484789141192148,1.5813321237921543,1.178581911139679
2006-07-28,1.4365806868804665,2.0552314273278487,1.5726389677138053,1.6339517671700479,1.1903946382424704
2006-07-31,1.4379982232605992,2.0478869899720094,1.5755040018909898,1.6270814269229235,1.1891853363744884
2006-08-01,1.4444089856866964,2.0232646582203775,1.5888849959752565,1.6221124625029175,1.1833253464752336
2006-08-02,1.4561943657184364,2.061977861767671,1.6090265658926368,1.6562651795931764,1.1913248783319341
2006-08-03,1.4483617089251175,2.097409636781162,1.5982512275233138,1.6804630697830971,1.1944871002334978
2006-08-04,1.4443843613860428,2.090218897523876,1.6007964816476679,1.6796911549257862,1.1924410229627977
2006-08-07,1.4441346027651647,2.067813384809548,1.5977746955250032,1.6633133544320677,1.1896504051776156
2006-08-08,1.4325871201482032,2.05776850447584,1.5849059345638008,1.6470204758685139,1.185092874383461
2006-08-09,1.4326391949114887,2.047872255584229,1.5903464579833115,1.6380566206050724,1.1810931596967154
2006-08-10,1.426496317117117,2.047029744149383,1.5774420920871706,1.6356804640554419,1.1847207578510337
2006-08-11,1.4210128738070327,2.035920274670346,1.5693380563719908,1.6226685713634383,1.1813725289248609
2006-08-14,1.4168247222801589,2.0295288375279386,1.5688125555240233,1.6209960463159627,1.1823020516318608
2006-08-15,1.4206286481483756,2.0950194738698813,1.5754227876441542,1.6548575368417784,1.196440942615962
2006-08-16,1.4305733840741166,2.148917378488597,1.5890048308807636,1.6888213056931054,1.2063928820901983
2006-08-17,1.4197512779190042,2.1412786999878906,1.5729175083672173,1.6814567780587364,1.2094625616538988
2006-08-18,1.412245057770765,2.1517285618496005,1.5685940202964235,1.680200706433685,1.2156008959492077
2006-08-21,1.4279759023442373,2.1362791209982315,1.592202766954333,1.6746653433491534,1.2103920843608984
2006-08-22,1.4278639174938303,2.136470170532535,1.590925067805245,1.6711272838482174,1.210299542023035
2006-08-23,1.4267333678258172,2.105031038635486,1.5949273794304581,1.6534154335443392,1.2069508006808165
2006-08-24,1.4175250379927333,2.1089958226931214,1.5799265290876274,1.6589332726299837,1.205927710803862
2006-08-25,1.419494570468402,2.1129271188747634,1.582608247024039,1.6604406744061808,1.2074158694839436
2006-08-28,1.4224438442906169,2.137526965247956,1.579544548946763,1.676215773604559,1.2131828046292894
2006-08-29,1.4230264832489776,2.1437946915410575,1.5836668817361417,1.6783561667857094,1.2145782160050898
2006-08-30,1.4318401662895133,2.166405042378911,1.598813828601306,1.6907088610073453,1.2153226540363626
2006-08-31,1.447188425117755,2.178834548515318,1.6239344806623686,1.7011554646800127,1.215136339562126
2006-09-01,1.4567106713241258,2.1740029596408244,1.6367328649368678,1.702050580100449,1.2223919458035997
2006-09-04,1.4563885720232712,2.1740029596408244,1.6353636512083396,1.702050580100449,1.2223919458035997
2006-09-05,1.469324424583035,2.1958648405817844,1.649153661652802,1.722103670893049,1.2247169823696087
2006-09-06,1.4560646105598474,2.138274853707365,1.635528759320818,1.6911827590468138,1.2139271401773533
2006-09-07,1.4372690813189584,2.1370414605586916,1.6098138390546948,1.6881064262489405,1.2083465195062442
2006-09-08,1.440092241458029,2.1391951617686105,1.6050291080413102,1.6884350969424555,1.2117881106359536
2006-09-11,1.4047133389264435,2.133535267117977,1.5458936616696857,1.680548870682438,1.2129975149871446
2006-09-12,1.411969468346713,2.1568904969982214,1.550417049978269,1.702650968796858,1.2249027844277993
2006-09-13,1.4212444350152806,2.1899998407299135,1.5638527690548618,1.7240629465383415,1.229832841687218
2006-09-14,1.4082987264033846,2.176564919938396,1.5446769153354152,1.710551424989245,1.2299255889914995
2006-09-15,1.404220534389502,2.187314195149011,1.5401209101876885,1.7152740287637227,1.2328121310604472
2006-09-18,1.419471299917829,2.217508398754852,1.5648307715412162,1.736139886961559,1.2344936755561968
2006-09-19,1.4102199903142592,2.1975105447018666,1.5481780400533978,1.724036223569838,1.2314111855913528
2006-09-20,1.4201700693927297,2.2232809313046746,1.5604265162579376,1.7455411928337163,1.2379509466169063
2006-09-21,1.4195990689175653,2.212159282014508,1.5615854681924652,1.73806105902706,1.2319714612957813
2006-09-22,1.4200952256186734,2.1880716501832023,1.5608970021001936,1.7308781523619443,1.2282345135572987
2006-09-25,1.4208746414982663,2.2237215773803087,1.5567849017856754,1.7545649856490453,1.2376699376574143
2006-09-26,1.431079729661732,2.2182261309439553,1.5716427136721365,1.7611584907814772,1.247947056354287
2006-09-27,1.4427526486112738,2.2481630014564575,1.5879887521183729,1.7716834077461967,1.2494415689933362
2006-09-28,1.450515887033815,2.2414305310382128,1.5935385666731818,1.7719648882638288,1.2489741430763983
2006-09-29,1.436224497122477,2.2203313569716805,1.575485390622771,1.7529037161529293,1.247947056354287
2006-10-02,1.4245747487946592,2.20062149667113,1.5652121625847237,1.7334814197582202,1.2432760766476019
2006-10-03,1.403298586761715,2.17408415530628,1.5288494447305494,1.7119960066513882,1.245891550628345
2006-10-04,1.3991523293121482,2.235017004966066,1.5209207855184765,1.7404321012861437,1.260465995251338
2006-10-05,1.408378066502192,2.2462253181304677,1.5413192893290144,1.7470300337325764,1.262894847308217
2006-10-06,1.4044758353963283,2.253027734742514,1.5378806066212922,1.7478660619708855,1.261306255083167
2006-10-09,1.4080731314709973,2.298786529124436,1.5453603540696133,1.7751874581347429,1.2620537676107146
2006-10-10,1.4058302780459113,2.2987036303975974,1.5440782409308078,1.762898235330036,1.2637356195560918
2006-10-11,1.4004811925761544,2.2922221757860384,1.5375394634236637,1.7608886262813144,1.262240594500997
2006-10-12,1.414626208808591,2.329801230389729,1.5560456304163715,1.7848900598423045,1.2731713511058347
2006-10-13,1.4309482264441493,2.346633315075517,1.5801442357590525,1.801378049104518,1.2764409754105888
2006-10-16,1.4429340132008712,2.3801415267935337,1.5987739477678446,1.8218244067182003,1.2784029139665758
2006-10-17,1.4347211161798639,2.349516989796872,1.5873475929897474,1.799876809959888,1.2743856746510651
2006-10-18,1.4362696965970416,2.340025956258662,1.5874194104613384,1.7989120194356496,1.276067219146815
2006-10-19,1.4500367831157799,2.3755049967500046,1.612128143188655,1.821009398814069,1.2781226223895479
2006-10-20,1.445394305797237,2.3604626013089596,1.6019317510938693,1.8136874622041006,1.2784029139665758
2006-10-23,1.432391390725811,2.3921026075112874,1.571804515603802,1.8332047585302267,1.2842885246681184
2006-10-24,1.4343147140334584,2.408003640248141,1.5757385353691133,1.8401991456059066,1.2881193470261831
2006-10-25,1.435682463190274,2.4286904611665063,1.5811125156276227,1.8396492619018632,1.2925097277062128
2006-10-26,1.4521183568132654,2.4540235904392858,1.6040104109683828,1.8577817130850418,1.296526762055305
2006-10-27,1.4419078056014496,2.375830866620288,1.5913273300060273,1.8136205810855404,1.2883993311535837
2006-10-30,1.43220520110574,2.378920650440249,1.5851990815187749,1.8112386598649979,1.2874651967021722
2006-10-31,1.4296435823225155,2.388563993224879,1.5847310049448926,1.8126166280335585,1.2872778573958443
2006-11-01,1.4281307145382933,2.2961594594441967,1.5803089449900922,1.788338851558969,1.2785894334072305
2006-11-02,1.434824586780894,2.2842443758442554,1.5897419047733854,1.7807684886598727,1.2778421258461015
2006-11-03,1.426725577740323,2.3084691012166725,1.580970495524183,1.7751992810435657,1.2756002031627138
2006-11-06,1.4342432453204135,2.342530103030524,1.593355070467906,1.792483075174438,1.2899872059961697
2006-11-07,1.4351957431495108,2.361568793252148,1.5911159369360248,1.804496584236094,1.2949389896959282
2006-11-08,1.421420608874841,2.3826818854571106,1.578804290431698,1.800670015452744,1.297741495533372
2006-11-09,1.422811974803,2.3869229689821867,1.5888995369656476,1.8019541040727967,1.2909215454139993
2006-11-10,1.4098608993288146,2.3863893061721577,1.576045711912,1.798653520703004,1.2914823335344736
2006-11-13,1.4062029449244988,2.402552072099177,1.5687925582426212,1.8032148706529192,1.2946580832196453
2006-11-14,1.4086561237877107,2.435371244419674,1.566646449521531,1.8209613528354933,1.3043743113128345
2006-11-15,1.4108780418045161,2.4311268114218536,1.5690740142091844,1.8184683403992685,1.3081113615345261
2006-11-16,1.4087497105824238,2.4448577592327787,1.564156595095241,1.8226969443207166,1.3114746554924441
2006-11-17,1.4120363754177419,2.448237014910916,1.5703007132906786,1.824187131082953,1.311848411756218
2006-11-20,1.4107329245838425,2.460990414443809,1.5670463436651672,1.8336603049677782,1.312595719317347
2006-11-21,1.4260226570647658,2.4634127511833923,1.594971272964004,1.838333824533931,1.3139037125157413
2006-11-22,1.4297273093938605,2.4859123468409603,1.5990958575214398,1.847145470546715,1.3165193914629028
2006-11-24,1.4373060171577885,2.4898421875258943,1.613171004147795,1.8496592076123133,1.3111946713650438
2006-11-27,1.4223797548508774,2.4429265100974464,1.6042608312455209,1.8147582126223496,1.2931638780302235
2006-11-28,1.4309563382192503,2.4849058491295897,1.613517729967772,1.8408079361823244,1.2987687872219016
2006-11-29,1.4450538577299923,2.5232482969668153,1.6346287875938545,1.8505557843999696,1.312315530223528
2006-11-30,1.4490938941637759,2.5249506275771223,1.6452263938250795,1.8514410497100702,1.3128762158607934
2006-12-01,1.4522288891207662,2.5031086299642014,1.6544508847544885,1.8374563160224016,1.309979425470931
2006-12-04,1.4587822554531296,2.5438625878645404,1.6607180354341946,1.8630935085209765,1.3199760476243574
2006-12-05,1.462823978416319,2.5473020986380908,1.6619288233135001,1.8635863621041588,1.325675036402036
2006-12-06,1.4507711978284066,2.558840354463243,1.6457558848694325,1.8643623912494403,1.3245537676107149
2006-12-07,1.451218061965504,2.5253952634417005,1.6537895209649105,1.8470718659809138,1.3187615191127087
2006-12-08,1.4465481498762027,2.521868171919962,1.6478108834078902,1.8432961751178891,1.3211904736527966
2006-12-11,1.443407633655987,2.540797348783488,1.644464763031861,1.8507463070155619,1.3250212960108616
2006-12-12,1.4411927815093837,2.5257297284915645,1.6440187847745575,1.8320511111388915,1.3239932869398678
2006-12-13,1.448122017409315,2.5389243501874863,1.6521677911447745,1.8347371883230357,1.3253951547578446
2006-12-14,1.4553878379638785,2.5572005156222786,1.660730392979427,1.8503471690856692,1.3370726040245566
2006-12-15,1.4387413179524449,2.5647251145527243,1.625704525592953,1.8461558835218796,1.3371950714594922
2006-12-18,1.4271283911439223,2.5504354239385867,1.607186365967593,1.827625593729708,1.3335307843162976
2006-12-19,1.429815391693448,2.5618503708683877,1.6138827674347516,1.832644868832957,1.3360673462259944
2006-12-20,1.426546148416011,2.5493118937417445,1.6102560557731518,1.8270522762590875,1.335315939336499
2006-12-21,1.412887339402349,2.5247644396709044,1.5918497585191285,1.8094701475275465,1.330431077172316
2006-12-22,1.409072438484785,2.5050533570843387,1.590586275894672,1.7944589838584708,1.3222580412425229
2006-12-26,1.425150351880113,2.510518823037768,1.6095995638052696,1.8059479452166964,1.330055578693987
2006-12-27,1.4325071840813577,2.525227195374578,1.620915327977895,1.8176956207001354,1.338791862341274
2006-12-28,1.4368437858504763,2.517995852416334,1.6246145265552676,1.8142355401333567,1.3359737790560395
2006-12-29,1.4398960678249353,2.5200605767729614,1.6274553263473073,1.8199246256363453,1.330431077172316
2007-01-02,1.4398960678249353,2.5200605767729614,1.6274553263473073,1.8199246256363453,1.330431077172316
2007-01-03,1.4374588660419803,2.4934789025322437,1.6179184592980766,1.8082034697130112,1.3280823669849933
2007-01-04,1.4294508361369986,2.494563200632678,1.6091545997304977,1.810177074238143,1.330900552753437
2007-01-05,1.405233510386406,2.447174354138947,1.5762651737625355,1.7759818991185523,1.3202849320167382
2007-01-08,1.406959469464897,2.44293478955838,1.5824936808498853,1.7742885725618154,1.326390984101165
2007-01-09,1.411315491293201,2.4500075682584175,1.5881116763349523,1.7894364473265933,1.3252641812165495
2007-01-10,1.4079921758620375,2.4891153787679996,1.5826981419997748,1.8048502027488722,1.3296792603499843
2007-01-11,1.4240379435068953,2.503034328561014,1.6034394408622539,1.8183738097177033,1.3355032786428274
2007-01-12,1.441886874814835,2.5243350094614656,1.6272392013525667,1.8454290873655719,1.3456499362144505
2007-01-16,1.4407160639480379,2.5343346173007957,1.6192072987014179,1.854189071538094,1.3430191922355441
2007-01-17,1.4467606566325781,2.529784347086974,1.629432697695546,1.8546443150603154,1.3435829523690839
2007-01-18,1.4454367049868102,2.457937922590607,1.6252459482554684,1.8196957235007525,1.3390736911664392
2007-01-19,1.4579198152474546,2.4636101936188064,1.6442334649185355,1.82509148089695,1.341703820246091
2007-01-22,1.4405033069825148,2.466597760265895,1.6230517240088222,1.819298484120785,1.3375707749042398
2007-01-23,1.4561887870847439,2.4776649613182005,1.6457450208404678,1.826570860019384,1.3415161734901355
2007-01-24,1.4672827992027606,2.5078641585671995,1.65529715972648,1.8515146923302508,1.3523200558820443
2007-01-25,1.4614713209735113,2.4771494675917443,1.652653027652793,1.833381375064101,1.3364432546371603
2007-01-26,1.4515441007777206,2.4721664415175972,1.64111267222413,1.8244434926976216,1.3352218597504986
2007-01-29,1.4479562161140693,2.4723277886095723,1.6344504812453513,1.8210402321926722,1.3344707603106307
2007-01-30,1.4460985729602513,2.4805127786229084,1.6350612189175884,1.8229571315703732,1.3414220939041348
2007-01-31,1.4676297014990434,2.4874811228661518,1.659255116507827,1.8354079012747864,1.3504409237590513
2007-02-01,1.479465363246871,2.5150531208508653,1.6737675478732408,1.8550073177662088,1.3585201875524715
2007-02-02,1.4684380492228102,2.597076025100314,1.6572614083217432,1.8902873031581386,1.360398397326582
2007-02-05,1.4761815466935275,2.5919182558302327,1.6670958452223523,1.8879274477089159,1.3607745107041662
2007-02-06,1.478443489050268,2.6099712140135347,1.6706244144259854,1.9019237908907083,1.3611508290481686
2007-02-07,1.4707459987501794,2.638216574663708,1.660688406424538,1.9140505592401096,1.364156764055777
2007-02-08,1.4746970553241985,2.6438906541322336,1.6668708764732683,1.9110593634096917,1.3623713015859482
2007-02-09,1.4787174679169748,2.5919802722572967,1.6711926744897119,1.8886315531506437,1.3522259762960438
2007-02-12,1.4693130483265302,2.599380675473517,1.6565578612336032,1.8928780406366836,1.3476221230913528
2007-02-13,1.4803108595526444,2.622499260164004,1.6739329819401887,1.9032026928307457,1.3589904829992654
2007-02-14,1.4848698943587573,2.660755442803059,1.677668570888351,1.9122071258778195,1.3679146183689264
2007-02-15,1.4878516703287175,2.6628697076902332,1.6796768976250236,1.9192734440211203,1.3696994659395005
2007-02-16,1.4878337034627591,2.663392620299425,1.678303752371644,1.9193125961953061,1.3690417287031693
2007-02-20,1.4903098955651084,2.6892962435484358,1.6783559468341562,1.931198528742531,1.3719541990240318
2007-02-21,1.5118308727436647,2.697936063224218,1.7093313649273827,1.9482022192278448,1.3713900289576555
2007-02-22,1.513712711254842,2.7164627010757627,1.7160274259812347,1.9528975084707645,1.3703571006926227
2007-02-23,1.5210713038470096,2.7332191710386815,1.730798233540063,1.955895552689781,1.3650025579809004
2007-02-26,1.5283747558747827,2.754674919712688,1.738938751107545,1.9578749348137252,1.363781265577448
2007-02-27,1.4908624539784971,2.6560651420652595,1.6935684760691012,1.9048213418028113,1.3105145927891175
2007-02-28,1.4741614160467964,2.6695337589920562,1.671082571887399,1.900412403207485,1.3239482968110505
2007-03-01,1.456564719441539,2.6687043937725092,1.6428514089072812,1.892420096707913,1.320003000708364
2007-03-02,1.4326937723143176,2.605807896891515,1.6102317891310012,1.852444453356374,1.302717362787281
2007-03-05,1.4246490829717477,2.565565648224204,1.599601328131688,1.8294467454118162,1.2903169969632176
2007-03-06,1.4432767090196537,2.650452198464672,1.6230089455988426,1.8788299888392124,1.3123937249121105
2007-03-07,1.4494863052859859,2.6535305623707344,1.6328713231350334,1.88183044404778,1.311078250439448
2007-03-08,1.4560327541401756,2.6907902136112853,1.6398595454984977,1.8992989201088042,1.3221642691061497
2007-03-09,1.4480980838134019,2.691797232470387,1.6283941693569592,1.896836101620277,1.3225394601348517
2007-03-12,1.453625954800807,2.705643214993138,1.639779730737557,1.8986959932419119,1.324512569360636
2007-03-13,1.4327428207214128,2.646935361732577,1.6140178965205985,1.8633237974285393,1.2987719642013853
2007-03-14,1.424158773291617,2.674312597151789,1.6045096264462435,1.8659317097997203,1.3084477114269597
2007-03-15,1.432623415242901,2.690926505746313,1.6168319576543593,1.8760819168009162,1.3102327639639522
2007-03-16,1.439134164036237,2.685974514096566,1.623479711175966,1.8793800848690554,1.306564070042764
2007-03-19,1.4550058575134444,2.7199490248734466,1.6446542939863877,1.8968148894703607,1.3223149194236017
2007-03-20,1.4650179907826826,2.7258071780263085,1.6558958355012001,1.9027700209907525,1.3295774945232974
2007-03-21,1.4790154213192312,2.791128277547853,1.6697040764711772,1.9388228127366487,1.351458069609875
2007-03-22,1.4873005347851056,2.823553979145149,1.6800219260836602,1.9621957777036525,1.3504208370500577
2007-03-23,1.483771206556297,2.8267083496017014,1.6765518357917066,1.9572105524077452,1.352401939966156
2007-03-26,1.4893499572897524,2.8349692972700753,1.6850546967297393,1.9650972176420929,1.3506092011884774
2007-03-27,1.4796969627994747,2.821862337001829,1.6722973203581393,1.9522826037589252,1.347402399090933
2007-03-28,1.475847292073055,2.7979418121622825,1.6715489216041974,1.9379095831975042,1.337594038592717
2007-03-29,1.4788917973815336,2.799190502987767,1.6753883501005464,1.934810477216499,1.339009024261465
2007-03-30,1.4868556566282873,2.7785128010141484,1.6862271251647747,1.9327769460170683,1.3392918779187217
2007-04-02,1.500491067415592,2.80468563438477,1.6991884199035912,1.9459724478612883,1.3408006357238431
2007-04-03,1.518000056187186,2.8101306425834336,1.7231904306883679,1.9510639230601117,1.3552306815051423
2007-04-04,1.534575163569694,2.8258430448323693,1.7451006980112191,1.9688194229921887,1.3567401566927275
2007-04-05,1.5473895824323667,2.8624808190229056,1.7625279914422636,1.9909520575738386,1.360418893968412
2007-04-09,1.5524212691455312,2.8676622059734114,1.770842168575011,1.986406974282045,1.3623058148153007
2007-04-10,1.545042963667922,2.869290217602503,1.76219153008576,1.9869999740376285,1.363908344756795
2007-04-11,1.5396232875878608,2.846121001392241,1.756228964931834,1.9741872436540986,1.35834412139915
2007-04-12,1.5401017011842635,2.8684694199695304,1.7561385042504971,1.985829570727097,1.364380689867772
2007-04-13,1.5670718466253188,2.8788022202050625,1.7897455312870565,1.9992258351229084,1.3706047001259314
2007-04-16,1.591901643226351,2.9076040730971178,1.8153193680949526,2.023733193527626,1.3836199652049008
2007-04-17,1.5903569275633498,2.9104205345602114,1.81140200310202,2.0257802849259487,1.3872983950309583
2007-04-18,1.5901964057441464,2.913433585469517,1.8097730183677276,2.02409085748714,1.388996336840172
2007-04-19,1.5857884152502175,2.915105227138934,1.79797181568423,2.0292252731906273,1.388618891180869
2007-04-20,1.6099999665146842,2.9638170550101193,1.8260719941114216,2.0722774171230416,1.4017293631611396
2007-04-23,1.6020737100948523,2.9938220203037793,1.8231339598055059,2.0720869102723998,1.396447071111869
2007-04-24,1.585276999823117,3.0009256797415174,1.799913941959367,2.06862751575457,1.397013598292056
2007-04-25,1.591182018986255,3.046429507641808,1.8067942322570134,2.087875524202848,1.4098401917829784
2007-04-26,1.573187067379994,3.0722516100714166,1.7778558877319892,2.0916452702959036,1.4114434391069368
2007-04-27,1.5781828596262721,3.0572428467353987,1.7870126604592063,2.0859496035480003,1.4103118195114912
2007-04-30,1.5751601048792192,3.0213454107423856,1.7849398808485635,2.0651717187630236,1.3986167431328052
2007-05-01,1.5712632451378419,3.0470304742658487,1.7782232993427123,2.067385049294851,1.4022002735071886
2007-05-02,1.5764157171479276,3.047986698074189,1.7849616584243442,2.073112474264937,1.410405796614283
2007-05-03,1.593605218848936,3.082046549118497,1.8074563460397943,2.0955422267351405,1.4180458173732815
2007-05-04,1.6058939303757944,3.1007014137950932,1.821127789510343,2.107217764114058,1.4234221890085528
2007-05-07,1.6120822403362016,3.1170546792921052,1.8297921317718218,2.1153728234830114,1.4237051451490188
2007-05-08,1.6054966086087177,3.1089240022088456,1.822465734479001,2.107121396881419,1.4218183267853395
2007-05-09,1.599725082058366,3.1494608147335055,1.8149381549955108,2.114743520607264,1.4256856331658623
2007-05-10,1.5741024906174301,3.100621545771135,1.7843619661047436,2.081439801312768,1.4107834472400043
2007-05-11,1.5854354645188882,3.1487460885943377,1.7998813857136313,2.109086382561356,1.422856174244412
2007-05-14,1.5877669892682889,3.1479039232861274,1.8002265589768802,2.1126838395096628,1.4197437591824955
2007-05-15,1.5892832656330873,3.130736248053285,1.80256618289645,2.105533739998463,1.4201206924257528
2007-05-16,1.5774905597436335,3.1367597904608733,1.7855178767255089,2.0996902861227302,1.4298355882372231
2007-05-17,1.5742080124138937,3.1292467866565428,1.7823901828737616,2.0934545993793625,1.4270061293157728
2007-05-18,1.578867722334897,3.16827100290821,1.7878134725027897,2.1103363020128425,1.4394559945298562
2007-05-21,1.584816571804834,3.189275644828911,1.7981451890162796,2.115974153613069,1.4387016156272958
2007-05-22,1.5762674454920766,3.199279856392174,1.7862801908602564,2.1202069324259285,1.4375696885822227
2007-05-23,1.5804310635735515,3.1948325984414363,1.7936592641237283,2.1145797742565167,1.4377588725863155
2007-05-24,1.5650469265794895,3.142113423776886,1.773610907901007,2.0912531898114586,1.4247421727424179
2007-05-25,1.5778658948190682,3.161721583939745,1.7899975119252673,2.107616291724602,1.4306846616250393
2007-05-29,1.5798717187192999,3.196544795854875,1.7959763839410396,2.124121550416367,1.435872669121891
2007-05-30,1.5821686757329159,3.2778143633405548,1.8004609027880611,2.142018719866322,1.4475669256349042
2007-05-31,1.5897401787083243,3.2831225368539094,1.812954319975226,2.1474343372669042,1.4460581678297828
2007-06-01,1.6214457834115787,3.2957500561625923,1.8504072821529165,2.1716229480668887,1.4532256385113864
2007-06-04,1.6437254604657838,3.317919297580017,1.87466213106285,2.1996269083603357,1.4534143100994332
2007-06-05,1.6332853134048972,3.3177639117227016,1.8652067008415198,2.1999712802798834,1.447661312670532
2007-06-06,1.6205211727237734,3.2950200379549153,1.8485670855666376,2.1922388505518366,1.4320987249449049
2007-06-07,1.590113174325853,3.2116990205526186,1.8139495983450578,2.1495008273225067,1.4062570713414315
2007-06-08,1.5841045938626352,3.264314276058731,1.8020243005225753,2.1567197067356614,1.4245530912215343
2007-06-11,1.5913994931797588,3.3190579897077934,1.8131024774137996,2.176712589052059,1.4270061293157728
2007-06-12,1.5710659511437808,3.3062535549417276,1.7889896288916975,2.1574682293394374,1.4114434391069368
2007-06-13,1.5815316088289704,3.3467208170142153,1.8000998790742582,2.1711328340634606,1.4325706601230455
2007-06-14,1.5955257739711681,3.395018057859254,1.8182103241395862,2.1910062597510263,1.4417192337207472
2007-06-15,1.6111854302006445,3.470396889031354,1.8377229463479048,2.221823617502358,1.4499219897811944
2007-06-18,1.6011646425399078,3.485006366946028,1.8258122204035505,2.226178920883619,1.4482174890465946
2007-06-19,1.605528829448086,3.4592727481942025,1.8314256857529247,2.2239138805930465,1.4518163919023506
2007-06-20,1.587318581804777,3.392321360183491,1.811344405408662,2.199890219753778,1.4316406250000002
2007-06-21,1.5866811216479721,3.461479256440114,1.8095261818901274,2.21891168072994,1.4395974213584848
2007-06-22,1.5711287944181944,3.4299399134453967,1.791285034429552,2.2061631597136584,1.4260530354706686
2007-06-25,1.5573357790182287,3.429726666874062,1.7729002455769332,2.194730195850092,1.4192321630024136
2007-06-26,1.5350697789850718,3.3714428765937643,1.7352694314658585,2.171357526384289,1.4046447030118587
2007-06-27,1.5500203182973318,3.450790705135993,1.7511235523384718,2.201827458726778,1.4246307734940709
2007-06-28,1.5538478987689535,3.4378468662031128,1.758417564265302,2.204580279110994,1.4244419994228146
2007-06-29,1.5529440883201198,3.438579431731389,1.7574343389671143,2.199785915857448,1.424915266882674
2007-07-02,1.5605213659315222,3.508446077743723,1.7673673537455192,2.2320696674652662,1.4377975087561654
2007-07-03,1.554321293571177,3.5229511832517004,1.759125768362139,2.242310208464076,1.4430076526261937
2007-07-05,1.5517991762060592,3.554699280077991,1.7571472896023117,2.2464539953809215,1.4414919259628503
2007-07-06,1.5625146761747053,3.575158096439792,1.772062615997693,2.260838207655635,1.4490698418971035
2007-07-09,1.576682940331131,3.601173368573216,1.7898591804526978,2.272080921349194,1.4502065856530066
2007-07-10,1.565137083490103,3.5579144617900367,1.7810692279520839,2.2518245384420914,1.4295568339083327
2007-07-11,1.5572585050927112,3.5825369028631844,1.771241287623336,2.2597911408494253,1.4396923208101586
2007-07-12,1.5778161506301132,3.670102341802435,1.7944027395998396,2.304568948987082,1.4624254537136636
2007-07-13,1.5836331362721006,3.6963868313071626,1.7998706386267658,2.3129446035068586,1.4667831422499737
2007-07-16,1.5689874783274238,3.6924071030245154,1.7810785346107005,2.3128854238635754,1.4665931383802078
2007-07-17,1.5510001284864132,3.686408856038162,1.7594075497186101,2.3101447905984087,1.4658356849813727
2007-07-18,1.5583430625171972,3.6707458875395282,1.7731926084590028,2.3026416232819362,1.4631832145621262
2007-07-19,1.5703839970026743,3.7101133825332835,1.7860929709066369,2.3208102313420413,1.468866830858432
2007-07-20,1.5632728522219244,3.809006230628735,1.7773022805587824,2.38377051116993,1.453995799828156
2007-07-23,1.552916482230796,3.838724631883061,1.759748878025125,2.4001068472245564,1.4584467480847938
2007-07-24,1.5405220222525038,3.709625821509277,1.7425580494983952,2.3645413083571163,1.4331568640793892
2007-07-25,1.5446052446789293,3.722694353259565,1.745254677706478,2.3616290260029698,1.4360924956055199
2007-07-26,1.5061716109203922,3.68821629653665,1.7017112466142195,2.345563248613718,1.402087337010704
2007-07-27,1.4837172163069363,3.6172843013462286,1.6758381489141037,2.309177606092743,1.3745225307285656
2007-07-30,1.485350915317463,3.7375543735432846,1.6793086227430694,2.3436542447443376,1.3960249427733762
2007-07-31,1.4857794120436516,3.6885847820127236,1.6842501202740632,2.3158117833191993,1.3803005340604997
2007-08-01,1.479875529248345,3.7369577283300095,1.674697902938319,2.3104571764989927,1.387026814526708
2007-08-02,1.488614982713027,3.7874073643686237,1.6844154613120843,2.320124041071954,1.3981094512475076
2007-08-03,1.4780210350099348,3.649211581392739,1.6737174979450145,2.258416488901583,1.3621137612813516
2007-08-06,1.5005352523121727,3.655708539298477,1.6917170340556897,2.277673960324404,1.3849424085357855
2007-08-07,1.4992163062951869,3.709129726640116,1.6896536909590159,2.2867797395924345,1.3997192574968518
2007-08-08,1.5333743796365829,3.752557897841563,1.727360813433464,2.3198535628971273,1.4192321630024136
2007-08-09,1.4962931012996126,3.6261636560536723,1.680927013233409,2.252156525435607,1.3771751036310211
2007-08-10,1.5016084799325855,3.6037058045841954,1.6920102252053808,2.2546348180958136,1.37073403393588
2007-08-13,1.5042568063519581,3.664853444237121,1.6949131802876023,2.2743990324222008,1.3756597869005143
2007-08-14,1.4717059712694325,3.5581673367821134,1.6604279040679313,2.218316492180822,1.354631462181236
2007-08-15,1.4585301363747376,3.4760239504960917,1.639277721885937,2.187215030097381,1.3359706020765558
2007-08-16,1.4242786344707277,3.3994546860550554,1.581225168020288,2.148086061143893,1.346011189526708
2007-08-17,1.445571438379525,3.48357118769348,1.6105199678655768,2.1895072985366935,1.37073403393588
2007-08-20,1.4492611591169657,3.50666466463562,1.616069686192431,2.20116444313146,1.370071070055882
2007-08-21,1.4407471456058676,3.5262350556785047,1.5997875713873217,2.212752417639998,1.3728183374435934
2007-08-22,1.46122327439435,3.663213253681547,1.6297855323196189,2.268076706073196,1.3891109130680028
2007-08-23,1.4559657350291344,3.6295163131406127,1.6250382009885938,2.2507759442968296,1.387878449994753
2007-08-24,1.4800471863421032,3.7386250068892353,1.6563313534082478,2.298928524477919,1.4050238908857173
2007-08-27,1.4776626419945253,3.679195474005124,1.6508424724131885,2.278428681825875,1.3919518501088781
2007-08-28,1.458501906606963,3.5064389372894857,1.6265420904511483,2.210558518720119,1.3613562053993074
2007-08-29,1.4756834692115428,3.652456183857643,1.6490123742737866,2.265092284167627,1.3880682488981004
2007-08-30,1.4659840623720513,3.695836371991742,1.6363271152099275,2.2762231271197195,1.3843749590067163
2007-08-31,1.4922273057403137,3.8002529459733907,1.6725215483989164,2.317587121811699,1.398013936896579
2007-09-04,1.5067356013116977,3.8807152665097773,1.6910171589905272,2.3445627560559776,1.412128334393693
2007-09-05,1.4905361125594976,3.845769213023999,1.6724375066369612,2.3361915023637647,1.3999080315681078
2007-09-06,1.5102059033136568,3.8346864336734012,1.6956255658167065,2.341079390855871,1.403128873865306
2007-09-07,1.4985997134804905,3.750441711336205,1.6864097864523129,2.3042135722371633,1.3836162758093715
2007-09-10,1.4923749478163768,3.7363401842190096,1.6747869282796368,2.2979841041677913,1.3809642153229615
2007-09-11,1.5197979352586792,3.8163258194743985,1.7097777181619846,2.3286494170345806,1.3970667870776052
2007-09-12,1.5274729530707398,3.814728620193286,1.719685299444063,2.322560830432961,1.4006659973829887
2007-09-13,1.5353995068164399,3.8622155268573506,1.729161998344133,2.34025012664137,1.4105178107618848
2007-09-14,1.5389104808123437,3.8860287570893663,1.73551329731131,2.349836042128109,1.4104226038605836
2007-09-17,1.529058343055047,3.869149631189781,1.725157727190691,2.3552847426894745,1.4028448928927484
2007-09-18,1.5524952493098172,4.04014071541429,1.7519266855484852,2.4237807714142043,1.444144601348515
2007-09-19,1.5571182100244658,4.064725808033631,1.756247317975713,2.4413161838828548,1.452668949719278
2007-09-20,1.5616746326191446,4.084689248951985,1.7672354175861928,2.4452472625307884,1.4424395881978695
2007-09-21,1.567644049960009,4.214406337910318,1.777424929795912,2.5040018357694773,1.446331900481425
2007-09-24,1.5722407437872092,4.227936927315375,1.7852932724948611,2.5039625401741725,1.4436669271106624
2007-09-25,1.5664950507393045,4.330831179491006,1.780536565227772,2.5209374217826905,1.440811847386924
2007-09-26,1.5745204736420733,4.302770889829904,1.7912172327191151,2.509935733169193,1.4484255299611712
2007-09-27,1.5763049581427635,4.347452705851431,1.792875178213834,2.5342468245228678,1.456990564165967
2007-09-28,1.581877538459958,4.3523376666281814,1.8020809691504653,2.5491460477139056,1.4521372668302026
2007-10-01,1.592887918339734,4.393820066926627,1.8078670609897698,2.5724995055255677,1.4685073197607306
2007-10-02,1.5753251196387232,4.390034611349276,1.7828597940236888,2.5532668669073817,1.466508487249449
2007-10-03,1.5686979764758384,4.324798978131048,1.7712258766465911,2.5254411719489878,1.4635575857251548
2007-10-04,1.5773581096014573,4.409224752957804,1.78040893851572,2.56641393880049,1.4658422439067582
2007-10-05,1.588116828008341,4.516344476119168,1.7909833308602288,2.6043424551588514,1.4832582404698815
2007-10-08,1.576374251367465,4.570462517390447,1.778159631626438,2.6023781421151653,1.475359142158149
2007-10-09,1.5862792551462384,4.599899382148709,1.7965215327459434,2.607670824901082,1.4892540206212614
2007-10-10,1.5838411566596273,4.605546272588567,1.7921889452509685,2.617548948955991,1.486780178435565
2007-10-11,1.6039334677813217,4.461551847601252,1.8170961126793452,2.59301605824142,1.4796419154685696
2007-10-12,1.609265111835166,4.595785980070857,1.8239533419086542,2.640482418301245,1.4878272493834612
2007-10-15,1.6146254882757254,4.580453288020386,1.8311247448038448,2.6286597805220753,1.4752638327736385
2007-10-16,1.6012685927289128,4.549378987066619,1.8131035478042539,2.612203157767121,1.4635575857251548
2007-10-17,1.6003702961621464,4.548956196066476,1.8134758146236367,2.6135533322252655,1.4680311827710146
2007-10-18,1.6081257059975256,4.664137135039629,1.82359744730986,2.6453157022776552,1.4627015434791164
2007-10-19,1.5935199560790902,4.565415449580303,1.8047073585659876,2.5934631116820763,1.4244419994228146
2007-10-22,1.587758632128699,4.706378444498109,1.7984537168422745,2.6266097112572404,1.4327226427222164
2007-10-23,1.60336154233865,4.922053052704073,1.821602778098294,2.684201717058415,1.444333272936562
2007-10-24,1.5946493080673592,4.933899498783951,1.8103751341846361,2.6744923782100702,1.441668914465054
2007-10-25,1.584182229536879,4.816305392726535,1.809667625124277,2.638508624569291,1.4450944157309267
2007-10-26,1.6156847411990385,5.012364032364124,1.8487427230801186,2.7291181854806217,1.4620350951700074
2007-10-29,1.6341108237967368,5.1335495641208455,1.871120024179689,2.7956564613978117,1.4668883925057719
2007-10-30,1.6283126895817344,5.051648932270594,1.8629168738393704,2.757896402410709,1.4567058658109455
2007-10-31,1.6282534373266844,5.076297316128421,1.860843264241193,2.766434360946351,1.4718380240581384
2007-11-01,1.586971178012558,4.9325981343332455,1.8093990008996348,2.6854432147887914,1.43738532128896
2007-11-02,1.612928555117852,4.927889158945914,1.8429196019217746,2.701664555743429,1.4390033261950361
2007-11-05,1.61234506875166,4.886188201873463,1.845604006876653,2.6828480800761914,1.428058836840172
2007-11-06,1.640900954628886,5.118055748574456,1.887176975712729,2.7701283641436354,1.4472835595616016
2007-11-07,1.6306142054826491,4.994077140960119,1.870189343609406,2.7331231901752986,1.4076923486855915
2007-11-08,1.6269177159893629,5.143792040276576,1.8667202012864779,2.716950461571576,1.4005537782689685
2007-11-09,1.6166410004765004,4.950342736824275,1.8568150321757244,2.64719904189335,1.381329670446794
2007-11-12,1.5843857127028045,4.607432088976616,1.801250045166572,2.553444285452535,1.3676241809541925
2007-11-13,1.6098703859248311,4.916994310614919,1.8258680706664328,2.671978404408311,1.409310661041295
2007-11-14,1.6299619543154062,4.903900202575379,1.8516218723031042,2.6877367604136353,1.4054073830543603
2007-11-15,1.591013080576515,4.823955466320562,1.8010981843594036,2.63458382691463,1.3851357943514533
2007-11-16,1.592280841185479,4.925782124984141,1.8044513205756796,2.6479786057295014,1.3875151470183127
2007-11-19,1.559913158339676,4.786048139692457,1.7624797675457569,2.578921446748818,1.368195319878791
2007-11-20,1.573413536932621,4.8488371251986235,1.785837893542411,2.5901818199481546,1.3765705551802394
2007-11-21,1.5519207167078226,4.794961283550379,1.756779334449603,2.5699582431364583,1.3483994582327632
2007-11-23,1.5963395789799169,4.871780533631174,1.8045403778358884,2.623425611092088,1.3717169503948472
2007-11-26,1.5791220810839905,4.815666683014062,1.787872613834713,2.5871007107496444,1.341452019001207
2007-11-27,1.588550372409971,4.885473642986654,1.7924111569378245,2.626583221504421,1.3568695929858852
2007-11-28,1.6065806481969331,5.078391676140617,1.8098774335670942,2.7132261033577314,1.4002685674979012
2007-11-29,1.611447502534867,5.108828645783781,1.8136012628111986,2.723875715419274,1.4007443970379894
2007-11-30,1.6049491110265892,5.071270287023923,1.8016927756866685,2.7135799602544908,1.4148293818540771
2007-12-03,1.5967267731928845,5.053335268727895,1.7879515665741073,2.721228195435674,1.4055032048549168
2007-12-04,1.6009037430906374,5.038413486735876,1.7919454281702127,2.722445790959932,1.392939788245094
2007-12-05,1.6165070646382478,5.168181046399619,1.806060242993781,2.7835687543074195,1.4162576903400146
2007-12-06,1.6263746960379986,5.282352426920308,1.8176444877269924,2.8320746439174407,1.436528971593294
2007-12-07,1.621958388841823,5.318770229830497,1.8115952395624855,2.8481917630736806,1.436243145922972
2007-12-10,1.6417842269313936,5.421734412784086,1.8370280283359302,2.890553411125619,1.4473787664629028
2007-12-11,1.6269942731140647,5.20077237201487,1.816997632093275,2.825083038245935,1.4076923486855915
2007-12-12,1.6171429403336786,5.238336784990407,1.8016685088811875,2.8451265770344563,1.421586612249449
2007-12-13,1.6051354109105676,5.26976150271146,1.779400885826233,2.8649039688035596,1.4186361206579916
2007-12-14,1.5890475515278812,5.267038761651379,1.7598819388938876,2.844329929242136,1.400649190136688
2007-12-17,1.5831878601950673,5.137219723491918,1.7503266574956717,2.8017308896003303,1.3806629146880576
2007-12-18,1.5957904486237136,5.147086283109855,1.7646963983826298,2.827869908262148,1.3883719066468152
2007-12-19,1.5977175651006725,5.220514846346984,1.7749295594786512,2.831254984260969,1.3883719066468152
2007-12-20,1.6055933588349183,5.391237222289739,1.7945684910259752,2.8776299504500615,1.3971278670702592
2007-12-21,1.6321449854168428,5.599015711196954,1.8262871637875397,2.963172787567631,1.417267662366198
2007-12-24,1.6393338280213274,5.6889985205895535,1.834724737711572,3.0052262308487117,1.4277924829795885
2007-12-26,1.6488665046456343,5.78032279805507,1.8504854949961542,3.03354173608463,1.4308537589201387
2007-12-27,1.6372238692691026,5.6933518816456745,1.8359549388660434,3.007480176273391,1.4128670333652535
2007-12-28,1.6515955196295644,5.665159308892537,1.852298096511351,3.0035780922759745,1.4093263409722951
2007-12-31,1.6357008086943146,5.614535551611798,1.8365180110360906,2.968840972356232,1.398898264508343
2008-01-02,1.6470201379487492,5.577785372725683,1.8592569028835866,2.9581026829612367,1.386651418531588
2008-01-03,1.6563414189073746,5.564986295921775,1.8738076085189315,2.966466042632062,1.3859810758605309
2008-01-04,1.6313194983731285,5.315409971256311,1.844517047417136,2.8774600056108346,1.3520163981333297
2008-01-07,1.6568010735894914,5.164540073282243,1.8643873709851713,2.8615708190061215,1.3508679712915836
2008-01-08,1.673848838656732,5.0658448694734375,1.8840943581231513,2.8617640206357167,1.3290531904252807
2008-01-09,1.6838514942623883,5.137477377763815,1.8880040065741448,2.8945203760459264,1.3430221642486095
2008-01-10,1.711302005960687,5.155429665533554,1.9240763322762944,2.916607071810715,1.351824549565799
2008-01-11,1.7034567085865,5.1228173615639045,1.913644926151606,2.8997527315960485,1.3409171591326476
2008-01-14,1.7137938678856726,5.159467356303162,1.9275167298047065,2.920498332084468,1.3517292401812888
2008-01-15,1.6932800784775024,5.081862889231622,1.8981441844738725,2.8765705967208834,1.3219730354378738
2008-01-16,1.6708368292484161,4.993631207045472,1.8647706963924497,2.8266273636569403,1.3105879707668695
2008-01-17,1.6520043647453562,4.930030787420634,1.8406281534369844,2.7906265700464736,1.276622370690786
2008-01-18,1.6451224189989817,4.921258229643774,1.8373959799144857,2.78566089460245,1.2635145632739533
2008-01-22,1.6530373023280553,4.93582346617285,1.8426945410682485,2.7939054954598648,1.2506942212587888
2008-01-23,1.6540661563869077,4.926064517534139,1.8388291496995706,2.7883814769412805,1.280736354155735
2008-01-24,1.65711542506233,4.960284023772349,1.85197332618142,2.807751307970709,1.2915473078890756
2008-01-25,1.6478469124761448,4.939699728748417,1.844331438716281,2.7960996402435967,1.2728901371799244
2008-01-28,1.6686917789274078,4.9919319728727185,1.8636039567416154,2.825665518135952,1.2939395734402876
2008-01-29,1.6779659953971886,5.018923960200795,1.8736529340131085,2.8409442375322453,1.3003507180383567
2008-01-30,1.6670529135101637,4.9867574756344855,1.8616003730242443,2.822736512192117,1.2907825781823907
2008-01-31,1.6820386659108846,5.026080085322902,1.8760564955955705,2.8449949369630243,1.3143187695128031
2008-02-01,1.6754990102046312,5.003497561610893,1.8674966131437258,2.832212178922196,1.3354638226073041
2008-02-04,1.670655247364715,4.9924549001453284,1.8635950530031453,2.825961519277542,1.318624806511701
2008-02-05,1.6346009584857297,4.872377154145268,1.8184111870700184,2.7579919339122583,1.283319238475968
2008-02-06,1.6372354352224223,4.880506416307562,1.821360010751822,2.762593474138509,1.272986163946899
2008-02-07,1.648953227192626,4.920536089941434,1.836264250199068,2.78525212996638,1.2814062868939553
2008-02-08,1.6459308985753245,4.932006357010243,1.8408976740956506,2.791744834257279,1.2731773976151748
2008-02-11,1.6563495247924953,4.97209160183,1.8558079294413448,2.8144349459592704,1.279683646631336
2008-02-12,1.6683126633242003,5.012493073335085,1.8712598808927197,2.8373040566631516,1.2915473078890756
2008-02-13,1.6812601243750454,5.065066510537856,1.8913393049533043,2.867063065696335,1.3047511420728828
2008-02-14,1.6793729306882221,5.063243016952573,1.8909636429647059,2.8660308835723636,1.293270050634904
2008-02-15,1.6795453003049883,5.059433515192105,1.8895811369676778,2.8638745285129747,1.2929832001324901
2008-02-19,1.6941099341489767,5.109323813132374,1.9081977628089628,2.892114756013154,1.2966186894939133
2008-02-20,1.7062250071662584,5.154644983961895,1.9253235766035117,2.9177686451988336,1.3004455150068213
2008-02-21,1.7041108544930321,5.148439721969132,1.9227731487337425,2.914256178494713,1.289634458790272
2008-02-22,1.7152478137693992,5.185915745918404,1.9369124660129025,2.9354693499092575,1.297575370251338
2008-02-25,1.7255687470507395,5.222106828382329,1.9505948020014843,2.9559551847199184,1.313935994726624
2008-02-26,1.7631652267787006,5.355421380361474,2.000748247737092,3.031417417506803,1.3237915999842587
2008-02-27,1.7644521089338583,5.373338293417291,2.007384432668234,3.0415592230619226,1.3224517345078184
2008-02-28,1.7693467876294473,5.413574219503529,2.0230553038560646,3.0643346273643024,1.3095351607592611
2008-02-29,1.7513264707004104,5.364075468235161,2.004462487495775,3.036316033479232,1.2803536818527652
2008-03-03,1.763000755475392,5.403312539005235,2.019119651379277,3.058526039246569,1.2772919959793787
2008-03-04,1.7430249012181662,5.338008007362158,1.9945380224437264,3.0215606390278507,1.2724125654252807
2008-03-05,1.769352898904433,5.44380149436999,2.0344349863823896,3.0814446698812126,1.280449196203694
2008-03-06,1.7499408093057203,5.3693248537294185,2.0062719524189103,3.0392874296567314,1.253946320934778
2008-03-07,1.736078545577028,5.323552161692667,1.9887613382208844,3.013377958481371,1.2410302596022666
2008-03-10,1.7138519377523742,5.239030369769459,1.9569199504623769,2.965534695739345,1.2246693276773533
2008-03-11,1.7497461958650793,5.3464754313082015,1.9972997123577865,3.026353594541226,1.2686811517800924
2008-03-12,1.7558131667967967,5.377208545616978,2.009068943352975,3.0437499656935483,1.2568163632070521
2008-03-13,1.772271330509412,5.4412859582792095,2.033354777923878,3.0800207595334808,1.2595913010612343
2008-03-14,1.757723279122201,5.406554198486375,2.0204833659911046,3.060360969182949,1.240073373878424
2008-03-17,1.750495886770567,5.359459620731738,2.002082842359055,3.033703249250947,1.2275401898153007
2008-03-18,1.7636705536964596,5.3791642228584875,2.0090682108247355,3.044856969910746,1.2785355272392172
2008-03-19,1.697371829905602,5.141728228605897,1.9195346011144432,2.9104571613056263,1.2468665758802078
2008-03-20,1.6827293075529577,5.033011302613126,1.8780624647817847,2.8489183281073993,1.2699617819616436
2008-03-24,1.6923514138945424,5.074614777108762,1.8937670080643638,2.8724678283721867,1.2953458480362579
2008-03-25,1.7119306385080137,5.16645811016487,1.928596696495087,2.9244554236955214,1.2965964506375276
2008-03-26,1.720753246339359,5.208442247470896,1.944273581726651,2.9482203968039298,1.2807307175792317
2008-03-27,1.7141198923901706,5.19183633772131,1.9379510323860745,2.938820680054649,1.2766925716890545
2008-03-28,1.6944569865550716,5.117614706501876,1.9101354131917705,2.89680778701519,1.264482004768339
2008-03-31,1.6964841828668353,5.097624582520706,1.9024297788534341,2.885492447714933,1.268904257726414
2008-04-01,1.6919566381258098,5.078689986416527,1.8954186889344002,2.874774586253247,1.313518580615752
2008-04-02,1.703553609016476,5.121490775749406,1.9114459196340932,2.899001822366267,1.3143836413841956
2008-04-03,1.7224821820947644,5.190860029963054,1.9376085271035803,2.938268044485378,1.3176529582393222
2008-04-04,1.7325856836377376,5.2370156102975685,1.9551734398246212,2.964394248233651,1.3162106095537307
2008-04-07,1.7425654905054468,5.2689356496535,1.9668705230905692,2.9824624741301053,1.3168843341706895
2008-04-08,1.7293630900233568,5.217802581041313,1.9476925914429437,2.9535187806665126,1.3155374998360267
2008-04-09,1.7464853025802536,5.292503677692418,1.9760245481839067,2.995803073425514,1.306019064336499
2008-04-10,1.7642654256557901,5.34747271486902,1.9969500978104235,3.026918103389689,1.307845212640361
2008-04-11,1.7519671617376302,5.2960591736078,1.9775079083189575,2.997815649370572,1.2824615564985833
2008-04-14,1.7531926293896505,5.300571931071979,1.979093221352343,3.0003700798450934,1.2781347154082274
2008-04-15,1.764317991781393,5.332774527653581,1.9910990234648347,3.018598246264338,1.2811157469960122
2008-04-16,1.7991474144858486,5.4480634866651165,2.03434215104869,3.083857155614662,1.315825272687323
2008-04-17,1.783434918683907,5.408905053705527,2.0198601049841676,3.06169166250309,1.3177490874895057
2008-04-18,1.768143619534925,5.356172245180743,2.000260301220369,3.03184244189418,1.3314989522116698
2008-04-21,1.7508365932401213,5.294178791746458,1.9772161154260097,2.9967512658382254,1.3321715495133277
2008-04-22,1.7506999970255672,5.304772327721708,1.981105750990213,3.002747699580324,1.3263064354536152
2008-04-23,1.7342073031973906,5.232885890415107,1.953874639500216,2.9620566348337003,1.3241909770503202
2008-04-24,1.7156907235343983,5.157631868807888,1.9254511916677362,2.919459360849975,1.329960064343058
2008-04-25,1.7254359730253797,5.196282895802271,1.9400607921688215,2.941337638601368,1.3422676828628397
2008-04-28,1.726464047057473,5.205158193320882,1.9433765202450703,2.9463614695144935,1.342555558197345
2008-04-29,1.7021085839795733,5.110272740902009,1.9074981325560931,2.892651893236264,1.337267629571571
2008-04-30,1.6919960802780665,5.088648098837668,1.8996118727636737,2.8804113407296805,1.3293827764259103
2008-05-01,1.6929743131191848,5.073556889233415,1.8937816789532627,2.8718690146648567,1.3568820959374017
2008-05-02,1.6935916214146005,5.090710284543094,1.900364994098057,2.8815786336878944,1.3606327764259105
2008-05-05,1.7022125527945733,5.133589484014028,1.9166021275826288,2.905850253583501,1.3540946551317032
2008-05-06,1.713856042848031,5.1838478165768205,1.9360385048241124,2.93429880578602,1.3658244733182914
2008-05-07,1.7132829746982443,5.176210153606797,1.9331860739194608,2.929975533551779,1.3414983414117432
2008-05-08,1.7383485782305177,5.261946327996815,1.965770380098061,2.978506193213663,1.33803666357304
2008-05-09,1.7415150679366056,5.272978110793374,1.9699523345560233,2.984750695026028,1.3355366881690105
2008-05-12,1.751745984228405,5.312358841982254,1.984590372592194,3.0070420192676446,1.3505360281771435
2008-05-13,1.7279179523616035,5.240736842753546,1.9581540456927593,2.966500638764004,1.3507287990935566
2008-05-14,1.7286904436842196,5.224023077170448,1.9513596931839783,2.9570398705998917,1.353517572180974
2008-05-15,1.7445476463815663,5.272684304041479,1.9697154789257134,2.9845843867485233,1.3704400096088256
2008-05-16,1.7705168769183486,5.35805847639847,2.001918346767628,3.032910136434114,1.3716898948276315
2008-05-19,1.784331310403425,5.404624076923749,2.0196713408840457,3.0592684306678106,1.3754394480008396
2008-05-20,1.7915986465856604,5.456859600249724,2.039475550305629,3.0888361647407283,1.3642858928993074
2008-05-21,1.7678544188127052,5.397270776557133,2.0167653874756124,3.055106120884073,1.3412097486947738
2008-05-22,1.7766661423305772,5.425510885882399,2.027461993554398,3.0710913353426084,1.3414019047119319
2008-05-23,1.7666592805323849,5.404732965952305,2.01958829189108,3.059330066919059,1.3234221480152693
2008-05-27,1.754283285689958,5.335905462415284,1.993488956901447,3.020370500863109,1.3332292787149753
2008-05-28,1.7646981964798047,5.36972478016517,2.0064600288347187,3.0395138066076672,1.3393828830084478
2008-05-29,1.75017596809835,5.287626390265259,1.9752646845612516,2.99304230204885,1.346113672735859
2008-05-30,1.7577560825119238,5.326731120721713,1.9901254128038506,3.0151773970475935,1.3494792213243783
2008-06-02,1.7540010306033795,5.319757844170376,1.9876278345039988,3.0112301984065435,1.3355366881690105
2008-06-03,1.7544797606829172,5.31776988821847,1.9867598912739395,3.010104922938968,1.3277487841392068
2008-06-04,1.7508376889594737,5.308108428794733,1.9828552809262339,3.004636087847289,1.3270753669718753
2008-06-05,1.775392264034361,5.387191756386595,2.0125769650542074,3.049400927001773,1.353613291498321
2008-06-06,1.7674462587356234,5.375003584906647,2.007992727688404,3.0425018554464773,1.3104412148113653
2008-06-09,1.77593806670098,5.38633291789253,2.0121572336381384,3.0489147844959232,1.3136145048995171
2008-06-10,1.732809914071159,5.232476256156379,1.9538653675854307,2.9618247628037477,1.3070760761556826
2008-06-11,1.7287462916741116,5.235608268170207,1.9552291121555505,2.9635976271772915,1.2878459218241685
2008-06-12,1.725100724404278,5.207418679236754,1.944514514791626,2.9476410096086743,1.2927499483484626
2008-06-13,1.7344337230844162,5.23778827029301,1.9559203724643108,2.9648316097037655,1.309095302825585
2008-06-16,1.7466888365724091,5.30282455848234,1.9804583611220758,3.001645171659896,1.3098647467598907
2008-06-17,1.7346848936164532,5.25984408838737,1.9641938755280344,2.9773162278840983,1.3035187814828417
2008-06-18,1.7221656234131173,5.237310968079631,1.9558337834112889,2.9645614344663205,1.2908271583783713
2008-06-19,1.7357332250535435,5.2763569803273604,1.9703085816759496,2.986663292229746,1.2924614581147027
2008-06-20,1.718263192756696,5.231918265583029,1.9539420964622625,2.9615089142042224,1.2714826327854445
2008-06-23,1.7276437355164802,5.246661880464701,1.9598369897853392,2.9698544855001074,1.2702263936076714
2008-06-24,1.728498138940877,5.23781392127755,1.9563966569814095,2.964846129353255,1.2677141202185433
2008-06-25,1.7267355986524477,5.2883422848303345,1.9530906128213454,2.9761756444429466,1.2737050836590933
2008-06-26,1.7346992263037297,5.045073655158522,1.9683310848219635,2.907259281660557,1.2391108515780775
2008-06-27,1.749848672294794,5.027354834232726,1.9921786110591964,2.902793426951954,1.2323463448748557
2008-06-30,1.7697989569577464,5.040456750196741,2.014727537776582,2.901928761631748,1.2366951173719698
2008-07-01,1.783060077611562,5.073027632331904,2.0372292242675005,2.927083572164342,1.2405602716051003
2008-07-02,1.7727112350025527,4.815221400812041,2.0262765770054374,2.863208113618227,1.2193014621484415
2008-07-03,1.7728494871344456,4.78380542621155,2.027653868118689,2.8454520663098943,1.2205578038094238
2008-07-07,1.7611471776244763,4.845175847836611,2.00928666999732,2.8535592497695097,1.2080918487315038
2008-07-08,1.7938816558905792,4.922816137506111,2.044338635635076,2.906703191919837,1.2295441464870396
2008-07-09,1.7903725536897044,4.8865840422910445,2.0445042097435464,2.8930732769211827,1.205869295374646
2008-07-10,1.7903638353165434,4.995576251487692,2.0437075474636806,2.9240233222292047,1.2107975079362996
2008-07-11,1.7901767457530584,4.959851459215618,2.0473950620963475,2.9138123366191886,1.1966891569485256
2008-07-14,1.815733372743515,5.011051086180969,2.0812313033775727,2.9402703412009297,1.1858669300621787
2008-07-15,1.8236825263434515,4.905527318648065,2.08657404211099,2.9124047264525412,1.1691491516030015
2008-07-16,1.8059177070556358,4.9938701309987605,2.065014820610646,2.9254945456556545,1.197849164392906
2008-07-17,1.8035123699493858,5.117384549798045,2.0567485845788456,3.003173028689745,1.2098309887907965
2008-07-18,1.7867019068888095,5.064587306361165,2.032473996004535,2.9775493603339322,1.217368936273481
2008-07-21,1.7870907026353706,5.127436321997832,2.0377813348633316,2.993973809455598,1.2180451204874594
2008-07-22,1.7769632065211927,5.106901385344078,2.0215103545088526,3.003735756944584,1.2318637514429638
2008-07-23,1.748640671055914,5.046816950412865,1.9846447759901888,2.957787450169224,1.2385312065471195
2008-07-24,1.727805117784778,4.887276643416857,1.9555934385947606,2.8951061327792553,1.212826880443908
2008-07-25,1.7305619635767,4.914785792778682,1.959981099483544,2.8936353457109982,1.2125370579284291
2008-07-28,1.7278104349069374,4.8302315872969555,1.9601785757944972,2.8577392365502083,1.194756631073565
2008-07-29,1.7337911546441676,5.035787061798193,1.965319974806417,2.911488110549378,1.2202678788107357
2008-07-30,1.7339977984467918,5.159590898574413,1.9721755706893989,2.946156088185205,1.2420099990817506
2008-07-31,1.7374485506846034,5.039381376419822,1.9782030285157461,2.9079138582709976,1.2255823505876797
2008-08-01,1.716276112502316,5.027749913763521,1.9495350327095473,2.898826803963202,1.2191078713663555
2008-08-04,1.6956861881428338,4.851679330610791,1.9145983100899926,2.8467806173644234,1.2078021286992338
2008-08-05,1.7042521126879582,4.927167665053363,1.9202149527025574,2.873363845366126,1.240366680823014
2008-08-06,1.7061659649249101,5.039909839182212,1.920657123355571,2.9097896478785934,1.24587525579809
2008-08-07,1.6708424340333945,5.015664356731307,1.885125012331504,2.872194667630621,1.2273220030630183
2008-08-08,1.672694265329677,5.085777160723934,1.872876280838697,2.9017275944669705,1.2501270791793473
2008-08-11,1.6508505018427027,4.983088267445675,1.8365334560945203,2.8703958680702883,1.2630754227227412
2008-08-12,1.652434912413172,4.962353881010384,1.8368728818826727,2.8631123005888055,1.2499336933636793
2008-08-13,1.6434743777585672,5.058966336196296,1.8319978920108215,2.896594174689556,1.2423962582970407
2008-08-14,1.6338816924380704,5.059180645178677,1.8129712447693802,2.881845103752433,1.2517693726059924
2008-08-15,1.6083889681303418,5.0369065083024305,1.7525695887385384,2.861630182458202,1.2578574901288173
2008-08-18,1.6092343940663034,4.973300862694536,1.7567898286804917,2.837920762008455,1.240657118237748
2008-08-19,1.6018899193914222,4.92658568687899,1.7438832806946256,2.82167810724402,1.2271283097977228
2008-08-20,1.6071059535857894,5.002193939554931,1.752205966180763,2.843350641590898,1.2328299631388395
2008-08-21,1.63966276060606,5.013075152582571,1.7990335366095624,2.866461321486323,1.2349556698630497
2008-08-22,1.6397220823338066,5.039468669929729,1.7927972467007167,2.8834932920923966,1.252832635900934
2008-08-25,1.6206439877972314,4.939673264748364,1.772064527686707,2.8364063734539617,1.2274182347964109
2008-08-26,1.6232742382194743,4.931597641833375,1.7789330204794556,2.831787740916894,1.2309936689972716
2008-08-27,1.636241920166053,4.989533188831226,1.792713554704745,2.8549983779946517,1.242976210777626
2008-08-28,1.643559309111742,5.0624170365066385,1.8023091263875335,2.876698139517303,1.2580505684948577
2008-08-29,1.6332796181489442,4.977053150337585,1.7916200475702693,2.840718719259045,1.2445221699876692
2008-09-02,1.6019770822540964,4.853130766059295,1.7496212565642888,2.767764831271604,1.2367917590381992
2008-09-03,1.6008314361726828,4.784219407151301,1.7446584890685766,2.7331712230868197,1.235728803192885
2008-09-04,1.5797990085859865,4.612782942893421,1.72048010510954,2.6651728149193117,1.1985254510900933
2008-09-05,1.576762413340606,4.6552023763731345,1.7069138860036628,2.6874699326813394,1.2022941686234128
2008-09-08,1.5836157523036303,4.628421720781735,1.7032592229127865,2.6882002315438864,1.2271283097977228
2008-09-09,1.5483507231494185,4.313239365320357,1.6537935199139921,2.563321794547874,1.1906981935079757
2008-09-10,1.5408743094196997,4.426346882186243,1.6408076998394456,2.600063611771516,1.1955299693698185
2008-09-11,1.5384411462484977,4.475315867702738,1.6356732492863018,2.6198344428232714,1.212826880443908
2008-09-12,1.5525140328895108,4.543538920611394,1.6553097687190217,2.663432565623234,1.218431892118795
2008-09-15,1.5461735253191808,4.3205063491868305,1.6464477931582528,2.5915126259519785,1.1604522215080282
2008-09-16,1.535155104987646,4.441308584432617,1.6246535982092565,2.631644566575592,1.179875454205583
2008-09-17,1.5460285374539922,4.213107620010578,1.6457370732872787,2.568513406979933,1.1268244060893062
2008-09-18,1.60257825592003,4.438082523906169,1.7085457763351142,2.683625282965139,1.160259450591615
2008-09-19,1.5987199744330156,4.670261902812736,1.7231419488887136,2.7589943307314937,1.2063374386740477
2008-09-22,1.6307370490090944,4.509069687339209,1.772957817125361,2.714856720338451,1.1790266882673943
2008-09-23,1.609253133524711,4.348673292551091,1.7484439455509173,2.639558965056981,1.1522022206881624
2008-09-24,1.6218126293088533,4.371557371199873,1.7650320803911757,2.660314052245797,1.1558954080963375
2008-09-25,1.6254820907696834,4.392031007303402,1.7687092865786742,2.65709681317998,1.1739731387409487
2008-09-26,1.6192695872619014,4.208505624325601,1.7555903003499262,2.590655993088257,1.1745558582681812
2008-09-29,1.5611579180664323,3.7532593961711513,1.6761743204521067,2.4050516363752257,1.0825158930960752
2008-09-30,1.5732968747924376,3.983072067831685,1.6805762542451976,2.492871778052439,1.1273211422040612
2008-10-01,1.565175644561298,3.894564604175718,1.6790931537808573,2.45828778617675,1.1280010158135692
2008-10-02,1.4960183608554585,3.4614132964106368,1.578190000049921,2.2583298485478895,1.0870841846271908
2008-10-03,1.4964932555212562,3.3025315818115226,1.5893410110826514,2.181092520804314,1.0724078716943017
2008-10-06,1.448846843064862,3.2623572289556217,1.5309776748294672,2.141609887683735,1.0177862683977859
2008-10-07,1.4223344784213474,3.045645991702877,1.4983129457899258,2.049362756186769,0.9722037866315983
2008-10-08,1.4183643687488166,3.109568098130913,1.491541452113097,2.084976576892037,0.9477118368926435
2008-10-09,1.3485776588062737,3.0015863880046316,1.435491442265688,1.9836205273071013,0.8815241835777626
2008-10-10,1.2922744445052332,3.105686214832123,1.3549689148276498,1.999331441807753,0.8601423942701227
2008-10-13,1.388903281677667,3.4898582433252328,1.460533183978861,2.199572396838886,0.9850332496523769
2008-10-14,1.3670805453571,3.4349256141775633,1.4437191265891616,2.1729059197955305,0.9704543982513905
2008-10-15,1.272970089866189,3.0961217950195024,1.3299639357412483,1.9930109168502474,0.8749157588020778
2008-10-16,1.3107595888235561,3.2638868888284125,1.359833267398117,2.0962690082382984,0.9113619649556617
2008-10-17,1.278332521031585,3.2115464738300417,1.3303505531406057,2.043505929422134,0.9059191842008606
2008-10-20,1.326252344367063,3.328151206291837,1.38787304908456,2.1230425005936735,0.9603465818160353
2008-10-21,1.2967029228381195,3.203846879480816,1.3674600418384755,2.062750828272465,0.9316753668079022
2008-10-22,1.2328812175953519,3.0022733014219765,1.2933074583161455,1.940472574543673,0.88094146405053
2008-10-23,1.2497966400759262,2.8487290144603103,1.313114369539294,1.871591752697651,0.8911464345681603
2008-10-24,1.225608553004397,2.7894954509532206,1.2873734883327486,1.8333092045821264,0.8459524154062599
2008-10-27,1.1911373337924396,2.6998211127042953,1.2489976684114863,1.782482152240741,0.8159204283470196
2008-10-28,1.2726958151113803,2.8799767946193575,1.3199438758470612,1.9057507058758947,0.9112651183230139
2008-10-29,1.286997464243789,2.9202627099941014,1.364471026780132,1.9173798032386744,0.9046557711984469
2008-10-30,1.2964299498086067,3.1358706939835725,1.376542330529257,2.0026357203082576,0.935951376226519
2008-10-31,1.3030668109941252,3.1814927523928356,1.3810334891133274,2.0412609534536705,0.941102797217704
2008-11-03,1.314960422253852,3.2068161634172068,1.3930771627084315,2.062612135985575,0.9438243413199181
2008-11-04,1.3672369608497663,3.3330568380764563,1.4536862964138244,2.1347507122654465,0.9758971790061917
2008-11-05,1.3357418662455325,3.05761081395309,1.4336147831831982,1.994524339362504,0.9348825788382832
2008-11-06,1.2905683597405608,2.8905532439669335,1.3767367276869222,1.9063892240949376,0.8830794687598383
2008-11-07,1.3071921187459004,2.9947835249934647,1.3888250272087055,1.9810691568636742,0.9122370690786022
2008-11-10,1.3319797997002745,2.9432005408184327,1.417447271223518,1.9729051052582087,0.9002823002479274
2008-11-11,1.2992526058406018,2.833637783541563,1.3758776833758335,1.9150923505913175,0.8724856769466891
2008-11-12,1.243157733859371,2.595378025644374,1.3109069220929606,1.7871877832588394,0.8340951593490923
2008-11-13,1.2810528301157202,2.826316218025798,1.3413325743737339,1.9097740294475865,0.8860925775920873
2008-11-14,1.263687517487473,2.6962148031604327,1.334114990849264,1.848317134732803,0.8418705604273795
2008-11-17,1.255556678451958,2.6424153595928592,1.3219979817688523,1.8218521395131866,0.8306936903957656
2008-11-18,1.2717907346226598,2.607913612324222,1.3440553304613798,1.8100912361152588,0.8463415441514063
2008-11-19,1.2326390810955297,2.440624600643437,1.2978034146293007,1.717301164745245,0.792108915875223
2008-11-20,1.1986926617289964,2.2591621054545423,1.2459808049687515,1.6311170142719869,0.7333077398599014
2008-11-21,1.2582099383774388,2.46578414737158,1.3130710269788384,1.7541998524832618,0.7728646701024504
2008-11-24,1.33183307944292,2.6927758486134525,1.4191281835542553,1.865124758995735,0.8264171173194983
2008-11-25,1.352993363556269,2.750285505126311,1.4399558410960298,1.9095969047161632,0.8325400278918302
2008-11-26,1.3750630374001431,2.962233872507884,1.4689400339114502,2.0109637230414408,0.8647099684187742
2008-11-28,1.3825446166723052,2.9511705509670483,1.4721848844079117,2.014117144105898,0.8755954274451674
2008-12-01,1.293181386198466,2.6375742360940047,1.371314489391031,1.8256903504790878,0.7980374157997954
2008-12-02,1.3141055449860097,2.771109045600977,1.3918122972023959,1.8968232060141301,0.8287496351597755
2008-12-03,1.327055423812825,2.8796610028000007,1.403206915604438,1.9526034740285656,0.848673857025265
2008-12-04,1.3070618872182231,2.8294080646880073,1.3792682930696807,1.9311897866834928,0.8290415585810421
2008-12-05,1.3257844077677086,2.966403457291261,1.3951395550974635,2.0063497719685772,0.8546028181242785
2008-12-08,1.3532993225731054,3.2334874435800387,1.4421080223068392,2.100098932674531,0.8844401383277364
2008-12-09,1.3457495512692716,3.1309341854121273,1.4336460478846318,2.0373619779715937,0.8698616968595865
2008-12-10,1.385396042884146,3.1916346529416093,1.4810866223338768,2.067187423150578,0.875790555475391
2008-12-11,1.3997257356645543,3.0131361440999087,1.4956732707694675,2.013834958200643,0.8546998697233446
2008-12-12,1.3991729239289863,3.1190014358965787,1.490292073662855,2.0494360723861966,0.864904584032952
2008-12-15,1.3914017117955704,3.0339446311607823,1.4857060509633273,2.012271134780955,0.8528532247776525
2008-12-16,1.4354953500743057,3.2537821137132297,1.5363307858101838,2.1339338333084132,0.8929930795138524
2008-12-17,1.4498842703724169,3.3384354135540706,1.5606399500188752,2.196509136826734,0.8843429842454612
2008-12-18,1.4268494719757752,3.2714331723335426,1.526352465584699,2.171847993044674,0.8678204362997167
2008-12-19,1.4330324245417019,3.258973833737585,1.5326823909977758,2.1728247970463985,0.8640873829231819
2008-12-22,1.4161469864585272,3.148474626023592,1.5088752645786199,2.126265579740056,0.8530153532145294
2008-12-23,1.4108381228012976,3.1960683452214975,1.4965742058642437,2.14466492274979,0.8441973392079443
2008-12-24,1.4163045874797526,3.177204574909672,1.4993767311869104,2.141350129053079,0.8490961903301762
2008-12-26,1.430714633276241,3.221399341136781,1.512174700721831,2.164633709126953,0.8539956051100588
2008-12-29,1.449934125131609,3.222528098606123,1.5417826697566348,2.172828308206241,0.8515458977201176
2008-12-30,1.4669271484475042,3.2917529305483457,1.5651934806016892,2.207202408981706,0.8717297607959912
2008-12-31,1.4902142914604937,3.3622037866545584,1.5921888268334945,2.2537161900314793,0.8841734770175255
2009-01-02,1.524531116037294,3.5433590407707922,1.6433771204008298,2.337367595661302,0.9108240305908281
2009-01-05,1.4984399852573647,3.56396260161833,1.6187122274181494,2.3263035327693364,0.9097458047473502
2009-01-06,1.514314385918584,3.578682536668084,1.6403782661868604,2.3318467541722137,0.9158210093858222
2009-01-07,1.4774013993674113,3.431133791460491,1.5990906664235294,2.250679399160344,0.8883864592625144
2009-01-08,1.4683300427551682,3.463597845970978,1.5881066793533805,2.2572861615614377,0.8920117003030223
2009-01-09,1.4559050904174686,3.404632684049115,1.5778534872624042,2.2384840405076765,0.8729059605874173
2009-01-12,1.4123325296392824,3.1804329826031066,1.5242887786949542,2.127024955078113,0.8519376397870972
2009-01-13,1.4247873045793318,3.186589424993174,1.5367974007272704,2.1279665678104176,0.8535058890951306
2009-01-14,1.3889685672168408,3.0422729722278117,1.4954732427182227,2.046409230307056,0.8266588752098856
2009-01-15,1.3892691048403791,3.1510536620635032,1.495870557168282,2.0975900893002235,0.8269530532617536
2009-01-16,1.4231666202427988,3.218038849546404,1.5406499464754915,2.1445810483851258,0.8334197437591825
2009-01-20,1.4071711380457603,3.02586298931631,1.5172606608290602,2.059724897578076,0.789426571600509
2009-01-21,1.4141840379455353,3.1160587272864286,1.5302212657586927,2.077595000288831,0.8235235039091195
2009-01-22,1.403853647367849,3.09929102850711,1.5156701531862478,2.0587624135341445,0.8107861732933677
2009-01-23,1.4261408448680486,3.168098486146902,1.5437042503137846,2.091913703003119,0.8143139015603684
2009-01-26,1.4350531262453778,3.191707103750254,1.5518493593911173,2.1045651505820575,0.81989846783503
2009-01-27,1.4430442179605625,3.2288492264991513,1.5625104996774553,2.1258793797717037,0.8282273807259418
2009-01-28,1.4493453220973653,3.34469748837946,1.5712399088879647,2.1729682665720955,0.8562489034296621
2009-01-29,1.4390332233333056,3.2347976039969706,1.5597034580352382,2.1135100661262807,0.82842255999777
2009-01-30,1.429108726132561,3.2099081322106633,1.5536008361961842,2.105315453439544,0.8115703235681866
2009-02-02,1.4090390526824759,3.2018757342212476,1.529757503665358,2.091353072894631,0.8091202574870133
2009-02-03,1.4333097417789153,3.265141376377148,1.5565238257765333,2.133100503370472,0.8204862602811155
2009-02-04,1.4128850803595685,3.2899837204625637,1.5355086825534272,2.1324106143105714,0.8164694308984416
2009-02-05,1.4392458823458398,3.351772120462024,1.5648785088878092,2.1772120252736142,0.8286183029272485
2009-02-06,1.4557742370788984,3.427341188836121,1.5908468589359503,2.2039440151819942,0.8522320740469882
2009-02-09,1.4483984114554826,3.4210710762679235,1.5847798794469203,2.1860121922431333,0.853407710180764
2009-02-10,1.4328674765288145,3.2676199656071274,1.5700771252847872,2.1344357103692086,0.8143139015603684
2009-02-11,1.4468989421350746,3.2815665575146022,1.5814272910915501,2.1536080280513734,0.819114317560211
2009-02-12,1.4436362789308301,3.289284451410977,1.5769807425119178,2.1568947524480975,0.8197022637311103
2009-02-13,1.416810535235213,3.244218521364069,1.5515161682850196,2.1170142228054374,0.8108838910332932
2009-02-17,1.4209791800548477,3.027129901323871,1.5506272566480062,2.0593727532546287,0.7761992687618061
2009-02-18,1.4497343106208667,3.031099996468858,1.588670000223533,2.076577881665867,0.7743373538179505
2009-02-19,1.4346473516370917,2.9675669208721573,1.559273811127914,2.052878106364455,0.7660093632759208
2009-02-20,1.4339135448371219,2.9972488818317626,1.5613740427932044,2.0597931831957883,0.7585624721245671
2009-02-23,1.4016762919391026,2.7988407761496914,1.522033525381816,1.9772358927184184,0.7314223562611503
2009-02-24,1.409845450700262,2.999934803086237,1.536464501132028,2.069757209258776,0.7591507769866984
2009-02-25,1.4025045352338013,2.9612077275240862,1.531474697107391,2.0609622694747776,0.7531742636786388
2009-02-26,1.3676005800112454,2.8411122892216314,1.4864385735856611,1.9981842844218736,0.7409262903865831
2009-02-27,1.3638530018564894,2.8280117985326414,1.4855667113134041,1.9919677678295464,0.724367719592822
2009-03-02,1.3260633965131126,2.6717127114721775,1.4437680552055072,1.9171965831005717,0.6917402940202277
2009-03-03,1.3060033682851857,2.7149747907323616,1.4230616575305224,1.9197648086710486,0.6865471111213138
2009-03-04,1.3328993481192197,2.8765123237707355,1.4586589796205434,1.9872375423596664,0.7028121700040666
2009-03-05,1.3360446897303615,2.79882083995242,1.456597058670149,1.9790366910579507,0.6741041122822438
2009-03-06,1.3476868838521976,2.825797915054113,1.4727794354624542,1.998291524464175,0.6752796459328103
2009-03-09,1.322713846558138,2.788306485608584,1.4437384707216843,1.976031858420617,0.6673432437329467
2009-03-10,1.3521043123164267,2.9486056764471003,1.4661658453760245,2.0452265398482883,0.7071230749553993
2009-03-11,1.3524322705030327,2.9429866077025455,1.4764740374396965,2.0419199359256877,0.711728516649832
2009-03-12,1.3834064670239807,3.0107439268075615,1.5051767289774332,2.1109775964336293,0.7397505005279935
2009-03-13,1.3932641313047263,3.0116402809732077,1.5180552392258881,2.1258668480535605,0.7455311684233655
2009-03-16,1.393294953107581,2.9637946084289797,1.5134506415987534,2.10246818413755,0.7432778701037621
2009-03-17,1.4215264951809918,2.981930566215465,1.536106813216275,2.1345815135920754,0.7660093632759208
2009-03-18,1.4221606263995683,2.99732417379794,1.5202890720936388,2.1241145273577895,0.7831558802405814
2009-03-19,1.4547635939935921,3.021190748452958,1.576542568293222,2.1471562873538708,0.7734558957360426
2009-03-20,1.4600452556193813,2.9068512586361406,1.5854121907112624,2.119920432808157,0.7569856654685697
2009-03-23,1.5036101229934857,3.1579132227934337,1.6309977703000775,2.2417269164539397,0.8113593618821493
2009-03-24,1.4686375291264466,3.174749836899714,1.5914303112199975,2.208990002375761,0.7953728011202645
2009-03-25,1.4809328303665135,3.206982825287369,1.6028791103060256,2.2230050427078827,0.8037604881316245
2009-03-26,1.5068122624152702,3.3535417808518697,1.6318557437668497,2.2790098972866946,0.8201420191815773
2009-03-27,1.4799371009044853,3.2795862198922463,1.5996251964830004,2.242834405611974,0.80533995935106
2009-03-30,1.451407842326782,3.114460139498172,1.5682886221225603,2.1738590880660102,0.7775118737046122
2009-03-31,1.4675758861287451,3.175986618943541,1.5824871618167922,2.2012742969996215,0.7847150085430004
2009-04-01,1.4849218133492992,3.2389288557269666,1.600070073545957,2.237068418999583,0.7999126535608406
2009-04-02,1.485241214088032,3.425806936617095,1.603612350774186,2.294381125894483,0.8232995780971246
2009-04-03,1.466831146315137,3.5088969657785785,1.5831976897849027,2.3042113824518804,0.8314905998301239
2009-04-06,1.44429665349774,3.4316495408529355,1.5514130143383296,2.2673885869665042,0.8249773307141358
2009-04-07,1.4250712139390587,3.2600864537373653,1.5343258862159481,2.1949929367451326,0.805734314739873
2009-04-08,1.441739595964165,3.3108584464195165,1.5535998400995865,2.214790089833018,0.8144183831920978
2009-04-09,1.438097726043315,3.467104261662393,1.5501185314775023,2.2624718393256606,0.8467855526550531
2009-04-13,1.4571780618106123,3.4659813599957814,1.5774950917645274,2.262078561568977,0.8469833452487144
2009-04-14,1.4444228182549,3.4058508865082975,1.5654334197184423,2.240161596764967,0.8323786680790219
2009-04-15,1.4553354055711356,3.4408341878736497,1.5754098834110206,2.253282723166191,0.8412598629840486
2009-04-16,1.4494607652211646,3.5631136208809653,1.559883692743532,2.2977915906203403,0.8535949470038828
2009-04-17,1.439777469746094,3.5647337212382406,1.5405708397749023,2.2825082730445985,0.8593184805101531
2009-04-20,1.4212022992381104,3.3733259931117754,1.5260778958862167,2.2202862187150423,0.8232995780971246
2009-04-21,1.4369522788698863,3.448196561325948,1.5427991186329835,2.2480425169478857,0.8393849839142355
2009-04-22,1.4356860766767687,3.5166613838677914,1.547342514869834,2.269501550617515,0.8342537008736488
2009-04-23,1.4689752560329405,3.4980811719297074,1.5901680661094526,2.286238754590201,0.8424439539825795
2009-04-24,1.485545657187523,3.5953965276002227,1.6091603047983647,2.319287080604909,0.8551737520824588
2009-04-27,1.487688543644895,3.5681242051090383,1.6124349303498724,2.3138086679449623,0.8470822415455452
2009-04-28,1.4811738537293142,3.571805706231402,1.599800932686357,2.2943508258997354,0.8444178318324326
2009-04-29,1.520511748740271,3.7260414596591653,1.6503046882914003,2.3554784119800307,0.862377962994543
2009-04-30,1.5099000148912778,3.7363828716622662,1.6339059038864119,2.3495480236578663,0.8626740369857803
2009-05-01,1.5318638581872968,3.7720085371601684,1.6639322061437143,2.364468510663539,0.8673119146159094
2009-05-04,1.5604281697863662,3.913795121786744,1.7055526475690859,2.4299371367442357,0.89681754791295
2009-05-05,1.5663940647121275,3.9242468600419507,1.7180825729598963,2.443348764256407,0.893758219153374
2009-05-06,1.5704820661103045,3.93679083001175,1.7312779195340655,2.4417047241321743,0.9092514257464057
2009-05-07,1.5854497607985678,3.821727952935087,1.7496271398713934,2.4251678087803232,0.8966202677353342
2009-05-08,1.595527783344152,3.828534381980083,1.7591793329678977,2.4130020877606353,0.917540575152167
2009-05-11,1.5902573130955047,3.7619623961393276,1.752895668952457,2.3908384856243603,0.9003699233917515
2009-05-12,1.6117447321096379,3.727539087611385,1.779214054410712,2.395347977509427,0.8977055649202436
2009-05-13,1.5861026397275557,3.555261033840917,1.7457869005292952,2.357141713182672,0.8751077098528177
2009-05-14,1.5862106111171295,3.632885433700807,1.7474971762363267,2.3727151629233996,0.882607533581698
2009-05-15,1.5652261154831155,3.641479305869017,1.725354667459854,2.364202063221479,0.8754034763944275
2009-05-18,1.5940229752424242,3.826322673391835,1.7568940567735813,2.421003395354681,0.9002714370277574
2009-05-19,1.5921641483287163,3.884978647838323,1.7596562848521162,2.432359496621494,0.899186037359639
2009-05-20,1.6052574938914492,3.874988661462736,1.7754675334058543,2.4303076071562058,0.8931661736541086
2009-05-21,1.6035929148014023,3.7564165898639628,1.7730387278347182,2.4128526173914695,0.8803373255325848
2009-05-22,1.6097904401145962,3.7738118441320965,1.7834917013282865,2.4196813968192687,0.8784629076372128
2009-05-26,1.6164057190884256,3.9267985172841677,1.7888189786995516,2.4701466817494167,0.9009625837902718
2009-05-27,1.5969754825815126,3.878331697431943,1.7741810490433763,2.4264340350376963,0.8848774341811838
2009-05-28,1.6189859328140168,3.8884990909551753,1.8032299231905697,2.428113236942674,0.8972121082681813
2009-05-29,1.6491038320998903,3.9464674802627018,1.8397269158331124,2.4625627866776987,0.9131000801828628
2009-06-01,1.6721366468869785,4.153779072507448,1.8684812732547509,2.534676621976193,0.9352045810814356
2009-06-02,1.6724434717323287,4.1159687228035375,1.8706149621098176,2.5241183858372955,0.9359943166911533
2009-06-03,1.6409883958497402,3.956574898899375,1.8286635666425415,2.472662820161448,0.9241522793905447
2009-06-04,1.6567140605149553,4.068122668311535,1.8533835721380107,2.5084274613151574,0.9328358866683283
2009-06-05,1.6469557478423549,4.03984832648436,1.8343518373506706,2.4970725236322635,0.9330336792619898
2009-06-08,1.6273331904595196,4.0104782463195585,1.807101748527083,2.471880098320037,0.9291851273087418
2009-06-09,1.6356485147199458,4.10825921594808,1.8210810611220183,2.511795969206153,0.9339220037189107
2009-06-10,1.632697846661605,4.1008918294339685,1.8206963541150754,2.5131951250647266,0.9315533093058034
2009-06-11,1.6421094492664132,4.081079180995617,1.8362053718367555,2.5082307948756384,0.9356981402167069
2009-06-12,1.6201847384242116,4.033643027960875,1.8017938709968018,2.4824255934762998,0.9382639098410116
2009-06-15,1.5658495417240412,3.9162902380975364,1.7310212276887744,2.409702500714157,0.916751249475286
2009-06-16,1.5635961397674354,3.8688469487232147,1.7300573224576103,2.387918129883877,0.9043173716418302
2009-06-17,1.5698618156479287,3.869584037253734,1.7376519929324812,2.402500351656756,0.9034290471849092
2009-06-18,1.571049647798237,3.876876183941722,1.7369027580956258,2.405278478211432,0.9100410588729143
2009-06-19,1.5739713780120026,3.91002353641699,1.7412942121954054,2.411466811850345,0.9133949243755903
2009-06-22,1.5363830447993556,3.7344292080893244,1.6899608245375766,2.3415302346266857,0.8860050569314724
2009-06-23,1.5541424543143496,3.7795470482949516,1.7138177550537146,2.3602808014018644,0.8866997906063071
2009-06-24,1.5624921822690165,3.853296901737624,1.7224543097161302,2.39046635518862,0.8943413486134432
2009-06-25,1.6026770375825696,3.940565129828652,1.7643785678479342,2.4485375512446215,0.9137919443278414
2009-06-26,1.6038036599072676,3.974326997210555,1.7695780819254359,2.4548195010876017,0.911410337030381
2009-06-29,1.6007251026462084,3.9752954195594015,1.7629180254950376,2.4496840043005514,0.9199452411716864
2009-06-30,1.5799636320123243,3.929974101787655,1.73517692183973,2.4271847009799368,0.9125019881742576
2009-07-01,1.5932580302117405,3.965776558290961,1.7508716451713253,2.4491508992451294,0.9162732677878056
2009-07-02,1.5668433184678563,3.8398877988215654,1.7192453363118763,2.380354258182815,0.8912653150907756
2009-07-06,1.5417461996717023,3.807590153617604,1.6887505651923924,2.358206607335776,0.8911657014114808
2009-07-07,1.5410260137488665,3.701756227440892,1.6863855190477155,2.3178005671256763,0.87389789556879
2009-07-08,1.5260121678214407,3.6330523929473024,1.663305375133982,2.2929619678546054,0.8733027755732501
2009-07-09,1.5258099059488566,3.705497653948342,1.6658911369023355,2.311058274500573,0.8749897516790849
2009-07-10,1.5210921318731114,3.680064608471168,1.6551894764756847,2.2990257732903143,0.8729055506545808
2009-07-13,1.5299167719938949,3.763258070179842,1.6676738830216595,2.3231095535236634,0.894142326221272
2009-07-14,1.5377517352719678,3.7908763155692027,1.6777985672998141,2.33575351022311,0.8992037669548222
2009-07-15,1.5691344853967055,3.938102363871531,1.7163362897775647,2.4020345893092174,0.9255027006375276
2009-07-16,1.5738543595644923,4.013395594498598,1.7225755265432399,2.434577378851236,0.9240135171253542
2009-07-17,1.5699912645697869,4.024499608906263,1.7221368332418896,2.440069092752176,0.9341361936260363
2009-07-20,1.5965838305457194,4.077070079758684,1.7545346883519177,2.462073495518247,0.9440598477345472
2009-07-21,1.6017435143458432,4.09003395939107,1.7556367414979834,2.4751698907011104,0.9484263498268445
2009-07-22,1.600649814300163,4.137467605892576,1.7592616247422153,2.4913012777364725,0.9482274299178823
2009-07-23,1.614172032601643,4.24892665272644,1.7757895294294817,2.5356516095712416,0.9691674141108721
2009-07-24,1.6165634536201308,4.267033298563845,1.779796636008485,2.5502658718901356,0.9731366912845
2009-07-27,1.6252787978006769,4.291918332107678,1.7908759653615358,2.5706202821532633,0.9760150346967152
2009-07-28,1.614854798303154,4.243951908230714,1.7763187281877768,2.544859952905373,0.97145033007792
2009-07-29,1.5981480079173747,4.171790052360994,1.74815500157644,2.5138873536926933,0.9690683128476231
2009-07-30,1.6161861789649992,4.291959062902521,1.7706552688364703,2.5664154656316613,0.9791904769322595
2009-07-31,1.631835014748262,4.334908034688454,1.7962491012546282,2.5824223490868787,0.9805795343490922
2009-08-03,1.653427060374578,4.432424086036261,1.8269545033955632,2.6206826407184924,0.9967557915311156
2009-08-04,1.655367676369763,4.456411664647153,1.8372199158486435,2.641439902492115,0.9993360112879105
2009-08-05,1.6455321828465106,4.455719390527032,1.830196150661426,2.6206781210345906,0.9964577703589045
2009-08-06,1.635649657771698,4.419079107232162,1.8184959384711645,2.605391237381788,0.9912976382949419
2009-08-07,1.641932222358286,4.4809406183720615,1.8213172676797444,2.643735624026419,1.0042979408253754
2009-08-10,1.6191315971263007,4.483776802142395,1.7958293482462035,2.6000081556808583,1.0022139447672893
2009-08-11,1.60836287562386,4.45318055917797,1.783214531475196,2.582432153228333,0.9897101733851926
2009-08-12,1.6182344766113008,4.51603834444821,1.7936209366416158,2.6168775147611427,1.00032835620212
2009-08-13,1.654087848356811,4.54662685448426,1.840991641820274,2.6372971002720678,1.007969914209256
2009-08-14,1.6460749325650519,4.457992786278665,1.825325080868037,2.599578110462326,1.0002287425228251
2009-08-17,1.6232623829407378,4.322626229711673,1.7879073734071267,2.544978530453328,0.9756179122612552
2009-08-18,1.6366467811070773,4.4008341078010975,1.792641962092442,2.574379588872067,0.983358366565222
2009-08-19,1.6532094478833599,4.403290758377692,1.7981600199358014,2.58107542119247,0.9919923719697765
2009-08-20,1.6550768278367634,4.490311021802575,1.8032783124851388,2.601052431872973,1.0022139447672893
2009-08-21,1.6667860051733472,4.5477061835935295,1.8202164785083912,2.6293113196552222,1.021863767840277
2009-08-24,1.6624706600452182,4.543152540470892,1.821298472670687,2.6302958237942176,1.0217638467113548
2009-08-25,1.6684997094066782,4.582064189896332,1.8242903460836115,2.644496630599962,1.0237492539222375
2009-08-26,1.6619799753081839,4.571482028490505,1.8153932090641975,2.652330597274073,1.023848150219068
2009-08-27,1.6633409070331977,4.614549813483839,1.8174992620597503,2.675939340268001,1.026130451286861
2009-08-28,1.6702742604010292,4.689100670227501,1.8357671833491302,2.689157453332496,1.025932146277154
2009-08-31,1.6519818485202835,4.629389525156228,1.8152763272322083,2.671578227826474,1.0168018146906812
2009-09-01,1.640725492069962,4.509698022521337,1.8023753618933458,2.6272278636831476,0.9943743892000735
2009-09-02,1.6477709631837942,4.508135678743734,1.8077121649948629,2.6376367928404787,0.990602802136898
2009-09-03,1.6680234897518884,4.632284834776414,1.850075173499141,2.687818860915787,0.9988397875892013
2009-09-04,1.6775210496224982,4.747753520949359,1.85861263947527,2.725937162865011,1.0128322300674257
2009-09-08,1.6874652455534098,4.853255748922557,1.8812408132048786,2.748155960049845,1.0215657466680659
2009-09-09,1.6750113637890707,4.928425534496079,1.8700566380539012,2.7601256960485117,1.0294055072017
2009-09-10,1.6782876568565093,4.993801047773387,1.8830238013321274,2.7720841605818136,1.039924998688215
2009-09-11,1.6750308221866004,4.977316006051391,1.8784413586195885,2.7756463695813656,1.0397263862288804
2009-09-14,1.6725643103641163,4.984565141323107,1.8792351964253797,2.7717869689505537,1.0447875195128031
2009-09-15,1.6847401209014405,5.018175894100149,1.896415895255391,2.771429401272504,1.0491537141554728
2009-09-16,1.7084417699399141,5.082371296120096,1.926610566782063,2.8006514246365835,1.065031950165285
2009-09-17,1.6915302444289055,5.0778425531316875,1.9180092589155837,2.788108673280113,1.0634444852555358
2009-09-18,1.6835890525028312,5.066343826074985,1.9108629413518325,2.777130264452375,1.0641223092008605
2009-09-21,1.6855197693933912,4.996725525062448,1.903635563111007,2.764150106984945,1.061430382746091
2009-09-22,1.7026486271621988,4.999579862608839,1.9188850002090585,2.7728586705089353,1.0676125798549168
2009-09-23,1.6910004781687862,4.9446634075547475,1.8988060268756022,2.7504588219512964,1.058738353808112
2009-09-24,1.6715428702136848,4.844328651579264,1.8628775163605809,2.7184024464477963,1.0470713578287332
2009-09-25,1.655963400462461,4.780158553201765,1.8467098259496308,2.6848823605499,1.0414879701109772
2009-09-28,1.666767020043303,4.859621489763191,1.8532409117506026,2.7236151638951496,1.060134277599958
2009-09-29,1.6599120657507018,4.865189755459821,1.8516071440649937,2.719938874349629,1.0569430529502049
2009-09-30,1.6678447718006382,4.8326056730202005,1.8673550140766477,2.7202420626963204,1.0528548952539616
2009-10-01,1.6382812620702956,4.655554523048337,1.8356721513086833,2.660635779808229,1.0267305929596493
2009-10-02,1.6336645397748764,4.5866287721936345,1.8284498131046643,2.6476989042532035,1.0219441146762516
2009-10-05,1.6539953449341986,4.705601659903062,1.854093241446397,2.685707312547278,1.0372004825729353
2009-10-06,1.6831418222129504,4.802458135289729,1.8987343311932992,2.7387027299097593,1.0520573709203485
2009-10-07,1.6864977530015375,4.827773837677254,1.9107585101388385,2.7471730092226467,1.0549491396329627
2009-10-08,1.7052801388104695,4.912227107135282,1.9410967780907642,2.7811156288980263,1.0630256363797357
2009-10-09,1.7100122740864123,4.92239060399247,1.9427993075766752,2.788228794039825,1.0695072894257007
2009-10-12,1.7149267381198308,4.929179435494835,1.947837738680475,2.798114728119578,1.073694753351611
2009-10-13,1.7214730645081238,4.9253193264944795,1.9529891015897254,2.797016773909468,1.0715008952933152
2009-10-14,1.7304680067402554,5.049045026994626,1.9598272584429808,2.8400709337765875,1.0899472580412426
2009-10-15,1.7348291135465075,5.051072618681292,1.9552606177759408,2.845111055924376,1.0939362119910274
2009-10-16,1.7281472192233123,4.987332947350829,1.9570993138928376,2.8401726849779094,1.0857599990817504
2009-10-19,1.7445190836075608,5.079636917494639,1.98016907405906,2.8958418375112456,1.0947339412910588
2009-10-20,1.755875131414779,5.016656123549845,1.9937366414559605,2.88624893551895,1.088950608832249
2009-10-21,1.7380938488343187,4.964848116428113,1.9795354040816533,2.8388652994270838,1.079178937322909
2009-10-22,1.734620505926927,5.076303157118889,1.974656492909518,2.8717122327203106,1.090147100299087
2009-10-23,1.7244420329649597,4.94350475805549,1.9665748260722027,2.830765951270537,1.0776830924021408
2009-10-26,1.7041009213828897,4.874761514116189,1.9369873938512872,2.7974423939079522,1.0660169162884354
2009-10-27,1.6908931329347545,4.794818978594873,1.916792451385169,2.778219735986713,1.06113113177537
2009-10-28,1.6653894211815945,4.612307546726513,1.8834038837263738,2.725247166806449,1.0410895153937978
2009-10-29,1.6875530560873524,4.80039773040275,1.9144612425557745,2.7873709782881306,1.0634243985465421
2009-10-30,1.6665567677041928,4.641993019816234,1.8808619094946053,2.7225105329363086,1.032613334131336
2009-11-02,1.6787529545877795,4.6967628436845885,1.8980051696615887,2.7561595535839105,1.0401915575152167
2009-11-03,1.6914700438968646,4.751950967160269,1.928301742817769,2.778608724953908,1.0434820883946374
2009-11-04,1.705757790076656,4.748139820666767,1.9440408141011294,2.797207461952218,1.0461741173326162
2009-11-05,1.7297798693773176,4.847703867231043,1.9675217150813429,2.820297463370926,1.065418311863784
2009-11-06,1.7324956987218378,4.803049339537004,1.9691286178840006,2.811164724280506,1.0682104668971035
2009-11-09,1.760486974277556,4.92263042846358,2.000243449762435,2.8584337713600316,1.0925405956488088
2009-11-10,1.7617745302632566,4.894555313902702,1.9987387081619212,2.8556402068858446,1.0927396180409803
2009-11-11,1.7718306196861129,4.958331652259088,2.014314270051972,2.8813730681802623,1.0983232107251548
2009-11-12,1.7671025636189137,4.89223643958771,2.0020085208294702,2.8622996449489495,1.08715551294076
2009-11-13,1.7775606828837562,4.926340830568867,2.01485768255341,2.8736921702583067,1.093038766528492
2009-11-16,1.8075977677841888,5.037990767374962,2.0576077861013613,2.920091043949815,1.108893021467363
2009-11-17,1.809784393346828,5.060489831757993,2.05764726095183,2.929283559116128,1.1101890241302865
2009-11-18,1.8202296903876136,5.057201943465504,2.072221281906723,2.9350855141473167,1.1094912159591772
2009-11-19,1.8182771557331294,4.922912222264653,2.0771777829205256,2.8972437474548274,1.0950333972281983
2009-11-20,1.8174153120864402,4.88305754536279,2.0735015667557817,2.893855221009806,1.0911442619241263
2009-11-23,1.8295611598801569,4.960667551438676,2.090329484514401,2.9239502897433485,1.1050043985793367
2009-11-24,1.8328323060462706,4.930293801741433,2.08770139350843,2.9183356611689564,1.1066990609258578
2009-11-25,1.8521790632938098,4.989998685407351,2.1096724540055116,2.945268210960557,1.1105877862970932
2009-11-27,1.8312993135167976,4.883706065066438,2.0709684544338347,2.900183957784075,1.0925405956488088
2009-11-30,1.8351753424523305,4.865244360404027,2.078661824913649,2.8934977523373746,1.0962291713125722
2009-12-01,1.8625450302206605,4.985428468602403,2.1215043585135094,2.947872482871771,1.1097902619634799
2009-12-02,1.8769637405454114,5.049078069516953,2.1470293734138575,2.9685550924354454,1.109292193567006
2009-12-03,1.8818080350012376,4.992586966718082,2.1456454741120896,2.9552672665100603,1.1006167849459545
2009-12-04,1.8580743773077883,5.014994291931828,2.1087753250742334,2.9347161640489317,1.1068988007004932
2009-12-07,1.8622821494159545,5.0364770512068695,2.109297900914806,2.945168309645865,1.105203420971508
2009-12-08,1.8242941450584416,4.968399618308848,2.054535110719927,2.8963809083594865,1.0929390503659882
2009-12-09,1.8140484084948894,5.054135729370752,2.037831065774628,2.9060778156789655,1.0970274130286493
2009-12-10,1.8116783482355583,5.074801133022753,2.041299333432097,2.907416331852857,1.1032094051710568
2009-12-11,1.806017409006775,5.096177069239057,2.0373824753802627,2.904866986718212,1.1078955523926959
2009-12-14,1.8221238235225228,5.206679875755308,2.0590389369787574,2.9441672368684864,1.115473980742995
2009-12-15,1.8207132347955803,5.190764007571237,2.0602479457658247,2.9419463013154967,1.1102889452592086
2009-12-16,1.8247460260017465,5.260234875147774,2.0624604925290213,2.971110870532653,1.111984324988194
2009-12-17,1.789411115230139,5.201355602189852,2.025700785848111,2.9298854485702113,1.098622564179085
2009-12-18,1.7954141805921147,5.225120588589459,2.0321314267250528,2.9467487976070648,1.104838170814094
2009-12-21,1.8015565021314621,5.2859503870842195,2.0377854614162607,2.960683258762932,1.1160660262422606
2009-12-22,1.8024288362450371,5.305361587913416,2.039525305729568,2.963672238793864,1.1200757842835032
2009-12-23,1.8132352654311978,5.389650369446294,2.057107509760728,2.9989703793898728,1.1222812229444328
2009-12-24,1.8237058679402172,5.423177494062728,2.0718867681241298,3.0112508866390297,1.127594464922867
2009-12-28,1.836059488878449,5.431903567450392,2.079270793884911,3.0235458527434615,1.1300004632241054
2009-12-29,1.8286898772240243,5.397759349547421,2.0622532358451338,3.009720905032422,1.1283962935512646
2009-12-30,1.8274632150970849,5.407945215207615,2.0528421896011686,3.013454297249418,1.1279953792370658
2009-12-31,1.8246817822763874,5.358547379028482,2.0427110462894924,2.985410550133947,1.1171687455727255
2010-01-04,1.8602478125212802,5.4328334742904865,2.0872165053107685,3.029950623965323,1.136115431347728
2010-01-05,1.8504545772474685,5.470022933818925,2.0796308731277193,3.0355297714436196,1.1391229036034738
2010-01-06,1.8633754254705897,5.542665855458406,2.095663151688775,3.07679734144625,1.1399249371982896
2010-01-07,1.854227021431439,5.550317631757486,2.087456197850597,3.073426715628302,1.144736933800766
2010-01-08,1.855439607690632,5.6163029351057565,2.0892075857894747,3.1069329401861245,1.1485461322017
2010-01-11,1.8727552629951074,5.601791552681735,2.1074016462611698,3.1250654299832172,1.1501507118073775
2010-01-12,1.8537239299576318,5.465404110093134,2.0825969889615683,3.0705505762959167,1.1394238967887502
2010-01-13,1.8585328378577524,5.475540590697677,2.0984876321578283,3.080773643866733,1.1490476850272853
2010-01-14,1.8581216703955266,5.408313440906327,2.0990135645799866,3.0558681348010026,1.1521553858615805
2010-01-15,1.8386576065043938,5.357145947469055,2.075200405633429,3.02715126348273,1.1392231321820232
2010-01-19,1.862110732719488,5.47463803084638,2.1123392748083973,3.0846448936094406,1.1534582548995174
2010-01-20,1.8371523804080223,5.383209752012463,2.067372293967677,3.0403451643434987,1.1417293590618112
2010-01-21,1.8046860132012854,5.294212905040285,2.0227012667941473,2.9817389420727065,1.119775098547854
2010-01-22,1.7778725405714704,5.175967939716143,1.9866446678981224,2.9294099635765702,1.0948130583285234
2010-01-25,1.7869612783634785,5.199791200872894,1.9997092028288659,2.9354280734798546,1.100427191009025
2010-01-26,1.7959152305478814,5.171947079133507,2.0012135730092924,2.9346056385966657,1.0958156515636477
2010-01-27,1.781798098948893,5.209496177577688,1.982673865335918,2.935928993696826,1.1010287674467414
2010-01-28,1.7705016362688033,5.096330307717288,1.9626939374860954,2.886142182151157,1.0883971995028334
2010-01-29,1.7586143491666928,4.963750046150748,1.9485796764709762,2.8465647726759484,1.0765678701201595
2010-02-01,1.7772153891960492,5.129041468379934,1.9778302893569184,2.9255532744388115,1.0933093222006507
2010-02-02,1.7951942437051538,5.2154226464197615,1.9959734350763705,2.977814554164942,1.1065421591326476
2010-02-03,1.7847072565330098,5.225230160648712,1.973831788998451,2.9845652093597437,1.1010287674467414
2010-02-04,1.7249959179619612,5.004790053310668,1.8960373131333645,2.868254578582372,1.067044207976965
2010-02-05,1.721965496219692,5.046626005246484,1.886696230441492,2.8743004399448333,1.0692500565707315
2010-02-08,1.721808775628256,5.016192873217967,1.8886080013423705,2.874884071448456,1.0615308162910588
2010-02-09,1.7453930716979207,5.116984893891422,1.926937914832101,2.927467543398021,1.0748636768351874
2010-02-10,1.736107525695368,5.119233058780513,1.9171777201103681,2.9229813683893,1.0727586717192257
2010-02-11,1.756310036067416,5.270501654639675,1.943365935745354,2.9858210400728935,1.083986424664183
2010-02-12,1.7493439226992828,5.307555492194167,1.9290571918831634,2.987405696296882,1.08308385504119
2010-02-16,1.7789073767281525,5.4147841204557485,1.971427286452257,3.0501909258826094,1.1001263003069577
2010-02-17,1.7864958183333197,5.4187692612076255,1.9804115042063568,3.061506681637725,1.1053390062572148
2010-02-18,1.7854723593968367,5.467724903313512,1.9809096332581466,3.071431142163568,1.1118557085607093
2010-02-19,1.791595387315279,5.500626533683588,1.9951565853847586,3.0760691825214312,1.1141611708337706
2010-02-22,1.789930162734006,5.46969524222597,1.9935437093774255,3.071994767621615,1.1143617304740792
2010-02-23,1.7680972190440567,5.331188604580651,1.9591399745077966,3.0187059555891986,1.1008284127728514
2010-02-24,1.7731584649053107,5.350776918473601,1.962350703999193,3.0256519823653,1.1109537538369714
2010-02-25,1.7833988520039081,5.387518245902408,1.9679781308562383,3.044501555041017,1.109449607776262
2010-02-26,1.78926259970351,5.423950291284082,1.9776815607880047,3.0618535038262378,1.1101514127925283
2010-03-01,1.7917743949792402,5.572842156994731,1.9798149807435068,3.1101956983060752,1.1216797489899255
2010-03-02,1.8083095639023306,5.584006984720675,2.0002279750784058,3.125414447719382,1.1247878597570575
2010-03-03,1.8082705893216484,5.555531423238007,1.998454331193699,3.1194722504055243,1.1257897356097177
2010-03-04,1.8086476309767487,5.57456494358216,1.9955443996710833,3.1267191717110903,1.129198737078917
2010-03-05,1.8236866840440193,5.6511137003881275,2.0130031664706984,3.1511460045076687,1.1453383052720643
2010-03-08,1.8161508628987821,5.653733572296759,2.0056578799694638,3.143743831526138,1.1455387624291637
2010-03-09,1.8171594172400118,5.656922801701353,2.007777561552207,3.1478165347032037,1.1474438228040718
2010-03-10,1.8186803178944682,5.676424185899363,2.0035241506820083,3.1542804677948975,1.1525564026589883
2010-03-11,1.8298961452816023,5.6475504423142855,2.017399200165326,3.1434608685556187,1.157368296778256
2010-03-12,1.8254617889178566,5.6092455914190085,2.0147254556257597,3.1332149044675015,1.1574683203903873
2010-03-15,1.8332024677803822,5.5765589569681,2.0235482082858374,3.1438015332695697,1.1577691086092454
2010-03-16,1.851295498096703,5.6386273968411045,2.0454395460867274,3.1823708776273767,1.166991470117536
2010-03-17,1.86200873007954,5.631784298752704,2.0585763785566904,3.180344175269166,1.1739090867352293
2010-03-18,1.8612473696332683,5.562002948746569,2.0510229664295223,3.1578150471776896,1.173307612780722
2010-03-19,1.8414010179781108,5.508622884850796,2.021347679791178,3.1140119675214186,1.167368710810421
2010-03-22,1.840860750666394,5.552083023199921,2.0216288336669903,3.1433825703862155,1.1736094258316718
2010-03-23,1.849843272067257,5.610929859102899,2.029243530102531,3.175267226016022,1.1818642433623676
2010-03-24,1.8225993570252532,5.560205257123704,1.9984190248100786,3.1418742105351463,1.176126003515584
2010-03-25,1.8198393923222926,5.514170533132186,1.9943601191544886,3.1383015372746326,1.174213564349617
2010-03-26,1.8233847064957944,5.5554640648678735,1.9977965553160013,3.1500533030480007,1.1735092997363312
2010-03-29,1.839751966094013,5.61513264415944,2.0235664808317724,3.1754754484718024,1.1809577793774269
2010-03-30,1.8451674604216353,5.623939640979821,2.0275930423394564,3.1708227706934617,1.1817630924349356
2010-03-31,1.8533037715743979,5.591053576548609,2.0361967559195095,3.166875772737243,1.1777368345970196
2010-04-01,1.8528140698004825,5.646028114185957,2.0366690568574746,3.18132930487026,1.1857899651721062
2010-04-05,1.8622517204561577,5.727803312419262,2.054966091284647,3.2248573041902566,1.1954532094461643
2010-04-06,1.866639263797624,5.731098309028367,2.0508224227885803,3.226084141197053,1.1982719076306538
2010-04-07,1.871477348302213,5.694433115202143,2.0602081721938594,3.2166562240779126,1.191426644158621
2010-04-08,1.868001731573426,5.689442181308337,2.060415522850744,3.212543506500128,1.195554155407178
2010-04-09,1.8773714008090483,5.734454152921986,2.077353347140477,3.2305443313852966,1.2034054965434464
2010-04-12,1.8734117351876647,5.757840218776844,2.07295460359398,3.2273173820891548,1.2053181406758318
2010-04-13,1.8704486087250654,5.745127518976185,2.065635866758515,3.219185833383249,1.2062239897615175
2010-04-14,1.884412075586516,5.824827343848248,2.0642650404141514,3.24902279857859,1.2199141067727464
2010-04-15,1.8843181861552736,5.832787700041047,2.0568358396317854,3.242325882169995,1.2209206968530275
2010-04-16,1.862006199238229,5.692299067161996,2.0208835381084134,3.183499062424879,1.2014931598606884
2010-04-19,1.863647610597304,5.658454518206029,2.0227165979108195,3.1644179835936876,1.2060225077723266
2010-04-20,1.8724133748275829,5.6785801469418065,2.028307122591422,3.175753975434861,1.2167930831212614
2010-04-21,1.8654399743872039,5.667707024836502,2.0299388294086653,3.1546753739664295,1.2145792408371814
2010-04-22,1.8497947925566474,5.723105600753816,2.014821629576663,3.158330473515945,1.2182026371799244
2010-04-23,1.8547982988684812,5.783387942261408,2.020554858115796,3.1651483049599536,1.2261550267604155
2010-04-26,1.8539525974851203,5.825783855770883,2.018309567256941,3.174046706543794,1.2215247328877636
2010-04-27,1.840110113719055,5.714619047663998,2.005965152777372,3.135870083633291,1.1926347162280933
2010-04-28,1.8385199106938488,5.753022160668648,2.000865274832518,3.153470044852456,1.2016940269506244
2010-04-29,1.8457734429005728,5.885234704643055,2.009729753697659,3.193184256713543,1.216592011064907
2010-04-30,1.8396465780499602,5.746704171332606,2.0126433468487277,3.1391715500477706,1.1959562995198867
2010-05-03,1.85199310598673,5.788850234517511,2.0212049723328516,3.141749565464314,1.2114586271185328
2010-05-04,1.8262728586898993,5.581037315802937,1.991434680068024,3.0710217484029627,1.1829710620211984
2010-05-05,1.8281404228790366,5.5299413241132545,1.9925586759935838,3.072189055915496,1.1759246240096022
2010-05-06,1.808691576061587,5.35105685821246,1.9664950442879352,2.998025297053637,1.1368686829349879
2010-05-07,1.8169005247967105,5.238021071301459,1.9875091070736535,2.9711342659497726,1.1199574161769337
2010-05-10,1.8436258766932532,5.510366341257197,2.0092428801567066,3.0795027392581997,1.1692813549428063
2010-05-11,1.858689970761889,5.351676570045611,2.0374534794488746,3.0182377783471064,1.165959361718176
2010-05-12,1.8792925100481739,5.497224647723441,2.066025920928634,3.0657138096876313,1.1822667974079126
2010-05-13,1.866401117980112,5.474325630605104,2.0562264510410224,3.044209273675799,1.1675699878331933
2010-05-14,1.8506064503256636,5.299589279231042,2.0354002673632148,2.9697819071154647,1.1464310837312415
2010-05-17,1.8550522795115607,5.239620168775289,2.0285636767110957,2.951510586171165,1.1470353247323959
2010-05-18,1.8480365084333858,5.143142732220439,2.030305810560544,2.91599098547899,1.1314323586223634
2010-05-19,1.8271943373766932,5.104788367169457,1.9965439626257067,2.8909580369453125,1.1249902640951308
2010-05-20,1.797674388301541,4.870996102159682,1.9507300571102861,2.795952284826846,1.0825112813516635
2010-05-21,1.7910211611765579,4.967480356812132,1.9477954643450675,2.8134933453875983,1.0983151145516319
2010-05-24,1.7906636518255008,4.910439305728535,1.9451242370370077,2.800041373537252,1.084222545978067
2010-05-25,1.7836783349871566,4.909808056355296,1.9359055867254413,2.789412156265,1.085330082019362
2010-05-26,1.7932953882715637,4.9085814572639785,1.9521934092801776,2.780263264083497,1.0787869390479066
2010-05-27,1.8258202531534529,5.131867963187859,1.997264109248535,2.8575399777681176,1.1149241583259
2010-05-28,1.8152329934023972,5.029061392363976,1.9822312173369527,2.8248146106526906,1.1009325357133486
2010-06-01,1.8095638833992616,4.850435318912179,1.9676719363040087,2.770882305974526,1.0824107453234864
2010-06-02,1.834098318446133,5.022678119955862,1.9981837074246191,2.8321031857541334,1.1105957799874069
2010-06-03,1.8334391273129307,5.105104123182221,1.9969821336235358,2.854644772468182,1.1144212732185959
2010-06-04,1.7956640796363503,4.8727225868064155,1.9419018697384927,2.7649582018098364,1.075263873766922
2010-06-07,1.8117309402795674,4.737174258360467,1.960442320883409,2.74789803834402,1.0618756722898521
2010-06-08,1.8246838845900546,4.765999157818801,1.9785445651541773,2.749663439457113,1.0732502836735232
2010-06-09,1.8142925501710518,4.785684875580423,1.9648228871277738,2.7405294837503122,1.0675128636924127
2010-06-10,1.8320039709768583,4.974192732628408,1.9926990589592757,2.7942775679716343,1.0987174636307588
2010-06-11,1.8371983030443335,5.036513617694223,1.9959760665531072,2.8084456781985536,1.1040528419823696
2010-06-14,1.8358812970386593,5.054132715844183,1.9961282790039203,2.815284534035237,1.102341577355966
2010-06-15,1.86417188899311,5.230701748785374,2.031638954843406,2.8823408600950526,1.127406408234075
2010-06-16,1.8608383269003652,5.177087078236533,2.0302703423942834,2.852714684087914,1.1270035467389024
2010-06-17,1.8798552997686138,5.148783099855803,2.048669409726971,2.8560091393069893,1.1288157573263196
2010-06-18,1.8896046519575216,5.1459905268049795,2.062804034304168,2.864031331506212,1.1300396118100011
2010-06-21,1.872032735498068,5.113697906899923,2.0410715081484785,2.8453862607432767,1.1268028846153846
2010-06-22,1.855966635701075,4.991034666004171,2.020690447209424,2.8112800115846035,1.1081931636320705
2010-06-23,1.8559490850433806,5.005926401556141,2.0174051501529697,2.8147606623467687,1.1047542370657992
2010-06-24,1.8357680081890873,4.875163858311507,1.9887241582851818,2.774520840920972,1.0864479688647812
2010-06-25,1.8347480262192,4.928364737292375,1.9958156209820932,2.780859579108197,1.0909990432167593
2010-06-28,1.8346724585544778,4.903794942070698,1.996425503431408,2.778611931968974,1.0875608340329521
2010-06-29,1.8106402515552555,4.688361803327839,1.960348084025123,2.717020116042089,1.053981698138577
2010-06-30,1.801797628915153,4.626755233518365,1.9494460915342475,2.691085270675555,1.043968986121314
2010-07-01,1.7808151676314241,4.63165293407422,1.9289492770541055,2.6786922297443296,1.0393163509090673
2010-07-02,1.7837534645371833,4.58019432941365,1.9282751374636993,2.669828700515666,1.033652308905709
2010-07-06,1.7806292336448089,4.550590003753437,1.9295567580264639,2.668171147689878,1.0404289086276106
2010-07-07,1.8117596938502194,4.722614292604504,1.9717319785870027,2.729436521212165,1.0731988371025292
2010-07-08,1.8195129843842757,4.803907360938461,1.9788116590571534,2.763126998535693,1.0838183522011755
2010-07-09,1.8332821643653754,4.875694656656681,1.9949892387079833,2.785042779132608,1.0919096065300662
2010-07-12,1.840966372291293,4.812932934440371,2.010460182211907,2.767811702594901,1.0926178679885088
2010-07-13,1.8637802997441213,4.995279190221078,2.0406771946093327,2.838584420527942,1.1091033170125408
2010-07-14,1.8493939787975895,5.0128139472022655,2.0251270246840276,2.837372786352008,1.1090020636018993
2010-07-15,1.8674354172467,4.973353602182294,2.0500019373307654,2.83548192254427,1.1093054139009864
2010-07-16,1.8267085882775576,4.764022600669825,1.998332227422759,2.758954780540951,1.078761523212037
2010-07-19,1.8276384452643877,4.802303205088693,1.9974152280695627,2.7719107491764956,1.0851329043249556
2010-07-20,1.8454376820316178,4.919097111661896,2.0159974656421626,2.8197831465580188,1.0971692497901144
2010-07-21,1.8333822779031845,4.861829434213787,2.0027713057974514,2.785319600431571,1.0829080963374962
2010-07-22,1.8604710616087032,4.993751510589687,2.0412982030106326,2.8235062562795776,1.1070802984638997
2010-07-23,1.8638322509948255,5.075410069696538,2.046465193422988,2.8505724874968856,1.1166885092546437
2010-07-26,1.86338346823392,5.159431437101047,2.0498907534057413,2.872380938293403,1.128319841077238
2010-07-27,1.8582180584706613,5.0932671108885,2.045745124234213,2.8455224463387436,1.1282184851833874
2010-07-28,1.8420236012907603,5.043105289738587,2.020960555177377,2.825649196740115,1.1209366432403716
2010-07-29,1.844330354664767,5.0096155518928525,2.0250131955605575,2.8166490256857766,1.1154754155079232
2010-07-30,1.8558678236711899,4.993976962865853,2.03932615423946,2.8154277016417377,1.11527301116985
2010-08-02,1.876455334630471,5.1088985521749555,2.0689522344340956,2.857836982258871,1.1404565176041557
2010-08-03,1.8746931766555768,5.043208360729246,2.0642867050564906,2.85013551123163,1.1349952898717073
2010-08-04,1.8927786393855748,5.105416823675229,2.083517706396995,2.88046496137228,1.1425805845970196
2010-08-05,1.901565288498051,5.073151867241476,2.094808133354401,2.8821509562232004,1.141366773467835
2010-08-06,1.9043413399103684,5.040193340889444,2.0972988400832167,2.874767397816047,1.1367144457052156
2010-08-09,1.909089045480155,5.066395163608794,2.101324409621585,2.8852937305894972,1.1427827839686746
2010-08-10,1.9046718775150187,4.985269312121841,2.0894005895057695,2.8582142889253546,1.136613499744202
2010-08-11,1.8599214414044685,4.784289135190615,2.02795182878861,2.7857633602697542,1.1054621910746145
2010-08-12,1.8657295502043214,4.746681886358918,2.03406148342155,2.7668461693571507,1.0986861037687585
2010-08-13,1.848740362054093,4.710574575720692,2.0155264276262543,2.743038072249215,1.095449171607724
2010-08-16,1.8568328312124374,4.74044100160143,2.027508575846845,2.761582288596386,1.0949438269034002
2010-08-17,1.8619063325246912,4.823178640710032,2.04121753236949,2.7746702948034256,1.1083952605205163
2010-08-18,1.8703857416015637,4.859784167482786,2.052005074175518,2.785284863462029,1.110418074102739
2010-08-19,1.8531577476457475,4.77774178887103,2.0294824698253624,2.7501411303304995,1.091100604077028
2010-08-20,1.845907102010026,4.766086049395546,2.018225346968614,2.7474710904686175,1.0875608340329521
2010-08-23,1.8549757441172567,4.700323423621174,2.0278540098943596,2.7354243906578413,1.0834137484914472
2010-08-24,1.8460112781170839,4.627870840257164,2.016181484195779,2.7182773106301052,1.0673325957275162
2010-08-25,1.858164079445249,4.6571525689925215,2.033502529171196,2.7440444901239167,1.071479066369766
2010-08-26,1.8504108176446095,4.591238706185063,2.0276180264195194,2.715947985966158,1.0642981703877636
2010-08-27,1.8541111133761736,4.7450068869699535,2.0327727970004807,2.769589524753705,1.0807840293446322
2010-08-30,1.843433456542729,4.624157878365368,2.019184360062836,2.7312375066207255,1.06510737780722
2010-08-31,1.8443910550660132,4.622927281193046,2.022866875210505,2.724812323954311,1.06510737780722
2010-09-01,1.872507409407036,4.870329243685409,2.058708405156024,2.8158819258742604,1.0969664355192046
2010-09-02,1.8865398548151353,4.946116786164975,2.078229517417515,2.8432412351166367,1.1071817568409592
2010-09-03,1.8954928398226314,5.021047107195555,2.092499953386403,2.8690479676583216,1.1215438562545912
2010-09-07,1.8883295436065455,4.942703107274074,2.078869877741929,2.850408483285024,1.1089009126744676
2010-09-08,1.8874203046335076,4.984981301604242,2.0779555862463677,2.860672016733769,1.1166885092546437
2010-09-09,1.8823659732552158,4.933503484517798,2.068776307920337,2.8498740777165854,1.1218467966208416
2010-09-10,1.875529796241462,4.9133440327866875,2.058527263415576,2.842281253155144,1.1275107361409906
2010-09-13,1.8881882749068943,5.0174253640369875,2.079453900813424,2.8838225124093726,1.1400523238272642
2010-09-14,1.915663970458748,5.019436433628267,2.111097901161456,2.8936350392115497,1.1393441648520306
2010-09-15,1.9071563997664447,5.036473670363114,2.098984361313487,2.901038409566213,1.1436934497651905
2010-09-16,1.9127250152447755,5.0335621314340955,2.105780936538903,2.904893706909089,1.1433898944996852
2010-09-17,1.9222303619195305,5.062520891136461,2.119084642007171,2.9080727983072485,1.1438171469986358
2010-09-20,1.943400426555878,5.160963413775887,2.1444431235492107,2.9475870474475836,1.1613058041570468
2010-09-21,1.9415589643865863,5.142934592993723,2.1433794400506754,2.930977175751332,1.15896723980743
2010-09-22,1.9504780292485608,5.071588854176428,2.15367775259766,2.914391896980489,1.1532731702237906
2010-09-23,1.9559895108973049,5.052006725096677,2.1634837089742027,2.9097497828596146,1.1439184004092768
2010-09-24,1.9749003057643133,5.208143697853908,2.19156128863331,2.9611832745343127,1.167508600390912
2010-09-27,1.9728490928566953,5.208510757763417,2.191827516000087,2.9497326847473557,1.161915989184332
2010-09-28,1.9923126281276704,5.257066134929416,2.2148285210463285,2.97336639367766,1.1659832403059083
2010-09-29,1.9929505099015423,5.274347162793174,2.2176257367983756,2.9835311727355434,1.1639500759195613
2010-09-30,1.9966393906021063,5.237076576433572,2.2220643366766497,2.974094013651301,1.1604923949260153
2010-10-01,2.004464602117878,5.267105324119916,2.2331469402122237,2.9877876732083526,1.165373772661087
2010-10-04,1.9959644391807176,5.193569149483252,2.220906214445588,2.9624581490039397,1.1566289829074405
2010-10-05,2.0264612689187644,5.325531785615459,2.257724658172218,3.025240014654241,1.1799138854090145
2010-10-06,2.038026048050191,5.290490819149774,2.2707468769544055,3.019797260589121,1.1798120170991186
2010-10-07,2.0369795876575636,5.3218712446031535,2.2729319284605833,3.014784598526444,1.1783884228408017
2010-10-08,2.0467448662310765,5.371467125807127,2.2894197707756985,3.033894932520846,1.1849979749317874
2010-10-11,2.058368577469544,5.399238013122131,2.3034317695166786,3.051180627505817,1.1861164766764614
2010-10-12,2.045811091127621,5.362223685862304,2.287506139835324,3.034820862239696,1.1897770744241265
2010-10-13,2.065963663936562,5.4265566229471265,2.3144117428782676,3.07906422741494,1.199030180895162
2010-10-14,2.0718205783642394,5.45436776037512,2.325575092991574,3.0862438527338965,1.1943524372966732
2010-10-15,2.0768224547867047,5.4691719115032935,2.3320965032379783,3.088862509843551,1.1967932798890228
2010-10-18,2.0868362657096085,5.499139371320669,2.345049673959009,3.1078111738227756,1.2026901637435723
2010-10-19,2.041713247322246,5.374527187909694,2.291972264046794,3.032869375867975,1.186929885907493
2010-10-20,2.031687335764164,5.354553870645531,2.283825626624679,3.027200361157266,1.1985215567281458
2010-10-21,2.01219170821654,5.2926198802162725,2.2581884559497545,2.989292377849209,1.2011653160746143
2010-10-22,2.0177677272410386,5.285776963807436,2.267310038105187,2.9813449877010174,1.2034020121143352
2010-10-25,2.0374716250677265,5.352139159699569,2.297848348354493,2.9978551587737337,1.2069612539681498
2010-10-26,2.0472256517304883,5.480725692139379,2.31378872409324,3.016188248020231,1.2071645806551055
2010-10-27,2.032855526104116,5.4692582562195655,2.2972016751125266,3.010417634055403,1.203707309594396
2010-10-28,2.046154421347804,5.454401747482728,2.3108194572272183,3.0179506320675062,1.2039110462141884
2010-10-29,2.0752964623086343,5.513562830717805,2.3522127170822027,3.0368241120532966,1.2048255038894429
2010-11-01,2.0664438165895285,5.53242871606532,2.3440003025276392,3.0358586625138173,1.2052327721626088
2010-11-02,2.0813514415205785,5.595171795750268,2.3621093200104033,3.074723426719045,1.2147906636976598
2010-11-03,2.0791477051554272,5.606982971908686,2.3619445400929604,3.0726697700710752,1.2196712215670584
2010-11-04,2.1321072644276424,5.763977555925681,2.432361741200301,3.135068027815171,1.2431595532387973
2010-11-05,2.145518096759612,5.815102880593359,2.4523462711020025,3.155972374347755,1.2478370918708679
2010-11-08,2.1685498546214474,5.842796165942828,2.4905488584683377,3.1580790598723234,1.2454982200716234
2010-11-09,2.1851833227184687,5.846522725457536,2.5213949451396833,3.1465625564089788,1.236550103631021
2010-11-10,2.1550417360188274,5.879617884396072,2.4718846075681538,3.127316243081831,1.2415327347767342
2010-11-11,2.1701375633087756,5.8753820712209,2.4968546432143595,3.1206641646224713,1.2368558110439187
2010-11-12,2.1391157099997415,5.725096385701396,2.4581826534796916,3.063165299926244,1.2222133175700494
2010-11-15,2.129628886888406,5.71246560043694,2.4457074414365527,3.052160988665741,1.2204849382477176
2010-11-16,2.0914554306112643,5.576694194569094,2.395397412285391,3.012539524493468,1.201470511071466
2010-11-17,2.0884063930123746,5.631042244565398,2.3955739402562464,3.008436017886595,1.202080491132333
2010-11-18,2.12172264494829,5.768198671658102,2.4450400162984867,3.0605942272943105,1.2197728849105363
2010-11-19,2.1290427779461685,5.825110107101763,2.458796676351357,3.076156624699822,1.223128492627768
2010-11-22,2.142047970280543,5.859389391349023,2.476943541000628,3.0877228721122,1.2221116542265715
2010-11-23,2.1394530243307646,5.807046656807656,2.470306901334996,3.0706930138669284,1.2044190554819498
2010-11-24,2.160705169008091,6.004385891575821,2.5021246326808417,3.118883729364743,1.2222133175700494
2010-11-26,2.1528015798306743,5.958443907400921,2.4899380633816652,3.097689357538033,1.2079780923693464
2010-11-29,2.155454555755195,5.936922069151968,2.4962196464761113,3.0908360258542538,1.2116381777009655
2010-11-30,2.154804365041213,5.911499761694427,2.4963766829196836,3.0878437466430317,1.2048255038894429
2010-12-01,2.1855006129420014,6.043339943402013,2.537187285005978,3.1441468646975066,1.2304494831566797
2010-12-02,2.2074647326056853,6.146434318747338,2.568272743013364,3.1760404474251063,1.2462101709255957
2010-12-03,2.1942984954268048,6.149777109953874,2.5508942728574215,3.1876837457468103,1.2495652662267813
2010-12-06,2.204248453669431,6.1454993666502675,2.565272681602011,3.1906955744246086,1.2482438477279882
2010-12-07,2.185611267183933,6.170411225591387,2.5405699683428087,3.201354869314455,1.2489556960987511
2010-12-08,2.163415968629522,6.136288315012367,2.509540721147371,3.1821640878686117,1.2535313664209256
2010-12-09,2.1893948207018092,6.175985947902548,2.5459110111482848,3.1959122864055867,1.2584115143574877
2010-12-10,2.1946973318116787,6.2379209469969075,2.554213956266106,3.212893570470828,1.2657332222688635
2010-12-13,2.213078013757705,6.229532749457789,2.582616885238986,3.213839950454747,1.2665467339831042
2010-12-14,2.2123542835089673,6.2053067781837985,2.579276551151217,3.2131478177058943,1.2676650307613602
2010-12-15,2.1995536684755725,6.181505173954644,2.5646068339379133,3.1948657760101833,1.2618690928678244
2010-12-16,2.212070516256874,6.232101801970379,2.58392666809169,3.2036576241148937,1.2691901858799455
2010-12-17,2.2266723232069436,6.287737513043146,2.6050905946967022,3.215026650186957,1.2705496256493336
2010-12-20,2.2225215010801116,6.295447823432318,2.599652498912704,3.2214372068265384,1.2736164356831776
2010-12-21,2.225460875570076,6.362210805464622,2.6029199794559545,3.242514971990491,1.2816912926986044
2010-12-22,2.2272477397171455,6.34131191752719,2.606117448911685,3.2443625764704045,1.285678094500997
2010-12-23,2.226432246569341,6.342713916880103,2.6063840863092262,3.2524246323020214,1.2838383159303182
2010-12-27,2.2327079508089325,6.352765438125793,2.6141286023360886,3.251366940399863,1.2843488872783084
2010-12-28,2.240445573370966,6.405675719238354,2.626327970124979,3.268503372534923,1.286189075781824
2010-12-29,2.2629554900946505,6.407643843477099,2.656004243912312,3.273284862405723,1.2871090675503725
2010-12-30,2.2584562149359355,6.412116610072505,2.6512696241292173,3.270285472741042,1.2850645275278099
2010-12-31,2.263896258981075,6.405719600266393,2.6572124250889755,3.269662109705097,1.2853715672224264
2011-01-03,2.264854781091029,6.466078874980132,2.6581845168031233,3.302232217244337,1.2986594376377374
2011-01-04,2.2351052056237153,6.407137262053204,2.619623722066657,3.301673088865649,1.2979436949050267
2011-01-05,2.2244903494338777,6.429691829901866,2.6057814814665936,3.3048240249769014,1.3046898571138104
2011-01-06,2.223686037727828,6.462280307385225,2.605595680515504,3.3146298189022856,1.3021345407768392
2011-01-07,2.207585411488941,6.43199253668824,2.581676317632996,3.307476871429428,1.2995790194734493
2011-01-10,2.2107909916380906,6.438477484005303,2.587328436232479,3.297125672068911,1.2979436949050267
2011-01-11,2.2376425406189413,6.469253109751232,2.6232365059996825,3.3160696328079933,1.30254365374777
2011-01-12,2.236875695782247,6.558861583984959,2.6218067898732325,3.3505144703200167,1.3142986828038095
2011-01-13,2.23702840865763,6.58889452248676,2.620298231473414,3.3629609192456646,1.3121520695049322
2011-01-14,2.2299947343130415,6.659504255119773,2.612897759230287,3.369094230467185,1.3216584119857804
2011-01-18,2.2280665392549497,6.751319680425637,2.6128893182305477,3.4092460256304404,1.323906483661717
2011-01-19,2.221638666657456,6.6042958183658405,2.6031378135296683,3.367610081303349,1.3109254479746038
2011-01-20,2.196725314745366,6.493590644512686,2.5646911173859714,3.3375387571949107,1.3091879476466577
2011-01-21,2.1971152012566493,6.425300637312494,2.5668649591470287,3.3065276809717634,1.3121520695049322
2011-01-24,2.205932712532282,6.578924180452191,2.5761118723997365,3.367148314772985,1.3196138719632176
2011-01-25,2.199458285988912,6.5622672476472745,2.5644299252629126,3.3728071964477695,1.3203289997966732
2011-01-26,2.2143812403616847,6.581332580443939,2.586122351258439,3.3782932518768223,1.3254402473698708
2011-01-27,2.2226488968177955,6.601586041015746,2.598714626576079,3.3943651513046524,1.3287109989899255
2011-01-28,2.218484036630318,6.52875150221012,2.599213610321548,3.338410164262609,1.3055077756060447
2011-01-31,2.2332144489357617,6.515285865768769,2.6236219825746017,3.3212266514643387,1.315320440399045
2011-02-01,2.257691379390338,6.596246289442594,2.6551977598840435,3.360538673910896,1.336377255450467
2011-02-02,2.252091235101267,6.54775995234946,2.647902943938782,3.3458182018005194,1.3338218366302865
2011-02-03,2.2717496896750764,6.563785088436037,2.671883985720885,3.3644540125803184,1.336786470904607
2011-02-04,2.284830550929212,6.749100944585877,2.6941548603073735,3.427817890811987,1.3405681013222794
2011-02-07,2.280738217853551,6.783354928114068,2.6911265361280305,3.4428786285965534,1.3489499980323225
2011-02-08,2.3058979212085555,6.865845003014994,2.7269793744812216,3.459028324977212,1.355083310650383
2011-02-09,2.3290181742791742,6.860640846546035,2.7559281660685344,3.457777683976916,1.3520167055829573
2011-02-10,2.312758247230452,6.851230943311893,2.7360626589298147,3.4467512556750264,1.3525272769309478
2011-02-11,2.313764868298113,6.893581652826662,2.737893749488408,3.455592607452079,1.3606025438792109
2011-02-14,2.32663260358226,6.94471729402613,2.7649753384776763,3.4587235950688173,1.363873807915311
2011-02-15,2.3243369423357465,6.919453484035663,2.760281816662729,3.4441205923558273,1.3595802738679295
2011-02-16,2.326952920342328,6.970223596366519,2.765111207930317,3.460843801941884,1.3681665220970196
2011-02-17,2.336816846891943,6.988524484853325,2.781160494515048,3.466148191256054,1.3722549872428902
2011-02-18,2.335684003928436,6.975820888047384,2.786227773523108,3.4533032472607847,1.3751169333416413
2011-02-22,2.304287658673267,6.795416898245963,2.748219511875408,3.364683457207121,1.3475184100836919
2011-02-23,2.2908453363817904,6.758539358924082,2.730561922407421,3.3362467269174862,1.3392393040324273
2011-02-24,2.3029526930539905,6.726192179774099,2.7583926996615973,3.3163074260709653,1.3383192097806695
2011-02-25,2.306235089557126,6.810122805984706,2.7651568183705515,3.3414248643670525,1.352629862623308
2011-02-28,2.3131069399368713,6.868068306127753,2.7776799242467702,3.3627723506079237,1.3610114518837233
2011-03-01,2.3050821365174827,6.803566184286282,2.7617601697051537,3.3342934874140253,1.3383192097806695
2011-03-02,2.3089946067059848,6.881870952547764,2.770100394462289,3.3579194815527242,1.3411814633290482
2011-03-03,2.306630386487527,6.942767182362644,2.770261542900462,3.386569656577248,1.364282305986987
2011-03-04,2.318699335535153,6.957748341044536,2.789519778891827,3.384000911101811,1.354060528223056
2011-03-07,2.304269948504562,6.845497377513803,2.76843758031617,3.3294822867469365,1.3434299449378215
2011-03-08,2.3159015452435665,6.85901208677092,2.783467246768622,3.347488248222942,1.35518507647707
2011-03-09,2.307284485475033,6.791972873506623,2.7655824340573343,3.329635128753325,1.3532425072476126
2011-03-10,2.283073866481252,6.635184702206932,2.731142642606464,3.278240344620783,1.3282000177090987
2011-03-11,2.292562235619344,6.7592739089892975,2.748749951166734,3.3204370143900417,1.3373991155289118
2011-03-14,2.251365965230865,6.71643118030033,2.6853243273188117,3.303877363842571,1.3293240535470667
2011-03-15,2.2187800725029776,6.666131013127962,2.643233458527249,3.2821673263058533,1.3140938188687166
2011-03-16,2.1753783640863147,6.618543335824198,2.579058987463791,3.2446165470742416,1.289766969579704
2011-03-17,2.1719352253588133,6.656863084682593,2.560322639880381,3.2592326923446024,1.3068365728958968
2011-03-18,2.204620052249539,6.669674944691929,2.61329047295949,3.2515205257299744,1.3115894366866934
2011-03-21,2.237782862436868,6.794041738230659,2.672985058808086,3.289566712488775,1.3319163663225417
2011-03-22,2.2444060081668487,6.732918853642715,2.682428198731054,3.2602671654807986,1.3272968331868507
2011-03-23,2.244224696781209,6.775693509757252,2.688098664924917,3.275843319274118,1.3310952708508237
2011-03-24,2.2511637585153528,6.871398608628352,2.693300057318588,3.3251103235607395,1.3438254276419352
2011-03-25,2.2417515643211696,6.886464043747008,2.6822805238336915,3.3221647424085643,1.347931724866198
2011-03-28,2.2289218575138148,6.819203865013707,2.6647751712048406,3.293498621211714,1.3446466255968623
2011-03-29,2.2295351922528015,6.894229436972928,2.6628681070389284,3.325730883298168,1.3536807254499423
2011-03-30,2.248846384321841,6.988930052553721,2.689190415522353,3.3664119412473856,1.3630228898297303
2011-03-31,2.2523765353399683,7.023042991171703,2.6922915768572233,3.3694452548712337,1.3611749126023194
2011-04-01,2.252043143936771,7.045148054720054,2.698815772368621,3.37668813463024,1.3669240156692728
2011-04-04,2.2568889335953215,6.982771220003735,2.705081447841128,3.3728798781788045,1.368052765734862
2011-04-05,2.27776133963261,7.061679060630589,2.7366979402854223,3.401533339633446,1.36784779931656
2011-04-06,2.299284776203424,7.080269572896796,2.7624631716208623,3.4230733287591777,1.3721594728919615
2011-04-07,2.293569385316995,7.042401277314488,2.751876000967692,3.409297268044702,1.368669612170742
2011-04-08,2.3006256453914555,7.0248171591835336,2.7662288845700127,3.392743475701795,1.3639465709938083
2011-04-11,2.293424795039173,6.940599218439709,2.750964229026511,3.368599297633727,1.3598403762527547
2011-04-12,2.2781874470931927,6.894224833084013,2.722596374237735,3.3610756238111,1.3496771164012487
2011-04-13,2.281013694466764,6.918302661545488,2.7289577966441048,3.360418267579875,1.3495743257424704
2011-04-14,2.287562147366317,6.9366409111521214,2.7386031783455747,3.3617099926969596,1.3506010025317452
2011-04-15,2.309973224513548,6.945031637564982,2.773236408039588,3.3598247002221906,1.3555286001941442
2011-04-18,2.303185222268949,6.905119790276664,2.7655211654698144,3.3351507092919137,1.3403348495382517
2011-04-19,2.31305191437739,6.946959563212291,2.7854834129292354,3.353200700819678,1.3480347204913947
2011-04-20,2.336840280136412,7.094452807612461,2.821873901459037,3.393035509624145,1.3664106772746354
2011-04-21,2.346921191988845,7.21696989763147,2.8431057885168727,3.433127875897082,1.3733915260323748
2011-04-25,2.347511063128705,7.22614270110183,2.8469524223390286,3.428200081691029,1.371954301507241
2011-04-26,2.353386430609849,7.283663946188351,2.8419930670955034,3.468225610771178,1.3837601622350195
2011-04-27,2.3834511461714936,7.366005993510574,2.8845928598490658,3.5020450894337753,1.3927940571216813
2011-04-28,2.3955224683977874,7.398436732841633,2.9017917598189946,3.511901089764342,1.3973117219474762
2011-04-29,2.4138289902899026,7.479936691664938,2.9286487483888184,3.5456969823020494,1.4005965137671843
2011-05-02,2.4164016837473943,7.361595175229458,2.922117784285724,3.531208574040064,1.3984406769794837
2011-05-03,2.3980333335339448,7.290465177306891,2.868449025365329,3.542754436443177,1.3934104936247245
2011-05-04,2.370937290365739,7.0567445477945565,2.816998687284218,3.4786584250106247,1.3841709149372967
2011-05-05,2.341945335897456,6.960780810197568,2.7656016225830635,3.466272288618512,1.3716462369805331
2011-05-06,2.357357457310028,6.9718179630561705,2.779109889147047,3.475261731759365,1.3777030971245672
2011-05-09,2.3815214748957896,7.038148089428949,2.826490615968614,3.480402787381776,1.3830414474892434
2011-05-10,2.4015743439403985,7.11972476620289,2.8581784086678583,3.513074551357951,1.3948475131834401
2011-05-11,2.3753017182494998,6.949782417699466,2.7981543416105294,3.479161670771319,1.3801666909893482
2011-05-12,2.3701026231033318,6.915827284316219,2.7679650549420276,3.490334997299622,1.3867372994608562
2011-05-13,2.365053539586081,6.863377490814709,2.764870149514656,3.466863533533397,1.3760608036979223
2011-05-16,2.366726959828317,6.770601082886251,2.7554938743666657,3.450191000583088,1.3673348708547592
2011-05-17,2.3562341884149807,6.676917822959649,2.7402690230883797,3.4163039659564585,1.367129084570784
2011-05-18,2.3724169212905712,6.779620792897179,2.777776750649343,3.4362678023855633,1.3793462104168854
2011-05-19,2.3729151666527426,6.819043671174471,2.7776085621789908,3.452607163840843,1.3826302848541296
2011-05-20,2.3676668374012197,6.785244150219788,2.76902405213884,3.438575361818437,1.3716462369805331
2011-05-23,2.353963697228379,6.731689990856254,2.7399289829167923,3.4173224461004224,1.3557336690956554
2011-05-24,2.358857533761387,6.723497063362162,2.7542306555085156,3.399600121608739,1.3546047140636477
2011-05-25,2.3933848666648037,6.860559299006797,2.8266468999188934,3.4275461639175027,1.3591212515741422
2011-05-26,2.3875117361978755,6.838603913929001,2.8199350616861096,3.413774432631757,1.365383795518942
2011-05-27,2.4036090377561212,6.927692379954151,2.8432124828322607,3.4369985604949678,1.370619457708049
2011-05-31,2.3978188407174517,7.008984991853483,2.8308274413345362,3.4737523519792313,1.3848895271998636
2011-06-01,2.3843699118770627,6.832007243166805,2.8122988347683155,3.4015317356604027,1.3537832086590933
2011-06-02,2.3682584576637464,6.785137864875494,2.7845618966433445,3.3910819571660085,1.3523460866171688
2011-06-03,2.362143083617728,6.710964297098116,2.7782811121673254,3.357983448869276,1.3388975225299087
2011-06-06,2.3516110173020386,6.576115072769353,2.7641156432839815,3.328326756341955,1.3247304486632911
2011-06-07,2.3587226622540216,6.56139961488733,2.7781554874823406,3.324405053910281,1.3239088407755273
2011-06-08,2.340120916371915,6.420435819011354,2.748762585180499,3.2868342381780775,1.3183653190261306
2011-06-09,2.358014518201089,6.501381796796855,2.7784414612977373,3.310986845975462,1.3284259931852767
2011-06-10,2.3212531430975,6.393279637524069,2.728997540035536,3.261449733651573,1.3099471432600482
2011-06-13,2.2989965588776844,6.349999104263101,2.6878652946506154,3.2495560829848387,1.310973820049323
2011-06-14,2.3183835251109235,6.511866401048152,2.7157924845239703,3.3166901328465914,1.3276050001967679
2011-06-15,2.2971930822428104,6.3463528558251205,2.688206806573194,3.258850066219894,1.3039929712915834
2011-06-16,2.2987528509365385,6.299072077226706,2.6873054223811335,3.2441229929222577,1.3068675228250604
2011-06-17,2.2914729975959967,6.260741326240407,2.6713973631780727,3.2321466750773755,1.3107673163828837
2011-06-20,2.293123834875041,6.295296369497315,2.6721270804389037,3.2496494733794803,1.3174732026904714
2011-06-21,2.3292845173271464,6.51395734608551,2.729035885194857,3.3165484660654814,1.33552828454586
2011-06-22,2.341356434059231,6.447781185669824,2.7528030784473216,3.298295530991646,1.3274808930304858
2011-06-23,2.3200087405497514,6.537280948105457,2.7231265565161964,3.3095007646021295,1.3236638034224473
2011-06-24,2.2957918251391463,6.407834701896142,2.698173624275351,3.2515466504116657,1.3082916294994227
2011-06-27,2.2904125280774923,6.454907913688719,2.6836167433419713,3.2632030185616254,1.3199496069563963
2011-06-28,2.319360918197192,6.598864076287839,2.7227733905158495,3.3080053297952356,1.3371786741460279
2011-06-29,2.339927885195422,6.686465434698877,2.7599066478296312,3.329020418254682,1.348630762835817
2011-06-30,2.3534150097672115,6.75964719706749,2.779247588647342,3.3428179912775806,1.361526942425753
2011-07-01,2.3533427999365486,6.851922910798895,2.77500675034719,3.3590435368171843,1.381644601348515
2011-07-05,2.366626127074869,6.89698523020208,2.802658212700723,3.3776175523190024,1.3805097022903767
2011-07-06,2.3862726616495418,6.955704239772228,2.8260987844275447,3.408867320704821,1.3821605018233811
2011-07-07,2.3952830768568605,7.065655415610176,2.838760512724731,3.45804599148199,1.3965010797630917
2011-07-08,2.3877715854937596,7.029319505290003,2.826090791578845,3.448426974204884,1.3865967949811104
2011-07-11,2.364202263113588,6.837037137675023,2.7855274673537527,3.3920761192842246,1.361526942425753
2011-07-12,2.354157957911226,6.799289066081736,2.7613207133928936,3.3922881376125273,1.3556457385022038
2011-07-13,2.3808311204793164,6.881358508256373,2.811088437333939,3.4282088063650513,1.3601855397011753
2011-07-14,2.3837187435323,6.80443014028931,2.812260459604112,3.4166159871895525,1.3507967454612237
2011-07-15,2.388387637181548,6.853209066145971,2.8228652491166466,3.4335203477731526,1.3586380432429952
2011-07-18,2.3896184480118055,6.795204246947508,2.831512811235174,3.4065165295657227,1.347495453844842
2011-07-19,2.4139644838593557,6.9849052015755335,2.8663043451212764,3.4647360068626076,1.3693677277914786
2011-07-20,2.407680350510255,6.963857798619666,2.8548138530502465,3.4571392534803955,1.3685423280249764
2011-07-21,2.4376117551333465,7.0005326683225695,2.889284400346099,3.4686095411236133,1.3875257027888552
2011-07-22,2.4466510541563475,7.0711201448501395,2.911246791537488,3.494345804178047,1.3884536882477176
2011-07-25,2.4424141386159985,7.045380872927568,2.905692102153316,3.476969960695861,1.380716205956816
2011-07-26,2.45354182407463,7.069261071155183,2.9249854921516127,3.483633079342925,1.3755575086577814
2011-07-27,2.405412780330032,6.806762967234577,2.852504876056156,3.405027588972996,1.3473925607028545
2011-07-28,2.4073101239347965,6.809789195461108,2.854731129097078,3.395488442752164,1.3434718605703642
2011-07-29,2.4006329948911866,6.745263008666855,2.8381142366993966,3.385644171226172,1.33428977496327
2011-08-01,2.3843895480456743,6.731590228247029,2.8133379710266593,3.3723728646277467,1.3286157920886241
2011-08-02,2.358798158700427,6.552225031012765,2.780539746441612,3.2928902977766032,1.2946731482513905
2011-08-03,2.37568075750578,6.683873498709143,2.812322566114558,3.324418698377589,1.3016883288841956
2011-08-04,2.3043029872401526,6.207470801339613,2.704159939317075,3.1787432626410026,1.2407152262173364
2011-08-05,2.2976820025490667,6.180637530347331,2.6774783259937864,3.2003370280726906,1.2388585379171477
2011-08-08,2.252207638011298,5.852646533577092,2.607181664018104,3.0938211665981306,1.1581795538618953
2011-08-09,2.3070468518387495,6.080274440822298,2.6583193853382685,3.223300106270745,1.2120335579218702
2011-08-10,2.2796958997394325,5.962177707023332,2.638678710816979,3.1483998074829618,1.1584891556367405
2011-08-11,2.324618098303892,6.205552157485194,2.693420306378396,3.250478759559406,1.2104866763629447
2011-08-12,2.3198856757123263,6.314169828275601,2.69614054837341,3.2568783545429185,1.2186371659867248
2011-08-15,2.3634877992764154,6.410532529772486,2.748537280013233,3.3074219197767327,1.2444294226833876
2011-08-16,2.3707156591153153,6.289654941276957,2.747543496300527,3.303039831305928,1.2338033486593558
2011-08-17,2.3678627844203186,6.171443800020249,2.746360697216915,3.287647317781957,1.2346279285601847
2011-08-18,2.3363451808910805,5.816015883156029,2.6970865537038113,3.183684391306804,1.1813927181170638
2011-08-19,2.3427949059940314,5.7023960317258515,2.7065880460306735,3.163040916897368,1.162100458960804
2011-08-22,2.359127409468198,5.725967749213737,2.72095029253541,3.1843418915490322,1.1630284444196664
2011-08-23,2.391567502654722,6.006417331111363,2.766701957203183,3.2720623437676264,1.2013046932390599
2011-08-24,2.3875921999373566,6.07313397957271,2.7706197032789373,3.28096647307074,1.2182243636202645
2011-08-25,2.368673375913285,6.03217991017544,2.7606373117880807,3.246942327808298,1.199653791222846
2011-08-26,2.387864915602198,6.2220046929352675,2.781953724218588,3.3095554721208766,1.2170895670453352
2011-08-29,2.4239442644931453,6.40895691136059,2.823637489449908,3.3907623287579716,1.2520636018994649
2011-08-30,2.4451361265078977,6.4796395300454375,2.8519168897871072,3.4258562977922065,1.2553647910326373
2011-08-31,2.4578252391651096,6.431280095709815,2.8675390003294465,3.41852522913944,1.2609365981477596
2011-09-01,2.4321454225185115,6.313166118608079,2.8335217976511013,3.3683132429605696,1.2477310217493967
2011-09-02,2.4227530540972633,6.162811298002652,2.8269614278419537,3.32901392020647,1.2158516723620003
2011-09-06,2.409968975324758,6.148044942168179,2.8048263606214165,3.330102776099962,1.206978471147287
2011-09-07,2.428702466741469,6.299314870401763,2.838377300673215,3.371418820101272,1.2410246230257636
2011-09-08,2.4419783866592657,6.2755874607935365,2.8546974095470548,3.378140612184958,1.2281285459190365
2011-09-09,2.395920967850594,6.140953584333176,2.7902791013680193,3.3194579553271026,1.1959397997232135
2011-09-12,2.3810738235450537,6.195552997878303,2.769819134982446,3.3270625797551534,1.2036774869805331
2011-09-13,2.409975652426019,6.322990852431605,2.811505688684072,3.3539492478453186,1.2147169782702802
2011-09-14,2.438018333080792,6.427133505937424,2.8415866938842678,3.4056630792572196,1.2315331406102423
2011-09-15,2.441176867443373,6.404712447779023,2.848275518485557,3.394025036009166,1.2527861085239793
2011-09-16,2.4590240501928107,6.3827642940442555,2.8725293387730715,3.4075675667820793,1.2602004612564277
2011-09-19,2.433495497823296,6.32992854193933,2.8334569240343535,3.3812007056308833,1.2476524171279777
2011-09-20,2.4323686377112805,6.189467459759653,2.8293693795410135,3.3528081882305005,1.2462006399871446
2011-09-21,2.403863003678757,6.010087693180705,2.801297903882347,3.282893535593779,1.209489924670742
2011-09-22,2.3182341977762566,5.653646923158061,2.67238595397824,3.1602180689495496,1.1703938101781404
2011-09-23,2.262821939060335,5.649646270076502,2.5650790752012704,3.1432089629345916,1.1774459872494492
2011-09-26,2.266330342458406,5.741399800243444,2.572133434461799,3.1788150462949063,1.2054455273048064
2011-09-27,2.3139043544801257,5.850259647726567,2.63785341511298,3.23794849842093,1.2189269885022038
2011-09-28,2.261727795578654,5.593456161078384,2.5589245046399824,3.15677368802429,1.1940385312270436
2011-09-29,2.27018287640196,5.5494579733812905,2.5715917901686676,3.1479610403564395,1.203475800024924
2011-09-30,2.26100444250085,5.325492199010164,2.555290930080102,3.0670120405836427,1.1734014874003045
2011-10-03,2.2449247202175027,5.147817167807052,2.5331819053657796,3.0256392517709845,1.140008870946584
2011-10-04,2.2547296818867784,5.271833006834947,2.5421190400323828,3.0700002900019476,1.1650014511622415
2011-10-05,2.286031867060522,5.4425136697956304,2.5885308957866004,3.130824486463881,1.1865718095747193
2011-10-06,2.310778856567269,5.674956400157375,2.637434932948207,3.1973020444953764,1.2080383524963272
2011-10-07,2.313606641747144,5.502185403192221,2.6233842684244717,3.168755093124044,1.1999491478316193
2011-10-10,2.368155388564265,5.692433021142379,2.694720436670191,3.2618537655714888,1.2400825973672474
2011-10-11,2.3481436107547253,5.717479549650565,2.6751399408130525,3.2782172727171073,1.241326948492759
2011-10-12,2.374381152489567,5.725540441107025,2.7148951216776824,3.2767152844875174,1.2522160969146814
2011-10-13,2.3711166759729663,5.761218715639078,2.6999530531612486,3.3004691540927364,1.2497266772811944
2011-10-14,2.4103116180546618,5.83222904401628,2.7537484800153043,3.3447185076784858,1.2710899171279777
2011-10-17,2.3770381585637246,5.639066337744392,2.709467957767538,3.2725052684879903,1.2468235329323645
2011-10-18,2.406797337826639,5.741495547821231,2.74881062194565,3.315129098343148,1.2711937326188478
2011-10-19,2.3838632900557006,5.498151119964112,2.7066697761790146,3.249146217302846,1.2561561663737015
2011-10-20,2.3554156027226023,5.5463440588628465,2.6627820016250245,3.2553879976279556,1.2616526483300976
2011-10-21,2.3688370210873075,5.6622857099686215,2.6889479261386904,3.2941547231105623,1.285608200952356
2011-10-24,2.4014975609296187,5.892123776931728,2.7379747858921775,3.3659105528959965,1.3013712458350826
2011-10-25,2.3985258053801832,5.632161668837828,2.7440963187564913,3.3293225674557343,1.2760673216300242
2011-10-26,2.412715620153951,5.7249349623339345,2.757302764328254,3.3674576196396715,1.2890302177891173
2011-10-27,2.4625445835884023,6.007636066747681,2.8385168023093885,3.4448458530219224,1.3339337482946794
2011-10-28,2.458080705447859,6.12896395321671,2.8341680916820087,3.454188174747188,1.3336228142381152
2011-10-31,2.4125440001741794,5.939046166041402,2.7763670765995556,3.3836816391034854,1.301474651393116
2011-11-01,2.380732779982021,5.738168405551568,2.7193250769638104,3.330060667857473,1.2651784806577289
2011-11-02,2.4049374406552158,5.8770202175479485,2.7566490880038463,3.391875147256743,1.2858154220012592
2011-11-03,2.455862311974962,6.048675448760368,2.820350741119922,3.4815144325860397,1.3092521021355863
2011-11-04,2.4476775978000016,6.025376766304998,2.8068404869487718,3.456101778050896,1.301267122894585
2011-11-07,2.4555733552398764,5.986336920564881,2.8086705338400315,3.474839514588306,1.3093559176264562
2011-11-08,2.4879739487692385,6.073074132772519,2.8437526019230535,3.5369431809135206,1.3261561950689997
2011-11-09,2.424989631825294,5.807726893649517,2.761050038959676,3.4308723428934877,1.2772080622310842
2011-11-10,2.411147883600795,5.788192984584167,2.747768359848601,3.418630537679858,1.2892378487708573
2011-11-11,2.4593079387291086,5.936979361083266,2.8053431590239573,3.4920624630159502,1.3135042329664708
2011-11-14,2.4371294194018938,5.84483804822407,2.7728710796913463,3.4563933509285625,1.3010599018456817
2011-11-15,2.4294004644184204,5.847735927737361,2.774706929167203,3.438384752724714,1.3074892884549796
2011-11-16,2.390693451808154,5.784136377842885,2.724889016819631,3.4146334286176354,1.28674842913737
2011-11-17,2.3458709450066166,5.56376535916352,2.649253735802388,3.3106422649158014,1.266319426225207
2011-11-18,2.3425579381961654,5.561951623877145,2.6473231004296394,3.311546213071881,1.2649711571256166
2011-11-21,2.295298558237185,5.439404421217659,2.584527664867661,3.2568728493013093,1.2409119939789064
2011-11-22,2.300285194704033,5.446994913191789,2.6025081231932785,3.262209976735576,1.2360379950348934
2011-11-23,2.270934699525708,5.356598272058966,2.5538105012973835,3.213518952917034,1.2087642410667436
2011-11-25,2.258501975757721,5.244137851353605,2.5276583471002296,3.1831159096127357,1.2064826573814145
2011-11-28,2.2998636506755883,5.503657282186571,2.5882456015557826,3.2624234513388375,1.2414306615004196
2011-11-29,2.3070345204113925,5.494931163393624,2.589900193546875,3.2729996038324374,1.244956493828051
2011-11-30,2.383012953949314,5.718963245565759,2.687168351380272,3.3704922314360557,1.2961858004184597
2011-12-01,2.371343263162176,5.740256098212177,2.675962697409749,3.3800751021231172,1.2959787843359745
2011-12-02,2.3815470717877747,5.7885012697733345,2.695564229061267,3.3983497567460272,1.294837736285287
2011-12-05,2.378112212809887,5.798195498765993,2.6900163617342554,3.4023807543753333,1.3089415780118585
2011-12-06,2.3958661442801215,5.788998555798067,2.7026604719650122,3.432014266041884,1.3093559176264562
2011-12-07,2.413378862313074,5.790905389442499,2.718004510087121,3.4505431386101115,1.3142303265033057
2011-12-08,2.3700781420451476,5.641704032978014,2.6575137013161356,3.3920498137308948,1.2854006724538252
2011-12-09,2.388444812554068,5.748438083792616,2.6867020841151223,3.426275866250763,1.3071785593648337
2011-12-12,2.3432328163019958,5.612701500533378,2.6221895557599217,3.367481315031598,1.2880973131362157
2011-12-13,2.337474805960448,5.499402755323482,2.611879532995397,3.3352597765741945,1.2760673216300242
2011-12-14,2.3007908924565235,5.184264407964092,2.548512185840944,3.266567404791439,1.262482147424966
2011-12-15,2.3205008734161923,5.109077415681361,2.569430368572874,3.289190990472127,1.2670457247284606
2011-12-16,2.3228777469823676,5.1815720492706365,2.5770216937123878,3.3096647828692025,1.2689234220865253
2011-12-19,2.3057693669543022,5.088528388161104,2.543091735748317,3.2828203369825752,1.2553567973423234
2011-12-20,2.355654798427082,5.323556408551506,2.608878940197149,3.3891686527876126,1.293344043511911
2011-12-21,2.3572570986087453,5.253930349894949,2.6024321678737654,3.380831116306786,1.295848835626771
2011-12-22,2.363489244119368,5.335033838573122,2.6152077151939888,3.414859897044813,1.3073285947830309
2011-12-23,2.3740593962979273,5.39385899103342,2.624773771416955,3.4370509401347284,1.3190168047867037
2011-12-27,2.3655330668727363,5.343500058486003,2.6100421299503114,3.4271118189814023,1.3200605962719067
2011-12-28,2.3334188821519066,5.204669201372749,2.5579175701944274,3.37307537358429,1.3027360147313465
2011-12-29,2.3396304020030936,5.213293211900599,2.571634336533557,3.390859851939187,1.3161996438503516
2011-12-30,2.351126854140629,5.209949664907171,2.590897248804607,3.3915164310063863,1.3097287515413476
2012-01-03,2.387927276501007,5.37586843964916,2.651219262596698,3.4557059632475045,1.3306008918498793
2012-01-04,2.368608228961311,5.3793349632275325,2.6307612007837595,3.4436537816322748,1.3326880648874488
2012-01-05,2.35978995460737,5.480141705996901,2.624027310688233,3.4644764670662607,1.336236238554675
2012-01-06,2.3414857447982036,5.447316828224554,2.597703194926126,3.4520151071698297,1.3327924952775738
2012-01-09,2.356098293068478,5.563821457631808,2.6249103058096206,3.4835132769780137,1.336027685224053
2012-01-10,2.3814300526264405,5.6841541473283,2.6644898730172395,3.52541906437484,1.3476120797368558
2012-01-11,2.3953462694470713,5.769610763892138,2.68677471094375,3.5267000016277774,1.348342272602057
2012-01-12,2.421915131765384,5.7804979833694645,2.7265365076183126,3.5458730605271347,1.351577360065327
2012-01-13,2.4085115205470453,5.724563919931139,2.706318046390395,3.537941009007506,1.3445852381545809
2012-01-17,2.4433142767412153,5.7591781122626236,2.75734659163223,3.5646733204112326,1.3498029657820863
2012-01-18,2.486861370832627,5.906467460502562,2.82497061560956,3.6109280253856797,1.3647271855979115
2012-01-19,2.491904830346197,5.876902722413786,2.8294334321134325,3.6303028690230676,1.3719282707721168
2012-01-20,2.4994863562229868,5.920731704021549,2.8525677593232093,3.6484474518675745,1.3770415680094972
2012-01-23,2.5063391866337343,5.8815064378163,2.8700802009122923,3.638023556649571,1.3734931893758529
2012-01-24,2.506469351556648,5.932676806991488,2.865506663488591,3.6673554587896904,1.3719282707721168
2012-01-25,2.534814756882542,6.049884515762646,2.90810152971433,3.718883888759025,1.3834079274451674
2012-01-26,2.533139300007934,6.066736259393591,2.913293646526665,3.700532299805661,1.376311170177878
2012-01-27,2.5305177979425757,6.183595515804489,2.9123133959944556,3.7106853406246065,1.375685407702802
2012-01-30,2.530579248404447,6.0951570823252235,2.9056784178525024,3.6989058776078987,1.3709887047106202
2012-01-31,2.5380169900694187,6.076694048324708,2.9075220404348316,3.716266997045141,1.370466757726414
2012-02-01,2.561095300786805,6.2310397221959395,2.9394720324136765,3.7814692811266055,1.3824680539340435
2012-02-02,2.564776792843005,6.278442669895891,2.94999508888548,3.778725958513842,1.3846598623281563
2012-02-03,2.560703261990125,6.383980669502137,2.944563165089106,3.8110177826413145,1.404070797040613
2012-02-06,2.5466514628284367,6.377349755805718,2.9270545444729605,3.7877019013251108,1.403131435945535
2012-02-07,2.5546564380830143,6.377421554405931,2.940455436300412,3.793208126422196,1.4066799170623885
2012-02-08,2.547033342345439,6.403631475014123,2.9264889561487557,3.8092530415870107,1.4108543656207366
2012-02-09,2.555942184491714,6.433370848172584,2.9397242663255563,3.8029793591063727,1.4126287599039773
2012-02-10,2.536011993262857,6.270717592572686,2.913112394509797,3.7684452063868177,1.4021929971993388
2012-02-13,2.534115075547318,6.266289717769594,2.912175175717055,3.7934703626911346,1.4126287599039773
2012-02-14,2.520577112365416,6.202127541268406,2.890345055024294,3.7865302811824146,1.4108543656207366
2012-02-15,2.529084212802055,6.222909900049276,2.9035669027921758,3.7827928403891953,1.4042797603040718
2012-02-16,2.5546155358418914,6.342978477441676,2.938119247926537,3.815893473603395,1.419829742594973
2012-02-17,2.56680658111156,6.405177534730915,2.94723882698755,3.8339931777822107,1.4235863671096127
2012-02-21,2.569722401368914,6.442073707733187,2.9768782761106154,3.8304575892281347,1.424212846967153
2012-02-22,2.5734242806766368,6.414485403272693,2.9852075693870566,3.8268408965019707,1.4196208818147236
2012-02-23,2.5839454554616474,6.381265934056118,3.0127046923141587,3.8247445314218123,1.4258828108602688
2012-02-24,2.5787780101778592,6.202862489686225,3.0017318291151662,3.813457733516049,1.4290130580005773
2012-02-27,2.579851277825245,6.2183295064837605,3.006681909744002,3.822034472113074,1.4314140346245672
2012-02-28,2.5973028987035285,6.338843409721877,3.0408281398179904,3.874213744330344,1.435587560834033
2012-02-29,2.5620874285846993,6.158102396490246,2.9839195938222347,3.8269960542950736,1.4299527265452827
2012-03-01,2.5679998056714437,6.214507553877286,3.0012603875453716,3.850255661385444,1.437362262566901
2012-03-02,2.549563335372063,6.152786353963895,2.963891839062497,3.8301538683638165,1.4329785432954665
2012-03-05,2.529362841330027,5.977137004571738,2.9280997193442477,3.7865015842721093,1.4271348482264665
2012-03-06,2.489139807908524,5.823407892837462,2.874544447063611,3.7101976436021826,1.4062626054347256
2012-03-07,2.5117094112187437,5.7912745629180105,2.9057415510402174,3.7625281059366484,1.416072708147497
2012-03-08,2.5372185587980867,5.892808934759438,2.9373043496821505,3.8218795690741243,1.4301608699430686
2012-03-09,2.5578960489879825,5.962305456356772,2.9633077130786973,3.8426206257655036,1.4356926061234128
2012-03-12,2.560984987903006,5.907200100247692,2.956330322482814,3.8469796264246443,1.4357966265807012
2012-03-13,2.5873198743146757,6.01472364132496,2.9925334625147686,3.8768460718998305,1.461677838702907
2012-03-14,2.5409324368861834,5.922523696626745,2.9204175035391504,3.8382624533848415,1.46011302258238
2012-03-15,2.560621520776146,5.975477209306108,2.950136083573314,3.8634486213059245,1.4685661451227832
2012-03-16,2.556992423316255,6.032742891997149,2.9475559060422016,3.868884918568278,1.4705998219251757
2012-03-19,2.568851792036607,6.047187387142269,2.965795006905426,3.887972464432091,1.4763648098895477
2012-03-20,2.551424433689785,5.999456854732204,2.936180900591303,3.8774773464903114,1.4720670740305908
2012-03-21,2.5490710728307,6.00720372772072,2.937061566086261,3.886418685420016,1.4696564639849405
2012-03-22,2.533608964252923,6.007814879891922,2.9071500420448007,3.8924057435033528,1.4590696410300137
2012-03-23,2.5476344565529674,6.053711449707251,2.932487375550346,3.929849790853138,1.4637865332143982
2012-03-26,2.5763945415366587,6.154852085765444,2.967453779906236,3.9831092489028013,1.484330932220065
2012-03-27,2.57048468908337,6.0897482720244,2.9581702694756835,3.9673309091504705,1.4797189828418513
2012-03-28,2.542018203840599,5.966182022010287,2.9127818765739515,3.9285076163558563,1.4723816974826844
2012-03-29,2.533013287019635,5.9485662387458795,2.9079587664008386,3.911874422932632,1.4698659396644456
2012-03-30,2.5537601765401736,5.971891746172299,2.933708778018406,3.934557468797889,1.475945448597702
2012-04-02,2.5612840820633234,6.003250869941521,2.947054912509995,3.958875020504277,1.4867412348160878
2012-04-03,2.537533766699351,5.956470840747407,2.9209515726346362,3.9525504301903016,1.4806618283660407
2012-04-04,2.4939634805902076,5.823167601771656,2.849579505892074,3.899180862798385,1.4659873601309161
2012-04-05,2.5071277310918023,5.829429888652464,2.8681339043438614,3.9032874412894687,1.4652535803533948
2012-04-09,2.490562619863611,5.767778443402764,2.848577244576292,3.8825176062061346,1.4487970315943435
2012-04-10,2.478693599413466,5.7055932837957855,2.8329869824557883,3.834912844009799,1.4244794057941548
2012-04-11,2.482527037763299,5.768753981088077,2.8364837302089767,3.8457644280057095,1.4360096891725258
2012-04-12,2.522597634184957,5.860239952662593,2.9015572334653434,3.906549451906109,1.4547722126206841
2012-04-13,2.4869054125652394,5.741075757584611,2.8475451658292847,3.863340000691752,1.437477556177196
2012-04-16,2.4956763745372026,5.691706135023936,2.8537703913318566,3.850343483510818,1.436533583337706
2012-04-17,2.5347713927603603,5.875593673448225,2.902508591560058,3.9047860539484898,1.4578115571544759
2012-04-18,2.5197313845255622,5.875358135161311,2.8828408597266773,3.916016748386496,1.452885394257005
2012-04-19,2.5041694871157,5.842764524970839,2.866323229680795,3.889466375628704,1.4435564502111973
2012-04-20,2.5138023517698262,5.800020113219741,2.8745314517552027,3.8833920152702333,1.4459670602568475
2012-04-23,2.4578529883445004,5.651004812578875,2.8022237288016587,3.811208054653,1.433808247356753
2012-04-24,2.440774361554323,5.599111532922772,2.786884681651486,3.796806036623308,1.4392586118690314
2012-04-25,2.4760473373503458,5.768303693960594,2.83059500560802,3.8982369781176516,1.4589646982238431
2012-04-26,2.5025137409307363,5.873165087494434,2.8641886057052477,3.9588632909572885,1.4691326723029698
2012-04-27,2.512487139001658,5.64319007805753,2.8751040581029947,3.9418323602263845,1.4715431798654108
2012-04-30,2.5076568729527513,5.610003101077841,2.8634733958800402,3.9331943308334547,1.4660918930042504
2012-05-01,2.515458508058858,5.659927728851047,2.875390224784153,3.9488364702597076,1.4752113613705529
2012-05-02,2.526544713445959,5.728120241183818,2.8885310658013914,3.9753994314211107,1.470809605054308
2012-05-03,2.495573017776261,5.608022556644868,2.842246571466821,3.915203840552181,1.4595935351951936
2012-05-04,2.4744321648410046,5.442890425057385,2.8146937301443553,3.847451007728045,1.4360096891725258
2012-05-07,2.4782291483801417,5.4746842579981,2.811248922325032,3.8560602941700686,1.437058092402141
2012-05-08,2.4549589762204453,5.365295544230714,2.7789647260639243,3.823832186035709,1.431293104437769
2012-05-09,2.4436180652526818,5.343041342945907,2.7625241961695637,3.8031732872005057,1.4228027804924441
2012-05-10,2.4475370401859298,5.280399424664774,2.7611182660396647,3.794508266792697,1.4257373871864834
2012-05-11,2.446472127801544,5.28273706196496,2.7575606918517286,3.7860230570195093,1.4214400612603633
2012-05-14,2.4232228586060645,5.222293389525824,2.7283719647533213,3.7392231147355806,1.405717292278833
2012-05-15,2.4011229504656297,5.175822743487732,2.694509063573514,3.728013979673306,1.3976461246589358
2012-05-16,2.382518227171928,5.052539368603379,2.659641457054939,3.6986367906810926,1.3923003955032007
2012-05-17,2.4090813765019683,5.010768742041772,2.6833536316867432,3.6781746670616178,1.3716510536913633
2012-05-18,2.4210762646815067,4.938018076557755,2.700312994116616,3.664551687789953,1.3599113971166965
2012-05-21,2.443018938083948,5.075938162923798,2.724779649243002,3.7394194205335802,1.3832859724262778
2012-05-22,2.4490880675426543,5.033970974177038,2.725377150388611,3.721538896664414,1.3856968899215552
2012-05-23,2.46361906849592,5.137923911314431,2.7453683363032826,3.7599507135513814,1.386431079631913
2012-05-24,2.473301361988619,5.119849938021152,2.7549038285498066,3.762201179495319,1.389155800713611
2012-05-25,2.4836964995053914,5.153234446262129,2.7694616782984345,3.769221333074058,1.3846484866919404
2012-05-29,2.5004513292027295,5.182848313498278,2.7927354006083407,3.7913401594097853,1.4014196589030852
2012-05-30,2.478988706829176,5.0413534726815294,2.7615747138590527,3.7438130958065843,1.3810851455097597
2012-05-31,2.4797996734920282,4.951278722591365,2.7594820254255374,3.7220391319457793,1.3780452885599224
2012-06-01,2.4692984908095936,4.771073971073887,2.7368425712164,3.6578900855184577,1.343350213001102
2012-06-04,2.45995219789106,4.751275990160524,2.7182050506826743,3.64275397626531,1.3427215809961697
2012-06-05,2.4823588661849016,4.836029973444583,2.754105580332437,3.675796580847065,1.3528889401760416
2012-06-06,2.526725274290632,4.9989875720214405,2.8214194965007575,3.7566774054033485,1.3832859724262778
2012-06-07,2.501072601864796,4.942784838860866,2.789324110488323,3.7321017348777548,1.3841244900435514
2012-06-08,2.5288846453241955,5.004903948815344,2.817443682235064,3.7908356140812383,1.3951307767735335
2012-06-11,2.516763300250381,4.909818554680595,2.8022610135662958,3.751444418101116,1.3774161441389443
2012-06-12,2.543699054715795,5.074847957217352,2.8377016494319895,3.781809855893113,1.3932436509602266
2012-06-13,2.545142294572278,4.961012670292919,2.8413189340303284,3.7621149343086606,1.3843343756558926
2012-06-14,2.549845490939661,4.90030240286438,2.8365104279744098,3.758507058920378,1.3990084339581803
2012-06-15,2.577125068219395,4.998516405301023,2.874868117087862,3.802940452289667,1.4133174470694723
2012-06-18,2.589345385276394,5.082803775848675,2.8911563280750947,3.8378656375245015,1.416056310834033
2012-06-19,2.597144788083314,5.141491139788632,2.8981248287475063,3.867509532204642,1.4297537041531114
2012-06-20,2.5965151220891394,5.1005172560166105,2.900691618847615,3.8564951734528945,1.4274349190628606
2012-06-21,2.545273253255797,4.913555160647753,2.83165479660247,3.7599314245848707,1.3954055342572673
2012-06-22,2.556361641567747,5.000651615424087,2.843796582996295,3.7803597693852566,1.406152128535261
2012-06-25,2.5497574891556574,4.957154539521955,2.8397615977848343,3.7724713430546957,1.3836047976899464
2012-06-26,2.5520876799843326,4.970820593314313,2.8393274113577998,3.7949369725608157,1.3905590008133069
2012-06-27,2.5757819947398866,5.023357927406965,2.8671707516753155,3.8228140051814083,1.4030964891712143
2012-06-28,2.5605614019150353,4.931128447768333,2.8441091282524713,3.787257655354292,1.3990933925385665
2012-06-29,2.629600052626021,5.103502929225777,2.931538075813503,3.908020563692225,1.433967711230192
2012-07-02,2.6180430136363237,5.110823119756921,2.916546817067524,3.9060096774017903,1.4382873784959072
2012-07-03,2.6627298183763544,5.217297206782087,2.971919136727173,3.971667851248242,1.447769944872232
2012-07-05,2.6478102199533606,5.226355335324559,2.9489353923523285,3.9544350304543876,1.441237357671319
2012-07-06,2.6185148532585183,5.11331858068612,2.9064577032333947,3.912921398719576,1.4275400668354499
2012-07-09,2.621995646102496,5.080617325794455,2.9077009070690756,3.9125112164525593,1.4257496851715816
2012-07-10,2.6134655068193013,5.03572902072094,2.8924125763669246,3.8986112716048305,1.4133174470694723
2012-07-11,2.6131960685502285,5.077150934199583,2.8932308627700873,3.8934816792812086,1.4135273326818134
2012-07-12,2.6013192916719476,5.026588606489081,2.8801244607807863,3.8738802491195266,1.406678892230297
2012-07-13,2.6392412623897052,5.087828986463779,2.9209488879829792,3.925483199089755,1.430280057915311
2012-07-16,2.636127684268737,5.101908783614742,2.912450491551236,3.925320286537328,1.4269079504014064
2012-07-17,2.6388553174534866,5.127634071615906,2.9166959806267605,3.9508279100627908,1.4367069849275893
2012-07-18,2.643812260112297,5.202977048854651,2.925700798025855,3.9885109577699063,1.4473488413658306
2012-07-19,2.6647229382829516,5.266856994137768,2.9654494728031024,3.9943689352659284,1.4511416424533004
2012-07-20,2.66180685018719,5.184733478881284,2.9587347625403675,3.971701644586067,1.4378659675398784
2012-07-23,2.6335354149107304,5.072317702888517,2.9218152455441224,3.9387804552484216,1.4233261622415785
2012-07-24,2.598744921557936,4.998470976088831,2.8837703338503684,3.884907142379375,1.4111041172014378
2012-07-25,2.639599831388928,4.977668662408593,2.929932643185675,3.9070273526210006,1.4114208928009235
2012-07-26,2.678045942877415,5.139876586807001,2.9732958096188185,4.023442285087379,1.434705282886452
2012-07-27,2.695480861325766,5.298979586252127,2.9909257085433136,4.10353247498727,1.4611508700414524
2012-07-30,2.6899317897156867,5.257510893873242,2.9899796315404488,4.095574464072895,1.4611508700414524
2012-07-31,2.676006361021053,5.288583597455941,2.9781443563189987,4.078723732283106,1.4509311419417044
2012-08-01,2.6509454789443994,5.198810943676973,2.9458965937085075,4.037600716702514,1.4496664991407808
2012-08-02,2.633907352248615,5.316950554491909,2.922471842257616,4.034007239126627,1.4396571690694198
2012-08-03,2.673070705826016,5.427884750387125,2.9737152335878814,4.118095185916107,1.4682101184541925
2012-08-06,2.667659939947959,5.526803094801008,2.96922182745749,4.120586353764616,1.4710548473738063
2012-08-07,2.6612273686024093,5.686695195718522,2.9723253474542335,4.13144643211706,1.4784305639364046
2012-08-08,2.6649731496469764,5.5825491856948855,2.973137070840886,4.076139731299963,1.4802211505666913
2012-08-09,2.6617547856550443,5.632405569238695,2.9702876104467055,4.0880508448961175,1.4814856908844054
2012-08-10,2.673198541838815,5.618792431364357,2.9793323215969982,4.096103735701223,1.4839091113311995
2012-08-13,2.646278990586862,5.57491684744812,2.943568939685025,4.0743101059384905,1.483171232225312
2012-08-14,2.648069945093648,5.539433828811424,2.946455104568804,4.070075206821663,1.4833818352201176
2012-08-15,2.670418903101416,5.65392457967236,2.9733592288288095,4.11140047909759,1.4850678889770699
2012-08-16,2.6833774313757517,5.784184990051684,3.0031978044285395,4.137650699077264,1.4960253936994965
2012-08-17,2.676439710325076,5.80579347779084,2.9937985927399415,4.131185226802193,1.4980274031902612
2012-08-20,2.6762034849742546,5.833218518597771,2.9965141440931817,4.121588837582971,1.4981327559292685
2012-08-21,2.6858748282950966,5.907213889961193,3.019015175300671,4.113816643777145,1.4936019732527022
2012-08-22,2.6907841571349698,5.901349172257422,3.02677137466356,4.118260265116897,1.4942343971363732
2012-08-23,2.7066713018246396,5.865308792466695,3.047469754598026,4.10405605382377,1.4820129669954876
2012-08-24,2.7273717716851102,5.885922364527878,3.0666543201811627,4.133557129279247,1.4909681547775213
2012-08-27,2.7363234710654893,5.890419750913668,3.0761348267358053,4.139979666895938,1.4912844179609612
2012-08-28,2.7355662468239896,5.910672585537009,3.076311240821886,4.143644252476836,1.4898090696820234
2012-08-29,2.7425051913537626,5.902690468629934,3.083849744261603,4.1691860548218855,1.4909681547775213
2012-08-30,2.7199572550788274,5.692089236513722,3.05245657032174,4.126788802149808,1.4802211505666913
2012-08-31,2.744611452658834,5.755823247087581,3.088438823735779,4.157417792785532,1.4872808089122678
2012-09-04,2.752261584353948,5.712387125867445,3.0991142845035915,4.166769424535781,1.485910813372337
2012-09-05,2.7566813828928023,5.658694262730456,3.0988421564510094,4.172666338227855,1.4846470929202962
2012-09-06,2.8004810474171964,5.830859339268875,3.1516697884378586,4.256692841248753,1.5147802309069682
2012-09-07,2.817953890473363,5.856493438623278,3.17954350550049,4.266066694754993,1.520679676841746
2012-09-10,2.797003147883455,5.8080384768745725,3.1509601077674367,4.222168843320782,1.512039727411061
2012-09-11,2.800134326074223,5.862789081924546,3.1517187324697145,4.249051103255053,1.5162545543538148
2012-09-12,2.7908212702810604,5.891386891780672,3.137717392543775,4.258411133547787,1.5213125106582537
2012-09-13,2.8356950969440837,5.984398501561593,3.193342661028734,4.320655987898051,1.5444920604208205
2012-09-14,2.820241552187918,6.0990859746017785,3.1765204188949463,4.307406100626548,1.5513406033555461
2012-09-17,2.815239020312708,5.99598973522644,3.1695129199457357,4.281476341384408,1.546072146539511
2012-09-18,2.821534069603355,5.931321393234832,3.180951710660006,4.278878582030355,1.5448076062217966
2012-09-19,2.8189231919491933,5.888568175138698,3.174385615771291,4.278557025954128,1.5456507355834819
2012-09-20,2.8116999733149415,5.78639943420842,3.158213780804682,4.263078640395346,1.5457561908056985
2012-09-21,2.827495960211779,5.795240668875253,3.1827656501087924,4.3056124572312475,1.545109214306328
2012-09-24,2.808864392881766,5.719790603003057,3.1509218121037756,4.281568727385782,1.542779975928744
2012-09-25,2.787089165300943,5.591688635306895,3.115433848778876,4.241446381843029,1.526361653406706
2012-09-26,2.764742869512816,5.611868681541338,3.0923963812715565,4.220379419217134,1.5177815541701647
2012-09-27,2.8038489768133488,5.7804254787969125,3.148772450206181,4.284363629132887,1.532081241309424
2012-09-28,2.7847957238165826,5.719143002240656,3.125295363121447,4.2550638096600055,1.5249846890085528
2012-10-01,2.7965122068853607,5.726234375124147,3.13943841689113,4.272222728393454,1.5290097170479588
2012-10-02,2.799388914933642,5.7413311847054285,3.141389969539813,4.260014037547686,1.5305981043065904
2012-10-03,2.799471628773745,5.72718255545196,3.1355072289903165,4.266993342105657,1.5368478378502466
2012-10-04,2.8232236255116385,5.789009014543449,3.161442383481419,4.309016250584988,1.5478632455858432
2012-10-05,2.8064556199653046,5.663139346966451,3.140303353281859,4.294482207355519,1.5479699306065693
2012-10-08,2.8303458399957133,5.63183375239222,3.147469733108944,4.313458756833384,1.54267298345839
2012-10-09,2.8270388193546756,5.579987829376871,3.140650726107228,4.274335442691698,1.527420509923654
2012-10-10,2.8070053271018027,5.514460874391235,3.1177673660589345,4.223557914084826,1.517675791498321
2012-10-11,2.813450855190037,5.5769392893982985,3.1249403916142033,4.233639468950088,1.5185229177051631
2012-10-12,2.809468754424518,5.546687274110507,3.1166734469639983,4.214769736950176,1.5135446933374437
2012-10-15,2.8374953405744567,5.516034236401682,3.131468288347341,4.246277853011102,1.526149308197345
2012-10-16,2.870289442862193,5.644040089275249,3.1734265091785563,4.290027913548803,1.541614126941442
2012-10-17,2.8778354592222595,5.747138228019113,3.1836165680992434,4.306250822108872,1.548605633952933
2012-10-18,2.8733641139237793,5.68809085131284,3.1771281428870632,4.2740374039096025,1.5445800934974814
2012-10-19,2.8236504569960506,5.511775677607562,3.1143004874244626,4.190935676640484,1.5188405131703222
2012-10-22,2.8168618102471803,5.540902641752243,3.111345244447768,4.196508859386348,1.5190523459636374
2012-10-23,2.787688731302487,5.488276262583221,3.076926221856106,4.157691684155664,1.4979738044718753
2012-10-24,2.756781984025994,5.456409726628629,3.044100360602371,4.119715646059205,1.4937372510887816
2012-10-25,2.790802168131669,5.532933453448045,3.090154345935521,4.187795053641721,1.4980794646605102
2012-10-26,2.777737863981572,5.45850238647786,3.0807831914547394,4.19721352539347,1.497232440936877
2012-10-31,2.760795675982751,5.447475377838377,3.0695799539848303,4.174898624424052,1.497232440936877
2012-11-01,2.7492248445687184,5.580730003561366,3.0617587363954466,4.225105599892615,1.512909092474289
2012-11-02,2.7101911639531107,5.4969248741627466,3.0118244004334853,4.190100411095094,1.4994569414747088
2012-11-05,2.7195792287944927,5.618145602998044,3.0224922576175857,4.230745170994373,1.5025281582865464
2012-11-06,2.7528594935656265,5.787049852516629,3.069133563333917,4.290274974545479,1.5142858519060236
2012-11-07,2.717433707187141,5.611528865824215,3.0187488232399926,4.222823779025216,1.479967299657624
2012-11-08,2.6965930444722424,5.574371295739704,2.997776531542382,4.187437955193946,1.4621716028045966
2012-11-09,2.701656274850652,5.582937761517048,3.0075041123610085,4.184945267998381,1.4634428045309058
2012-11-12,2.7172096181625554,5.6207190901885085,3.0218738122943813,4.199112918938629,1.464607628686116
2012-11-13,2.691481002776331,5.554602511331497,2.993827989675758,4.176819115895422,1.4595231292305069
2012-11-14,2.66654841769207,5.479738983650289,2.9679141051664137,4.13050785984961,1.4398214496536887
2012-11-15,2.6269145539521745,5.465316656601524,2.92626441127563,4.085307348874419,1.4373857312217966
2012-11-16,2.6195434037947227,5.490716717086318,2.9155887682976203,4.085442748490826,1.4444823860058769
2012-11-19,2.667257445570842,5.661431182069184,2.9740675155826506,4.164704105458863,1.4737170536979223
2012-11-20,2.659830488929585,5.661806558535158,2.9629587923202503,4.1631636172788955,1.474352859527495
2012-11-21,2.6638650160855644,5.690126131534281,2.9689676767834188,4.1763414128943745,1.4771068908070102
2012-11-23,2.7101348145230872,5.742773262225886,3.030257603462803,4.230371294591284,1.497232440936877
2012-11-26,2.712909892697206,5.835883651597698,3.036102177982241,4.241445935357545,1.4940545391043132
2012-11-27,2.706293924816176,5.857397881447552,3.0324918181575313,4.216751092452373,1.4864275337128765
2012-11-28,2.722033139056752,5.9532045381229635,3.056332085918137,4.227902291461617,1.498397675024924
2012-11-29,2.749305606803505,5.999012494914735,3.0942727318426937,4.269227330064003,1.5053887721035786
2012-11-30,2.7463741247814646,5.94838394464107,3.075320688119428,4.269642550140671,1.5057061626023194
2012-12-03,2.7409298627197227,6.031803700329398,3.072201598041977,4.254738962660033,1.4982916049034525
2012-12-04,2.742676752215009,6.063173254166332,3.0692653080088586,4.264844161929919,1.4961732769703013
2012-12-05,2.747260395559892,6.124054202836051,3.074267256361402,4.29159554744348,1.4988210331619267
2012-12-06,2.756422934907598,6.195070667600658,3.09033594348543,4.316518787434854,1.5039057375839544
2012-12-07,2.757246862009667,6.189381007359554,3.0826041749735573,4.323465346070725,1.5084600913986252
2012-12-10,2.7735148108073764,6.137772190789311,3.102583515634011,4.333278146671841,1.5090961021946163
2012-12-11,2.7739195488379265,6.1575229472097,3.1034948130594544,4.331368806351023,1.519370453844842
2012-12-12,2.7473884914303235,6.155929392813979,3.0935086766546736,4.279733820897892,1.5201117148966312
2012-12-13,2.7162131600703714,6.067205884550719,3.0467090245620656,4.22893839809108,1.5107909695075559
2012-12-14,2.686093245798516,6.007869965941019,2.999834164773296,4.191739178458516,1.5051763244110086
2012-12-17,2.7176605737501176,6.032739967398354,3.041143532150391,4.2283585409706905,1.5228661561089831
2012-12-18,2.726501167192211,6.088579217259135,3.0460251984654443,4.269741444951757,1.5398135994398678
2012-12-19,2.7123151766619253,6.087649144115212,3.0294286494440636,4.262860393643766,1.5283735012855493
2012-12-20,2.7058870040571583,6.0361183480510725,3.0070215404017273,4.271623118875859,1.5371655357986147
2012-12-21,2.695977640534366,5.958692611352301,2.9922071521462983,4.25088498417065,1.523212754322332
2012-12-24,2.6836948596533454,5.937839567990603,2.975933025939086,4.240196889899244,1.5185195357592611
2012-12-26,2.6752955729179075,5.931341279188225,2.966424790802971,4.224268004028135,1.5121183320324798
2012-12-27,2.6795663293447802,6.010634764583573,2.9758477915702395,4.237942698873221,1.5100917265715186
2012-12-28,2.6572656339484024,5.962552544162449,2.9489342295830654,4.2055418614812154,1.4937704556485465
2012-12-31,2.69399597942701,6.111523868057081,2.9901332293462817,4.270343781267031,1.519158723534736
2013-01-02,2.7302423082181355,6.209635334468173,3.0430072838485542,4.336445573632639,1.558095784086735
2013-01-03,2.719273402785749,6.282457455327994,3.0297504975969387,4.330896300582803,1.5545750759195613
2013-01-04,2.722655819521944,6.269000306031719,3.0161110008345866,4.353264259645823,1.5614025073132018
2013-01-07,2.72080104116886,6.206303644713734,3.018563110134799,4.345606630198645,1.5571350040009446
2013-01-08,2.7318497116551375,6.138320100992017,3.028107133635038,4.3390427096306095,1.5526547455464896
2013-01-09,2.7560835851674805,6.206763720914647,3.0548648197104895,4.3944024208948615,1.5566016813805226
2013-01-10,2.7870498586843033,6.281891996122473,3.099786216502439,4.42859508757915,1.5689764264022983
2013-01-11,2.7785868908249496,6.278665341977054,3.0912079225115527,4.429977141462847,1.5688692289655262
2013-01-14,2.7944538259330405,6.330856954387109,3.1235112090691834,4.4392419867672706,1.5678030961407283
2013-01-15,2.813463678239418,6.396171354283243,3.1407212701473526,4.4536635458517,1.5688692289655262
2013-01-16,2.809193350586995,6.358582372389538,3.140565023860233,4.466894792701678,1.568656576306538
2013-01-17,2.8220849548202205,6.346297855638317,3.1577568409628087,4.481345202943487,1.5787904234770176
2013-01-18,2.8305651521220234,6.337804023357646,3.1652554488903104,4.486324065777242,1.5823107217113548
2013-01-22,2.8325687482882693,6.472030535184925,3.170442796674434,4.528892222631327,1.5908442935709413
2013-01-23,2.813976105534714,6.445347148276283,3.1588640521107805,4.503162807098621,1.593404631585161
2013-01-24,2.814315131888443,6.451932597484397,3.1471507850778178,4.519846679838712,1.5938311667016476
2013-01-25,2.8002865443210974,6.56953021911549,3.1294850563310503,4.54663842176374,1.6027924009930214
2013-01-28,2.788582188055082,6.557980920232306,3.1150668301840025,4.549772539612703,1.6008720706199495
2013-01-29,2.8249962840671996,6.462676827012658,3.150842665929612,4.564156607280633,1.60716597442675
2013-01-30,2.844176688415469,6.481494555254247,3.1866001281874223,4.578239953724208,1.6008720706199495
2013-01-31,2.8333267312773254,6.475510052215449,3.1744706300844237,4.561580193471002,1.596925339752335
2013-02-01,2.8585703247956142,6.5115983949638565,3.2086566467773863,4.587724209160079,1.6133532956960333
2013-02-04,2.8358059105626,6.490167412582921,3.1781757423997847,4.548254384205369,1.5952181744542975
2013-02-05,2.8527406723429363,6.523718066682923,3.1960457674482012,4.579782057127531,1.6113263827854445
2013-02-06,2.86190544750739,6.628330792996583,3.2075332547204467,4.6018638034537656,1.612500020496642
2013-02-07,2.845597108667034,6.638204879689176,3.1811374902524356,4.583585310867064,1.6103662175989086
2013-02-08,2.846653408742647,6.664248554331296,3.1852445246977976,4.607140038352613,1.6193261196085635
2013-02-11,2.8267064746623,6.715036692146621,3.1561233107510804,4.596484036794781,1.6190065769624304
2013-02-12,2.825122310352807,6.740139124866437,3.15502525086454,4.586911346081174,1.6216738049637947
2013-02-13,2.824821499824058,6.69217025732351,3.1531852202675674,4.589252445984931,1.6230598903675622
2013-02-14,2.8268884631488223,6.7689689354581155,3.156325035525632,4.592960884404073,1.624553480657729
2013-02-15,2.800207480832211,6.693402990417941,3.1240898021422807,4.551951154204498,1.6226330478014483
2013-02-19,2.8151605014050567,6.805221282528922,3.138636391336622,4.571615671029649,1.6347939103657259
2013-02-20,2.7898118551007522,6.579575553441916,3.096398498143114,4.484612137078342,1.6144202483865042
2013-02-21,2.788077829287888,6.4649230522945444,3.0898645417522523,4.459488565158662,1.6046057388957393
2013-02-22,2.7945613685987354,6.455058047154649,3.096119934946094,4.469958628907214,1.620286899694354
2013-02-25,2.779237545718217,6.344179026577134,3.0785655195168493,4.414433419663285,1.5894577982343372
2013-02-26,2.8001134372655136,6.34709808766257,3.095122811547734,4.464724613704354,1.6003384405499002
2013-02-27,2.8127105300390465,6.321229012687127,3.110930846275206,4.515055405537831,1.6205002697358064
2013-02-28,2.7940446790929863,6.279110330220285,3.0904620644635177,4.499743266989922,1.6172996166308113
2013-03-01,2.7890870746534437,6.397404330447753,3.0794278797870684,4.513513903730962,1.6226330478014483
2013-03-04,2.792857059780904,6.396298333629615,3.0782280722843915,4.531460024256758,1.6312745344802706
2013-03-05,2.8181136566921117,6.467879195645573,3.107663091085152,4.572610281621079,1.6458882301723685
2013-03-06,2.8181665446147774,6.532428878139706,3.114918151596186,4.575558634423243,1.6481293329900828
2013-03-07,2.82510744852533,6.536931599349575,3.1236379917741934,4.574015642675642,1.6511155912215343
2013-03-08,2.8297322569777337,6.5836343153192445,3.1320808381288794,4.597249683742143,1.6581563926566272
2013-03-11,2.8382000939004115,6.594512301318866,3.1422150562876654,4.600356512768936,1.6644505014298456
2013-03-12,2.853646217667881,6.660445777705442,3.1604465478092614,4.628821673314681,1.660716935637265
2013-03-13,2.848870389298415,6.647298006534808,3.1543669534304537,4.630352746875105,1.6630638011268235
2013-03-14,2.8517289684789593,6.699713117510893,3.158817043613103,4.647306840215322,1.6719173255653794
2013-03-15,2.8473149044802177,6.68191932966011,3.153546781944133,4.640108423479613,1.669710144689894
2013-03-18,2.8341429142493113,6.618574292150711,3.1341618525469213,4.6054011648341655,1.6604956743887083
2013-03-19,2.838592946294284,6.593143295056245,3.1363297413292313,4.586719534818475,1.6566385138458914
2013-03-20,2.855089514346739,6.704216733281209,3.156231275402079,4.616881305054377,1.6682095855415051
2013-03-21,2.857272167172781,6.6593685407114425,3.162079422481075,4.59473242399739,1.6539592953090567
2013-03-22,2.873890322879753,6.658888939229716,3.174426555977198,4.620551172566042,1.667245935925858
2013-03-25,2.873009670637532,6.614441199899505,3.1722860748352506,4.616921607228312,1.6602811770319552
2013-03-26,2.8753976173190234,6.648722468931379,3.1741135909856553,4.642685736822995,1.6735680226151748
2013-03-27,2.879708351748597,6.69924991286638,3.1748574499215705,4.660500077602749,1.6735680226151748
2013-03-28,2.8737885060889057,6.722429296609863,3.1655625149779096,4.657363094753187,1.6787110399832093
2013-04-01,2.8664204962214344,6.655951272589493,3.146716202860601,4.649625206201391,1.6720678733996224
2013-04-02,2.848679366005135,6.602368235002693,3.119514990272676,4.619412029683619,1.6803182841523243
2013-04-03,2.816226922863989,6.530221922679228,3.074292176871693,4.586133767061482,1.6632805531141779
2013-04-04,2.8229044243371906,6.586785945720857,3.082801535440001,4.605285510977168,1.670031839483419
2013-04-05,2.828706186692183,6.565687200980537,3.089911108624411,4.597988599389347,1.662532015754539
2013-04-08,2.8399838270617748,6.620247895573311,3.1003351264685026,4.62385664309591,1.6737822125223005
2013-04-09,2.8644452492867574,7.042260555761769,3.135723771989595,4.652280243090337,1.6795679020949208
2013-04-10,2.857778808538836,7.091570769450888,3.132923282723034,4.686008840976803,1.700140279016686
2013-04-11,2.867937573241022,7.124517896635534,3.141581456508643,4.699455626473074,1.7057117786821807
2013-04-12,2.8120809050818973,7.020680961640942,3.0669903657455984,4.634130582807918,1.7015333332786757
2013-04-15,2.6907388635472156,6.708340668928545,2.912113749656422,4.454317009323306,1.6621020986921502
2013-04-16,2.7249752645093785,6.852243413240718,2.9506292086450823,4.51828121448796,1.6866408832576871
2013-04-17,2.6915484206900144,6.701059213114882,2.8965032418038312,4.450107118158192,1.6619953111882149
2013-04-18,2.6642060461369494,6.636286801312042,2.867390075528534,4.402650661447103,1.6516020790153743
2013-04-19,2.684472862208277,6.670952785274782,2.876622761375923,4.439147120288817,1.6659598741342219
2013-04-22,2.7066173549391697,6.735118612987508,2.9055095949445433,4.468878254672987,1.673352910359167
2013-04-23,2.72699539090242,6.860159131649716,2.922006060821383,4.529585034092372,1.6906043188883935
2013-04-24,2.7229521877254297,7.003855853700384,2.9339200296969623,4.528843998794177,1.691675678356858
2013-04-25,2.751748731678261,7.060701593176657,2.9754118178674824,4.570054107445696,1.6985341621628711
2013-04-26,2.741131338627474,6.910966367441902,2.9547588789567967,4.541709435704219,1.6955339662149753
2013-04-29,2.746138368731777,6.981541280508844,2.9695087987007933,4.55531622607171,1.7068906430370447
2013-04-30,2.740793917613806,6.996887628245032,2.966526527642973,4.533584915592864,1.710962505903033
2013-05-01,2.7060130253826524,6.862850911938783,2.919493053378989,4.46899286910195,1.6959624485124358
2013-05-02,2.7332938154817783,6.9811790308467305,2.9543204968064876,4.536091558127391,1.7117126829940184
2013-05-03,2.749095648546371,7.012204110043452,2.973232887510375,4.56312386142896,1.7290708790271803
2013-05-06,2.7529280312545312,7.107907673558633,2.984241732440887,4.591834064758531,1.7334637193042293
2013-05-07,2.7436487721646188,7.050746367697335,2.976442512286471,4.58578642988171,1.7422510395896738
2013-05-08,2.7771999133576553,7.183872171333882,3.0161866079345088,4.6419102175316675,1.7501793456160144
2013-05-09,2.7757589939458294,7.209179305370546,3.016072333228302,4.643233303488814,1.7452509280879422
2013-05-10,2.7740791355563688,7.331206168490929,3.016585016418677,4.6607286299709,1.7509297276734181
2013-05-13,2.779792825461034,7.309866326891688,3.0180276468911447,4.662372095530273,1.7523222695193619
2013-05-14,2.7768390586471483,7.37274467026262,3.0108405486730097,4.691878927192988,1.7704306426435095
2013-05-15,2.7871501653191117,7.34650773396741,3.01321039190367,4.713918542573127,1.779967320154266
2013-05-16,2.766348623158039,7.264780346297308,2.998966594454072,4.675141784528266,1.7716089945823277
2013-05-17,2.7520926007472255,7.344407320724552,2.9850340645548217,4.6860880869663974,1.7887532056747824
2013-05-20,2.755170982660705,7.478310674406624,2.994017018843725,4.698472818005823,1.7886462132044285
2013-05-21,2.7723959756506638,7.515522643279536,3.0159957256511527,4.6952781972929625,1.7912177218884457
2013-05-22,2.754353951324971,7.38961899617487,2.9972972437968397,4.643144671144773,1.777931388721272
2013-05-23,2.7467671700982086,7.38291224395994,2.984541555160537,4.6633547393451495,1.772787961420401
2013-05-24,2.749661968839862,7.36320308466329,2.9889061591009107,4.653592149566159,1.7712874022720118
2013-05-28,2.7510292798253393,7.389658762648891,2.986798052863228,4.67806266771183,1.7818958491840697
2013-05-29,2.7418202116128465,7.426625422384572,2.9844582080517963,4.668378355261058,1.7703240601059922
2013-05-30,2.786325329490948,7.635220776764994,3.049289091814214,4.743593164815283,1.7768600292528072
2013-05-31,2.7485135690960076,7.548069505963692,3.0065854040191935,4.692469234815979,1.751358517420506
2013-06-03,2.76491726910762,7.577476786498909,3.026725602769813,4.71969275119035,1.761001982435198
2013-06-04,2.751814940869565,7.534263160925684,3.0120849719510394,4.694789408075206,1.752536664392906
2013-06-05,2.727075612652955,7.4249367825369665,2.9861438485821363,4.649419360380051,1.7280001344579705
2013-06-06,2.74584441979147,7.516574288378482,3.005817870925439,4.683394143154203,1.743642556603526
2013-06-07,2.741202426798062,7.524835538572999,2.9896416940275343,4.702589265600242,1.7658229975600797
2013-06-10,2.735779544886614,7.599831317950381,2.985797923496929,4.7061781283315804,1.7658229975600797
2013-06-11,2.7007109855192235,7.432160432997532,2.944048382404586,4.64761228473939,1.7476078369319972
2013-06-12,2.6932325765661993,7.270137908893754,2.9352491796761386,4.623462159520093,1.7331435617588415
2013-06-13,2.7057923349581383,7.341731633879537,2.953022582842011,4.650295905138013,1.7595012183203904
2013-06-14,2.7179742974726007,7.356757912652207,2.9725005779014895,4.658982856843903,1.7484652114597543
2013-06-17,2.7306643528150905,7.3899536747308066,2.9853048140996803,4.679936869636164,1.761965734534054
2013-06-18,2.7410445651667206,7.47549952912157,2.9991171915710213,4.723610167594719,1.7758952523218596
2013-06-19,2.7036531585282586,7.394028286367329,2.9581908063930626,4.684481213086986,1.751358517420506
2013-06-20,2.6049712848183337,7.112816819281415,2.8386769960188,4.526280225978433,1.7079623099551369
2013-06-21,2.618589986284957,7.05508252350355,2.8532999443237883,4.532979270979796,1.7134452641279254
2013-06-24,2.5942147542286134,6.887488264802328,2.819165420668768,4.449223637414282,1.691793636530591
2013-06-25,2.608958797630057,6.955308816277807,2.838082168395,4.473457412141867,1.7080593615542028
2013-06-26,2.5958692781718113,7.006083564600529,2.8119151850876114,4.473828189911783,1.7249713456947215
2013-06-27,2.5890316220853045,7.1065289129144045,2.806192231508781,4.500287216637659,1.735096276826005
2013-06-28,2.5863466061711806,7.064204941459171,2.8226033417338408,4.467400736181361,1.7279868116407808
2013-07-01,2.617081544619543,7.122547182884485,2.8504587842759332,4.535381407714111,1.738111537805646
2013-07-02,2.622929937175642,7.110647026290297,2.8566591934091026,4.526466785001571,1.736497017328681
2013-07-03,2.626553056419448,7.1107922345704075,2.865337334705501,4.527715236766496,1.7372508838151959
2013-07-05,2.6140243189912122,7.199958044315911,2.8435208773366782,4.546937526527222,1.7559934230375696
2013-07-08,2.644599531152987,7.268231442704209,2.8730571962698987,4.594682673418915,1.766011156732081
2013-07-09,2.6726675016568575,7.3697447291937035,2.9032485721540144,4.640030003936779,1.7787217392302446
2013-07-10,2.6733360019872188,7.426121949425528,2.9079527295220227,4.657729300935315,1.7793679983471509
2013-07-11,2.708588335164425,7.541045946249274,2.955441895679765,4.717693493926612,1.8036044574456922
2013-07-12,2.704642277409621,7.52293185503797,2.949071456083371,4.721331203590263,1.8043581189657887
2013-07-15,2.6840636543003322,7.545437639135987,2.923788235952928,4.74388730791445,1.811251959478959
2013-07-16,2.6854354433160834,7.467926430816921,2.926887558002073,4.723865448939578,1.8044659313018157
2013-07-17,2.6724598373194386,7.4863074128763225,2.907428339379596,4.714661634372291,1.809097967389023
2013-07-18,2.661700834942664,7.432319747095722,2.890564084474056,4.67593194739702,1.819007478814671
2013-07-19,2.681071288391865,7.442026420666556,2.9104182320730976,4.699300705761957,1.8222393892984574
2013-07-22,2.719515778929662,7.4765556907612645,2.961121688611021,4.738110095645027,1.8257941218910694
2013-07-23,2.710997443056482,7.439066927677499,2.947082436833406,4.728192725665207,1.8219157473239584
2013-07-24,2.7080168741749904,7.40562177026821,2.942560807527618,4.723607188755945,1.8152377364492602
2013-07-25,2.714808763450365,7.429103698829311,2.950772507612755,4.741324293073195,1.8196537379315774
2013-07-26,2.7183474751218744,7.417433250826244,2.9496604307934815,4.735470388946206,1.8215923103158778
2013-07-29,2.7084680654395425,7.385026570992061,2.9386913798591667,4.7155357454109765,1.8159920128686116
2013-07-30,2.7072230154083976,7.379914533064433,2.9363190443679215,4.704917223109487,1.8159920128686116
2013-07-31,2.6897843340186363,7.33143609088988,2.9181548576066167,4.67217062582567,1.8172841211695876
2013-08-01,2.6930914949997655,7.337890542101758,2.9231240745823737,4.658764036349686,1.8382894896500157
2013-08-02,2.703288815544429,7.374156539353483,2.937838136273328,4.684152244856482,1.8414129728985205
2013-08-05,2.689348257825611,7.323964058128551,2.9195168321338967,4.657637596736869,1.838719304229195
2013-08-06,2.6594392211414006,7.246984295928863,2.889060495406078,4.602917498171436,1.8282711410562493
2013-08-07,2.666560443275288,7.264702791529604,2.897010145062381,4.605683129845448,1.8223469966680659
2013-08-08,2.689566311832748,7.313100549181837,2.9296138470716526,4.642035726722235,1.8290254174756009
2013-08-09,2.6901050949128233,7.32391186533625,2.9323478625605897,4.6507535321773705,1.8237469173050687
2013-08-12,2.715084110456318,7.314087564426237,2.9720435551510405,4.663548951014123,1.8215923103158778
2013-08-13,2.72686565187174,7.329600812353527,2.988549500945768,4.663131932983344,1.8269780079231819
2013-08-14,2.717922214266865,7.32983118916269,2.98247562958414,4.668802379437689,1.81760735321125
2013-08-15,2.699933263491442,7.200058378665805,2.975031710632496,4.620129633208593,1.7921863931813413
2013-08-16,2.6970064203616895,7.195189241098595,2.9794278674175505,4.624601985497672,1.786261633893903
2013-08-19,2.6802513162515456,7.196628130920241,2.9596341538926283,4.621317197442998,1.7748441845288068
2013-08-20,2.6917640862672743,7.224278783099205,2.9732938862576774,4.637854694617939,1.7835693999895057
2013-08-21,2.6799812674640395,7.221882058863421,2.9578391023925525,4.63366707418173,1.772581150304334
2013-08-22,2.679570077009734,7.313060360331745,2.958490498256181,4.674874295334617,1.7887390629919193
2013-08-23,2.702519737292193,7.403343781848346,2.992200563308271,4.724115367836058,1.7947716346153846
2013-08-26,2.6983413728300967,7.429799265013844,2.997507254948701,4.73175104039149,1.7880930088414315
2013-08-27,2.6919719665188513,7.438463158680209,2.995296825991404,4.738925056031406,1.7593327359245463
2013-08-28,2.7019730582363253,7.425312765816721,3.008793056781021,4.733554222764828,1.7655805222872285
2013-08-29,2.7034342586065825,7.421207455192282,3.0085803474935062,4.721993312713628,1.768380978460489
2013-08-30,2.6912735379439474,7.379325619721201,2.985591325938347,4.70043757234172,1.7627798611475496
2013-09-03,2.701738037760428,7.448257901895527,3.010594454260568,4.733547763416158,1.7707503902560604
2013-09-04,2.7046304789573727,7.45292287280981,3.0006580664626283,4.738921757358237,1.785399750104943
2013-09-05,2.697050951711439,7.432903081534073,2.9930418128639817,4.717085886827251,1.7876621694301604
2013-09-06,2.70982335379373,7.4817515930196,3.015063702229694,4.750658429373967,1.7885236432862839
2013-09-09,2.71919678807662,7.473987410938854,3.020734820694978,4.752206803057479,1.8056506371996013
2013-09-10,2.738243773547489,7.460448816207486,3.037131839854078,4.746170826019997,1.819007478814671
2013-09-11,2.729272929535332,7.426763621815692,3.0282611272217244,4.711918087468097,1.8247164084636374
2013-09-12,2.7056995478711143,7.352733908557276,2.9892737161609673,4.667588603124058,1.8198691576372128
2013-09-13,2.6934005733500466,7.327959564186036,2.968318605692199,4.642499580502133,1.8239621320442858
2013-09-16,2.7112755436030733,7.358323762231974,2.990668753842,4.666679658517662,1.834517697620422
2013-09-17,2.7192080388005855,7.3707998326465525,2.997538000034794,4.6717266143383585,1.8427050811994963
2013-09-18,2.7323581713963,7.450196850875398,3.0048440585343594,4.717603407714334,1.8640328618559137
2013-09-19,2.763655574141491,7.665723362525163,3.06412708215885,4.838712373161297,1.860910198473082
2013-09-20,2.7423048964759213,7.595278346885492,3.0248425956184306,4.791560448073574,1.8478981103735963
2013-09-23,2.7321522589341942,7.608117691070453,3.0143483950991783,4.796931769833577,1.8393473213348726
2013-09-24,2.7116111613481553,7.578985186034527,2.9916591594176767,4.770125647596389,1.8350188405131702
2013-09-25,2.7083806023635417,7.626097704699974,2.991503603456147,4.800017480729154,1.8297138996746773
2013-09-26,2.6872552354939585,7.640890220170754,2.9735298436712383,4.773863485868154,1.8367499868821493
2013-09-27,2.6863675043697657,7.564051491526649,2.9707200012162436,4.756586824047193,1.8283066002466157
2013-09-30,2.6729802871959447,7.5478976623304685,2.9567585557653473,4.745628050183655,1.8185653662503936
2013-10-01,2.6602920711854203,7.666675482577406,2.9450542674302826,4.77388708579478,1.832961592572673
2013-10-02,2.6787683865774965,7.683644520271236,2.9691936803391448,4.808464065666258,1.8312296263380208
2013-10-03,2.6485824796559423,7.572716926490625,2.9351052847088113,4.750125932090011,1.814343877899045
2013-10-04,2.641183996389354,7.600204272090601,2.928923335157965,4.748124301255677,1.8280905656417252
2013-10-07,2.624926781284492,7.5092610051781845,2.9172137656079045,4.714108316000557,1.8122866299585476
2013-10-08,2.6319486588177288,7.4451794784122,2.923664236433634,4.710502164532991,1.7911800080674782
2013-10-09,2.614603596588853,7.433698011637208,2.8995749569663984,4.68961526574488,1.7924782653610032
2013-10-10,2.6487949061634364,7.578032757505511,2.93733145036789,4.75869383952336,1.8311216090355757
2013-10-11,2.623868623932951,7.58298182018294,2.902390665610098,4.747061438372461,1.8429194760730403
2013-10-14,2.644720578600027,7.642780822662521,2.9286556161089385,4.771494296789449,1.850279205255011
2013-10-15,2.6263192619045648,7.6296168908905475,2.905240039677403,4.7603932941450475,1.8368575942517578
2013-10-16,2.652337287893834,7.687754721585633,2.9337689797727253,4.800801201176698,1.8625113961328577
2013-10-17,2.7011597838657995,7.749121184219163,2.993002329316062,4.8539137048698375,1.8749590067163395
2013-10-18,2.707100296692239,7.806925435957337,3.0026578676655395,4.862411358720523,1.8876236767368035
2013-10-21,2.714301156304815,7.843085193251014,3.0186431538551286,4.890410401138556,1.8877316940392486
2013-10-22,2.75000205490988,7.830915867752882,3.0565909881818385,4.9276630479972425,1.8986635779593872
2013-10-23,2.7275084653949664,7.75618952955896,3.0243690716448253,4.894998356090647,1.8895712676435092
2013-10-24,2.7492264476560333,7.744438100799181,3.04712454817289,4.877129777732773,1.8958502089017735
2013-10-25,2.7490199545469216,7.700043336146943,3.044331261586514,4.86806437078126,1.9045088102765244
2013-10-28,2.760087902336793,7.654155836513952,3.0524834176832885,4.865712262312984,1.9075402636032113
2013-10-29,2.741957108574574,7.61766169843964,3.0354923128018334,4.834301857567148,1.9177145916413056
2013-10-30,2.7445759184569702,7.50874551218132,3.0479556086257227,4.769845059513636,1.908189597216392
2013-10-31,2.7341357319575885,7.475855646373206,3.026826464734461,4.748295863993981,1.9027772539747088
2013-11-01,2.731337761837694,7.445474536099562,3.0204745878585877,4.719530701946176,1.9073227942333928
2013-11-04,2.7354181799060995,7.584604203235815,3.0232611326626824,4.784032766997616,1.914034009667856
2013-11-05,2.7252987962610393,7.555175383893814,3.0116054501619685,4.753839880924938,1.9079733576450835
2013-11-06,2.749612473806611,7.454205253222221,3.039412973903786,4.707202777076054,1.9177145916413056
2013-11-07,2.72055970810219,7.282852500949052,3.0029650270861272,4.623087928178497,1.8934684991211042
2013-11-08,2.7235461925222553,7.3641423307626965,3.006580772726678,4.661712325264321,1.919012643968412
2013-11-11,2.7215482236060824,7.406973249017069,3.0027674549100025,4.686727143663485,1.9193381306406758
2013-11-12,2.713450334395003,7.3727435083899735,2.9926351145277676,4.656067785261923,1.9154411041294994
2013-11-13,2.7257810382828263,7.411583790122356,2.998338552502591,4.678220481133692,1.9308115358379685
2013-11-14,2.7282370786115266,7.395798601513359,2.9902693044948943,4.678680528379244,1.9404453674310003
2013-11-15,2.742338609069062,7.4299882375162865,3.0134578241167245,4.69462967147278,1.9488879342008605
2013-11-18,2.7342727265627573,7.285169008320615,2.9990685949646307,4.615518957546399,1.9420684964975339
2013-11-19,2.7282105269829247,7.281579185962423,2.9875465180541894,4.620656815366241,1.9378472131126037
2013-11-20,2.7200117605497582,7.205547997185927,2.978141401680445,4.57864066678684,1.9317855362577394
2013-11-21,2.7147098875166504,7.245362452240335,2.975639384442884,4.584746690637008,1.9473730274031902
2013-11-22,2.740521288413467,7.27041931543099,2.9994779386828325,4.610295363616615,1.9571134415337392
2013-11-25,2.7489505815441095,7.282792176087082,3.0100278899058774,4.618049879749213,1.9551664655262881
2013-11-26,2.7388626736914303,7.345923186041102,3.0051151788399366,4.625223639579657,1.9557069619713505
2013-11-27,2.7370344100166486,7.446021534734732,2.999658337554116,4.661805913215003,1.9604703815326896
2013-11-29,2.7515655965245402,7.491862132068011,3.0205989787268543,4.682644195712944,1.9591710994070732
2013-12-02,2.735415858701941,7.436363908660807,2.9953122461988686,4.654861954360669,1.9540840378712352
2013-12-03,2.721360686369737,7.557269472712968,2.9759285587738655,4.718818681086348,1.9456410611685382
2013-12-04,2.7330070485889966,7.615112670373964,2.998232012917489,4.756492070609214,1.945424411664393
2013-12-05,2.7372425992844276,7.668177750447238,3.0157239847451422,4.776217903590701,1.9368732126928325
2013-12-06,2.750313446590447,7.629593288387431,3.0245440662834473,4.768042249909275,1.9585211508946374
2013-12-09,2.767292474063964,7.6877714499112315,3.0471081139938208,4.793313765784999,1.963500605060867
2013-12-10,2.7748208557231857,7.69089080472675,3.062157980393873,4.7874257449361375,1.9564649277862316
2013-12-11,2.7560130053104874,7.626218951745431,3.042542657786355,4.7601775599160625,1.9344917078785813
2013-12-12,2.7184133252272815,7.627774194317575,2.9931585495113904,4.73646420617182,1.9281055691835451
2013-12-13,2.724523905457011,7.643157730353699,3.0009896883363782,4.744704586039021,1.9278901494779097
2013-12-16,2.7624189893436744,7.787307298841254,3.0696111158626476,4.804049290213977,1.9399034362210097
2013-12-17,2.769098971721779,7.883810808488526,3.086892524207346,4.841998556113149,1.9337339470301187
2013-12-18,2.7902578309650377,7.880527336737372,3.1080796042170356,4.854702265532071,1.9667480929924441
2013-12-19,2.7420824412656315,7.760171259829762,3.0432355827367457,4.766441513070836,1.9644739905813833
2013-12-20,2.750049010651958,7.834038083439746,3.0557566686045203,4.801853310304132,1.9759016882673943
2013-12-23,2.75814709189294,7.913315882466232,3.0643710439389795,4.843917595148459,1.9864586886084583
2013-12-24,2.7691587904530466,8.003631287761182,3.077516064705657,4.889495583405276,1.9908109455346834
2013-12-26,2.7819045429798117,8.046526754262834,3.097316867147582,4.9184360185329785,2.0009328021696926
2013-12-27,2.786355252153155,8.005831024536812,3.1034635356891447,4.90664395283882,2.0008235550687377
2013-12-30,2.7828268259513487,8.005534850994717,3.093560826486442,4.90045615540299,2.000497453497219
2013-12-31,2.7776028762144627,8.011300462869194,3.0840467384107275,4.899453875089682,2.0099648523585896
2014-01-02,2.78291443004047,7.978143568101054,3.100757860706092,4.900408460018139,1.9907029282322384
2014-01-03,2.790176332564841,7.966668261465671,3.1075110797046555,4.897975062899329,1.990376006795047
2014-01-06,2.783741822029718,7.922466960212707,3.0964573932083344,4.883204104087312,1.9846080468176095
2014-01-07,2.783528910144993,7.945322526512872,3.0943982369192984,4.879896333984862,1.9967965798483578
2014-01-08,2.780471469412133,8.02107794111578,3.090587539997435,4.916306601544133,1.997232543420086
2014-01-09,2.7865684934024304,7.9762061805036755,3.0955092054310662,4.909761995704371,1.9985377695718336
2014-01-10,2.806560380157024,8.006199421995625,3.1248052580312073,4.93254754868426,2.0039798329441703
2014-01-13,2.799142275715049,7.894791558651337,3.1172872127043783,4.898701366702657,1.9773161615200965
2014-01-14,2.8351674191633105,8.133141715821095,3.1627875168960404,5.025054039388295,1.9988648959754434
2014-01-15,2.8656957365258346,8.227818176436188,3.197322006441268,5.076015028349213,2.0096389557534895
2014-01-16,2.8856251439951803,8.20986426134894,3.2091259490781714,5.101009240583944,2.00702788855074
2014-01-17,2.8879050237478827,8.181268828360132,3.217786730971225,5.084700970957489,1.9985377695718336
2014-01-21,2.905753836515137,8.24623089496522,3.229802119607106,5.121098822414469,2.004415181616644
2014-01-22,2.89740493082035,8.170843576960054,3.2241540159315814,5.1141920405841725,2.005721432600483
2014-01-23,2.886206038551376,8.177007278150347,3.2111454917632942,5.12697196180438,1.9892880450466994
2014-01-24,2.8537355684503893,7.990958232610259,3.1705224761313566,5.041913455560828,1.9468444190103895
2014-01-27,2.8590586019950317,7.948055880515329,3.177417522193457,5.024033998321148,1.9372675680816456
2014-01-28,2.85161280435773,7.977544091036523,3.165377461246244,5.025049013978051,1.9488036930029384
2014-01-29,2.8424502409811967,7.903824408866495,3.154515752082395,4.990891217027109,1.9300851348515058
2014-01-30,2.835847138759213,7.975232458936932,3.1464770395182806,5.0134841227558,1.9505446777599957
2014-01-31,2.8242267332771607,7.935572065324458,3.130394263592082,5.012913972591548,1.939117185040403
2014-02-03,2.7753713989782924,7.818374072761229,3.0826398695826147,4.94908213578295,1.895477170020464
2014-02-04,2.7870903177469204,7.8461851005843215,3.09820720856992,4.9655692722054665,1.9087540747323959
2014-02-05,2.7865317607697637,7.84153911896958,3.105306102857064,4.962528587938662,1.9063592471009552
2014-02-06,2.7981189648906613,7.979876125934826,3.1239170309687676,5.005029189224163,1.93149940313779
2014-02-07,2.837573751352462,8.156201917673165,3.1679375700279255,5.0865882758761645,1.9554417354260678
2014-02-10,2.839203269144198,8.201143247902625,3.1673293961612616,5.133632338025963,1.9590329520411376
2014-02-11,2.878711834371519,8.295505633945817,3.2101605174192036,5.194371892786369,1.9804724393955297
2014-02-12,2.890223318012441,8.321429107269614,3.230720165227988,5.193108891972058,1.9814517689421765
2014-02-13,2.9009635095588138,8.438646493995853,3.2420505929846968,5.240785847649559,1.991682052812467
2014-02-14,2.9315018398585173,8.44479151681037,3.288300925598107,5.259963097349118,2.0026741968595863
2014-02-18,2.9479112782097685,8.478129878302564,3.312154236823764,5.285675192487194,2.005067999658936
2014-02-19,2.967318623557566,8.410771865515127,3.3218391167345303,5.300350869672462,1.9917915048798405
2014-02-20,2.952948268439365,8.53544564452793,3.307618497760383,5.342735444276964,2.0035442793052787
2014-02-21,2.953379943151328,8.531366637316228,3.3087394749645114,5.333470166955108,2.001258903741211
2014-02-24,2.973155686777574,8.639282313285907,3.33505826660579,5.381195384201509,2.0123590650907754
2014-02-25,3.0127842809487917,8.7766606449457,3.376865796417161,5.45575635938419,2.011597819813202
2014-02-26,3.054584054257618,8.853660752486853,3.4182958960409353,5.503751391694661,2.0117072718805753
2014-02-27,3.0624906718921316,8.89675976052955,3.4232959439095785,5.535154450535558,2.0222634523559657
2014-02-28,3.065491598869032,8.72706541061005,3.4270061757300314,5.4581419482818045,2.0273787992575296
2014-03-03,3.0784541584084484,8.646342978326608,3.4434952547926185,5.431722224393523,2.0131215401668587
2014-03-04,3.1043715278909043,8.786201693002228,3.4695333910670945,5.513146131644884,2.0414169492470355
2014-03-05,3.08547823474855,8.787305954534679,3.4507510586561736,5.5096413678507155,2.0432669761386295
2014-03-06,3.089569396156745,8.811018064189659,3.463265173350451,5.515054018548885,2.047947179334138
2014-03-07,3.0693875647304965,8.740195640167324,3.4288811778104815,5.472856253334295,2.048817876679085
2014-03-10,3.0815227825944387,8.736333742849036,3.4404018622970107,5.473222169878736,2.0477290950650646
2014-03-11,3.064973986016814,8.673451324065285,3.4190690356148234,5.445749205271943,2.037607648362892
2014-03-12,3.1077313249588725,8.754104995366523,3.472348204543764,5.51712134850886,2.038151834203484
2014-03-13,3.1050275863117736,8.682763679440207,3.468626276338097,5.471839990697383,2.0152974636635532
2014-03-14,3.0878317314255637,8.681202958455959,3.45057201875838,5.471332375046081,2.0096389557534895
2014-03-17,3.0990777883343985,8.724213003483628,3.463348673119003,5.517539252607784,2.02781332806433
2014-03-18,3.105371569586173,8.780357454697205,3.4638075936239523,5.543891424036116,2.0422868267263095
2014-03-19,3.0809531328323034,8.729159902052753,3.4420612914476396,5.5053657511979734,2.031404749645818
2014-03-20,3.080807156817523,8.76058333880666,3.438186982843694,5.522402221029485,2.0432669761386295
2014-03-21,3.06942785018829,8.746735074526638,3.421941713573216,5.50015619979685,2.035341949574982
2014-03-24,3.048814776423462,8.64655741528261,3.3976622579435145,5.446215001508841,2.026925003607409
2014-03-25,3.038383680253219,8.673268296025151,3.3862753921663127,5.461114224270581,2.036544282584741
2014-03-26,3.015043664461892,8.587837114469567,3.3550645247972777,5.419106740400955,2.0218969724000417
2014-03-27,3.0130016287630803,8.602485777547377,3.352873978762329,5.4133817695610675,2.017633875865778
2014-03-28,3.0243821346147928,8.679234979996203,3.369789979666953,5.447540253322127,2.0275813060788117
2014-03-31,3.0364312132849935,8.699229713194336,3.379300782639056,5.474878898518796,2.0441954740135375
2014-04-01,3.0636711797225007,8.825243102438655,3.4104482698837044,5.538248759725923,2.057750108222269
2014-04-02,3.0776575700315303,8.92499814033107,3.42976961839335,5.596285963521413,2.0646367749107988
2014-04-03,3.071391362840688,8.862299726679748,3.417581210086742,5.555244988206647,2.0619045725548326
2014-04-04,3.0735487492853544,8.787733436591363,3.416084844868959,5.522135219882516,2.037528326359009
2014-04-07,3.0271795493742464,8.660600900220155,3.363925247753474,5.457465652976622,2.015010715644349
2014-04-08,3.0487623344393313,8.761650330128134,3.388026411641958,5.51062309323877,2.02331800457813
2014-04-09,3.0812369938757507,8.839208155098532,3.416796995466097,5.565997937711016,2.045070475653269
2014-04-10,3.035517164728701,8.682913662120646,3.373970928127185,5.4599302834561065,2.0021121789406022
2014-04-11,3.0156639795317246,8.602161616039556,3.3472647303180554,5.416905790787613,1.984076363928534
2014-04-14,3.039489594997713,8.618749326676541,3.37118310999933,5.44115592636016,1.9997075129210833
2014-04-15,3.014254345006513,8.608206661326077,3.335907798171559,5.417776149560808,2.0134794115332144
2014-04-16,3.0284580992519006,8.710719892253573,3.352416438769855,5.477254548023459,2.0345768099354604
2014-04-17,3.044523994180396,8.68511035032458,3.3723775855206073,5.475044341569563,2.0374192842244727
2014-04-21,3.0629812511855463,8.742058527482415,3.3892791181513306,5.51253378234312,2.044524240148494
2014-04-22,3.058852965262241,8.852350524714618,3.392950459893112,5.548887909306762,2.0538151629237067
2014-04-23,3.059225729844276,8.853505374337828,3.3978279641038913,5.5432428751105585,2.049006035851086
2014-04-24,3.057830900630753,8.941388171372282,3.404653627173179,5.5263343360624,2.0531588604523034
2014-04-25,3.0330327594306246,8.864101374098716,3.370140670550358,5.5124881109948705,2.0363259933492497
2014-04-28,3.0263054467830135,8.759321869360113,3.353780003100199,5.479198642349109,2.042775466667541
2014-04-29,3.0193727794252934,8.799972059065425,3.3407315848225174,5.494272226891876,2.0522840637789903
2014-04-30,3.028252046595982,8.801875062788705,3.3497102989976275,5.4977354099723446,2.058406410693672
2014-05-01,3.0216975802667165,8.812058340290799,3.3397555036512263,5.507214642916495,2.058625109862
2014-05-02,3.029922604240544,8.805638901812484,3.3599353182593212,5.509250114981802,2.055673388472033
2014-05-05,3.0177425651474077,8.82417142416298,3.3454425436186193,5.513445273724767,2.0596085387370135
2014-05-06,3.025360631765121,8.669301162253277,3.3613837048790147,5.448896271018472,2.0416813559266447
2014-05-07,3.015384705994159,8.546628833325665,3.343481490317676,5.385158479043911,2.053706325755588
2014-05-08,3.024830061113593,8.492163079400772,3.347198147779726,5.374293536623492,2.0515205638708154
2014-05-09,3.03207180400696,8.550730913567476,3.3563980067627113,5.4029525948913,2.054580302563228
2014-05-12,3.057100157532414,8.700248896287158,3.395066116543363,5.454741332733645,2.0745837951909962
2014-05-13,3.0587571615605658,8.694896786940994,3.3905194996120867,5.463944835996982,2.076442635638577
2014-05-14,3.0617577039565513,8.569781328199564,3.396687874118448,5.416261515317912,2.066604452526498
2014-05-15,3.005682547944732,8.449205107847277,3.3387806998474123,5.31303978559012,2.048459595379893
2014-05-16,3.0083259410550673,8.456215859205809,3.33745038940399,5.311652987620954,2.0555645513039145
2014-05-19,3.011309103955385,8.549284436221516,3.3412381215882894,5.341774076536614,2.0631071105310106
2014-05-20,2.985501887804023,8.462510014587629,3.310194669564738,5.289945090767269,2.0500985068606363
2014-05-21,2.9929618131204045,8.573188453853456,3.3179215419052004,5.334437664611527,2.0673697971324376
2014-05-22,3.0037238680113547,8.639194706514434,3.3297647000128188,5.351044266753128,2.072398033306223
2014-05-23,3.014746347540261,8.669971937481902,3.341000046635886,5.362190489544544,2.0807063470720957
2014-05-27,3.0098191608729743,8.835995569063783,3.336923327615367,5.403813974750587,2.0934946118427957
2014-05-28,3.0007244355297273,8.829331480809708,3.3277743333110696,5.404540489957383,2.091964127597335
2014-05-29,3.0132360036000496,8.882235073348143,3.34446039816628,5.428180577215491,2.102786149517263
2014-05-30,3.014100552479478,8.809915941088912,3.3371110460870765,5.410483299312156,2.106175064277469
2014-06-02,3.011584102396115,8.751189470382942,3.3372636351012255,5.402680325970735,2.108580140229825
2014-06-03,3.0024841697754137,8.803406974694086,3.3265408816717543,5.415172106757707,2.1074860294889284
2014-06-04,3.007074701068835,8.868876635430981,3.3330479404813507,5.439830686801997,2.1117491260231924
2014-06-05,3.004003810510207,9.089669259464651,3.3282586656304254,5.457570330187325,2.125522049467415
2014-06-06,3.0100650218389644,9.085048723557732,3.3358609712957166,5.461254344746072,2.1356881788487776
2014-06-09,3.018630996800619,9.149741042686896,3.348739406128135,5.476382624374033,2.1378741456999686
2014-06-10,3.015787505949912,9.098422000266277,3.3459030628281887,5.445710689770876,2.1380926399018785
2014-06-11,3.0147082490972403,9.07669144675577,3.348133382929703,5.438319233671511,2.130660352607829
2014-06-12,3.015841682524459,8.981774996071271,3.358565905326097,5.4106073297994435,2.1155752341536362
2014-06-13,3.0101399134081364,8.962471281694683,3.3548208881677346,5.3996763151015745,2.12202450250551
2014-06-16,3.008301581672462,9.04054219599394,3.354135444230604,5.430956760061288,2.123773890885717
2014-06-17,3.0136921019524006,9.156356591482695,3.360071850269999,5.480407437349394,2.129675693934306
2014-06-18,3.0321752760149936,9.181862347932915,3.378929790961302,5.50908208795066,2.1453072528596913
2014-06-19,3.0511649165552557,9.12997848089587,3.4093016194292076,5.52369422559284,2.147713148677721
2014-06-20,3.0884520580134294,9.171343389062374,3.4497710186944324,5.558949028489139,2.1520725794285864
2014-06-23,3.089260097255481,9.218765454430592,3.449378446511687,5.594040450067316,2.1514136123937457
2014-06-24,3.0789901110423896,9.1439268841162,3.4377645614114405,5.570426000060864,2.13845338079809
2014-06-25,3.0930412739884297,9.243178606254709,3.4495814867500316,5.626260645713051,2.148118162320286
2014-06-26,3.0837916360505555,9.2558032013221,3.441562701058971,5.614732303143864,2.1465805042501835
2014-06-27,3.0952262026151915,9.280165356692635,3.454513497537156,5.629230025685379,2.1507546453589046
2014-06-30,3.091161089720883,9.283288689633977,3.4535604320421704,5.615919369438669,2.149656435289642
2014-07-01,3.1139194629887976,9.383502313083087,3.479348389937847,5.662450576727236,2.16404446295519
2014-07-02,3.1275569188674632,9.384023099587806,3.4975308774460876,5.664888816879478,2.166240678127296
2014-07-03,3.1368783732207324,9.437653366594642,3.5069112557572155,5.681706574313833,2.1768944226177984
2014-07-07,3.125160186990302,9.387382489548598,3.4929769661346852,5.647415353625627,2.1693166091667537
2014-07-08,3.121467182965065,9.208129857259847,3.4889560837356393,5.593387333926127,2.1553670046699547
2014-07-09,3.129844148195034,9.198053531751704,3.4948943817717235,5.606646653691303,2.165032196124987
2014-07-10,3.1220598378371642,9.082940747802223,3.489361325957216,5.572930074106274,2.156465829638472
2014-07-11,3.118933788732391,9.081023474206148,3.4827391058195465,5.568511873044741,2.1594312837784657
2014-07-14,3.1100294178882897,9.143865475497963,3.470143268383634,5.566845281428039,2.170305367168643
2014-07-15,3.098643233560854,9.107011219231659,3.45807023310507,5.5568371778515875,2.166240678127296
2014-07-16,3.1207515705284727,9.041901317934242,3.4869980298584027,5.533988178750466,2.174259784276944
2014-07-17,3.1145881244215117,8.91075330020266,3.4867536569702,5.494158410406541,2.149546368323014
2014-07-18,3.150768439620997,9.031420401061283,3.521024251854653,5.548343338884806,2.17151282433886
2014-07-21,3.1743754657389918,9.04188482188831,3.5539543842278634,5.558292168560186,2.1674495700624408
2014-07-22,3.171140728638567,9.144041542809676,3.551751639217789,5.579665032548507,2.1768944226177984
2014-07-23,3.169029565445669,9.144970455816607,3.546185085337524,5.5885581177732515,2.18172753076136
2014-07-24,3.144878114233106,9.134245526724552,3.5083189460112054,5.569948733211703,2.1818378026944067
2014-07-25,3.116766168507949,9.200905199208341,3.4784008676633515,5.606770754320496,2.1716230962719067
2014-07-28,3.114230217412562,9.255851027518212,3.476935780706317,5.6234667418212165,2.1725011724079124
2014-07-29,3.093123817578294,9.211218375884592,3.4561411465240757,5.5968571671271805,2.1631651570206736
2014-07-30,3.085801671855034,9.286595547701092,3.450090095418351,5.610953566261706,2.1634943330884666
2014-07-31,3.0333232909959675,9.066994457936733,3.3952942051320694,5.497884837302984,2.1207696980926647
2014-08-01,3.0246783454497383,9.049813210811145,3.380801215997502,5.5064956964545555,2.1142905046437193
2014-08-04,3.0429212990914536,9.145535525806924,3.3974136133452815,5.559887916516271,2.1295566084452724
2014-08-05,3.01580725824625,9.144478097504836,3.361149976300111,5.544395505122497,2.10890788153269
2014-08-06,3.0447578936873994,9.220860913823563,3.3910493996725406,5.614161327083844,2.109567053533949
2014-08-07,3.023949218286177,9.223404098083194,3.3672086399483003,5.61792663107819,2.0981440700755587
2014-08-08,3.04533859903496,9.24455038613294,3.388876940447234,5.63862426572384,2.122417423129394
2014-08-11,3.0520365748737115,9.386651000072948,3.401367418994628,5.683934416925993,2.1285674405105466
2014-08-12,3.0536303081804386,9.340859950123466,3.39755773753696,5.6722021072237085,2.125602806236226
2014-08-13,3.069824201453241,9.32806657916965,3.419694333459284,5.671441608736313,2.1399900140361003
2014-08-14,3.098123399756071,9.366572937643246,3.4518514291959654,5.688696565113155,2.1500954733576454
2014-08-15,3.0945395617624527,9.318022328972864,3.4452194786514196,5.6535402505324805,2.149656435289642
2014-08-18,3.109209558484393,9.436047323851161,3.463647112900361,5.692082847957101,2.1676688841300242
2014-08-19,3.111365993088378,9.455895236568342,3.4557596797944377,5.702315018153683,2.178981595655368
2014-08-20,3.1213605353322933,9.476074395663519,3.4717216992867423,5.702814367766742,2.1848024369687273
2014-08-21,3.0978617376479596,9.5340671813283,3.4427022781150405,5.704558531056908,2.1911729982159724
2014-08-22,3.1079433857005885,9.568963540367736,3.451756920374564,5.731676778026655,2.187768096075139
2014-08-25,3.1122777364765257,9.607804432879941,3.4553593925901938,5.746974340738415,2.1988614935328994
2014-08-26,3.1149522989740888,9.63403014063119,3.4571826653411617,5.744009101316655,2.20028949456921
2014-08-27,3.1094176788149084,9.581816431034452,3.44776464136398,5.718999084616412,2.199410188634694
2014-08-28,3.114624577119962,9.548435801702363,3.454164309346101,5.713016471827373,2.198201911598804
2014-08-29,3.156676080469055,9.573111045930093,3.499995014249734,5.712573682797546,2.2044622009130026
2014-09-02,3.148336239119861,9.62789651374636,3.4947438509992357,5.733258691054325,2.2033648107094135
2014-09-03,3.165780012656549,9.596660507737301,3.5135315650915335,5.743946657060644,2.202155918774268
2014-09-04,3.168587570496241,9.47225635489617,3.516246527459461,5.747109998855596,2.198971765465946
2014-09-05,3.1895700505049907,9.544998530568545,3.5397302165907845,5.764223205850885,2.208856680921398
2014-09-08,3.167240659748199,9.571651102687895,3.514140908778258,5.762234180820294,2.2031448817425754
2014-09-09,3.1543023976109303,9.4954522458598,3.5005911737909137,5.718127415012262,2.189196097111449
2014-09-10,3.16067919549127,9.608375382551879,3.5106906691696347,5.751741095656285,2.1974336974630075
2014-09-11,3.152179997685042,9.654789945483591,3.4948720297979903,5.756007161636627,2.19995990856858
2014-09-12,3.1485886433663057,9.68404637739955,3.4939886599573726,5.765618856617029,2.187109129040298
2014-09-15,3.135832313753897,9.576202009611157,3.47450633713346,5.723792808034431,2.1854611990371495
2014-09-16,3.1652120181065624,9.6229751827341,3.511467783792892,5.763681945058387,2.2019376295387767
2014-09-17,3.1747902403753203,9.691074358681432,3.524936579162451,5.790505753303405,2.2049014439474237
2014-09-18,3.186048193465395,9.716101567766373,3.536995860484539,5.8030112699334975,2.21665442333928
2014-09-19,3.1632812603465372,9.71911055890216,3.494566990638369,5.803336578032192,2.2146572305593453
2014-09-22,3.1345695516066505,9.62845652389267,3.4572228688620097,5.751040775723897,2.1975531928848775
2014-09-23,3.12098998630456,9.652582085647126,3.441797500030953,5.7335134565645065,2.184973788894428
2014-09-24,3.1371521214939344,9.679095867836315,3.456437345949072,5.753383578636784,2.2020776216024767
2014-09-25,3.1041463190271394,9.570608010282546,3.410868871978358,5.691769766656385,2.1665458731241474
2014-09-26,3.107986277580284,9.615817378375006,3.4210545541975685,5.701837538697428,2.1837601827316613
2014-09-29,3.108488813221188,9.641694838223641,3.4236826658887147,5.711489017354703,2.1797877285785496
2014-09-30,3.091750690132228,9.634593307173247,3.3939378445104267,5.696377845005242,2.174049898664603
2014-10-01,3.0889718972067417,9.611697091225652,3.3921262076072076,5.7064830335909305,2.1445865909329416
2014-10-02,3.0756135763708494,9.695388149170551,3.3686664745149004,5.724587085492391,2.1449174067320813
2014-10-03,3.071975686496538,9.701753192097131,3.358385532853333,5.741545376414057,2.1685326126167492
2014-10-06,3.080194401412794,9.709481877369146,3.3719425015463154,5.755020693462531,2.165994513458915
2014-10-07,3.0444266161577276,9.693209544932484,3.3278642807591705,5.713511737136241,2.1325597764062336
2014-10-08,3.0751137145410175,9.912728972596748,3.365155432840681,5.816611553424089,2.1698569006453985
2014-10-09,3.0533880826718818,9.69170182856673,3.3329828013133773,5.742058092229712,2.12682153655945
2014-10-10,3.0046156409075593,9.153881942704297,3.2392291127594803,5.576604185903876,2.1025442891436668
2014-10-13,2.9809786107232163,8.93335866398702,3.2042044931911278,5.492596177438075,2.068006422827684
2014-10-14,2.9974041616009566,9.054275347312773,3.235161861161892,5.541923115212185,2.0712065635166335
2014-10-15,2.984001004942463,9.131371685224739,3.2310477327296825,5.546151697355986,2.0571919846652325
2014-10-16,2.971140020898904,9.218612239903981,3.237976230065503,5.5779802802841045,2.055427018837234
2014-10-17,2.997993457958637,9.318732275389541,3.274094499455022,5.610663570571365,2.0797030364545073
2014-10-20,3.0212683202432378,9.389082048279514,3.297731960604659,5.6556138352266965,2.0998959180527863
2014-10-21,3.0842838616347037,9.633021791146511,3.383438437404578,5.775447304274961,2.1414973370762937
2014-10-22,3.059167978515451,9.475580031494657,3.342134857743096,5.745278156666791,2.1262693570285442
2014-10-23,3.0485449188080946,9.536867808853728,3.3368576954508944,5.726536351591744,2.1509868723108405
2014-10-24,3.076645723991793,9.530300512656707,3.365086129172673,5.730780338940011,2.1675395503200754
2014-10-27,3.077099461033434,9.417311822505061,3.363669619690403,5.715622383430781,2.1645603634300556
2014-10-28,3.0886192885262203,9.683692148725955,3.3979107583275745,5.751850923329022,2.1893881506453985
2014-10-29,3.0828089930851017,9.652545903606633,3.390780197140798,5.754459845827023,2.186077328090566
2014-10-30,3.0624163500264157,9.676472973954578,3.3463334069381574,5.75297190569809,2.200091906941967
2014-10-31,3.0627990260852918,9.941853577513333,3.3678337266757183,5.816366919892232,2.225250509956449
2014-11-03,3.053500163221027,10.02896228365032,3.3569162037729168,5.855840239272997,2.226464321085633
2014-11-04,3.0485160809584695,9.968234100513525,3.334797553900582,5.860869032561426,2.21874036657834
2014-11-05,3.0499215238507102,9.923134938663923,3.339624009436467,5.834082032466662,2.2327545354969045
2014-11-06,3.0498062393885044,10.128924785546896,3.3418844664255833,5.894337005712364,2.2416916862341276
2014-11-07,3.109165884070702,9.945363728623352,3.410448963499071,5.846496751918541,2.2437886976597756
2014-11-10,3.1409119052996703,9.93564495178862,3.444971794536431,5.859292443928328,2.2508506106359536
2014-11-11,3.143553728975749,9.988403027332827,3.452177637479187,5.851981195883123,2.253057279095393
2014-11-12,3.1380099344235024,10.01837510454553,3.447508519148276,5.869364578569154,2.250630271736279
2014-11-13,3.155617078355938,10.022302133739787,3.453288830264662,5.918738190514414,2.2531675510284397
2014-11-14,3.1948889395186595,10.140682838688678,3.5164603900786657,5.976419598107919,2.2537197305593453
2014-11-17,3.1964864539917266,10.10897310367725,3.509819620094615,5.976897139977742,2.255154085554623
2014-11-18,3.223929814415357,10.190701480761767,3.5464386338994545,6.021843787080864,2.268174782243677
2014-11-19,3.2215256786860933,10.086539006991016,3.5394822128655283,5.999504539756023,2.264533553822542
2014-11-20,3.2265036957679794,10.109467267773326,3.5495551753044094,5.995510958374646,2.2685066228749085
2014-11-21,3.240820952835316,10.084339222043749,3.5687571213556906,6.005458083982609,2.2806437093346625
2014-11-24,3.231331123227514,10.148545035229237,3.5584435165599118,6.020191291147842,2.2870446056118166
2014-11-25,3.23556453914571,10.212466880857306,3.569854496776028,6.04487650834348,2.285389296817609
2014-11-26,3.253138351970473,10.288794068419389,3.5969730440451038,6.083466745901727,2.2912378085974394
2014-11-28,3.2425919789499624,10.236826206738648,3.5517490880402365,6.076993531712212,2.286382564080701
2014-12-01,3.2556967753695356,9.982243947756201,3.5775611359591086,6.03132296595173,2.270492952434673
2014-12-02,3.25360321880438,9.998160704585796,3.5691061847520267,6.0397159918151795,2.2851687529515163
2014-12-03,3.272852493939935,10.174828667567175,3.597060800274723,6.129969209998898,2.2939966565877845
2014-12-04,3.3085793769642007,10.289302940896885,3.658036596344188,6.198660312259953,2.291458557429951
2014-12-05,3.2833599027356626,10.24960637117345,3.6317401213075664,6.148845922645874,2.295210262750551
2014-12-08,3.2669073597374916,9.99733915572659,3.5981209047066858,6.045717640285274,2.279871600836919
2014-12-09,3.2972263082430033,10.077587241245505,3.6558077682107992,6.094728079086757,2.278327383841431
2014-12-10,3.2489880431403275,9.883540725895086,3.594785982805426,6.022092512342876,2.2418021631335923
2014-12-11,3.2612878616066316,9.945017130618597,3.6048398200310636,6.072656731475183,2.2531675510284397
2014-12-12,3.2253957507934627,9.783646211599736,3.566271121169024,6.017894157178292,2.216752807220065
2014-12-15,3.2034512267270445,9.69439484759439,3.528421886356884,5.988039863633383,2.2015258520044076
2014-12-16,3.1698286553140513,9.581814259594175,3.477342946613301,5.923828485422421,2.1838704546647074
2014-12-17,3.2113639136156347,9.73874883670897,3.529837920784072,5.987285386838015,2.2266848649517264
2014-12-18,3.278896868969428,9.841066995502446,3.607111721145396,6.064922918375779,2.281748273362892
2014-12-19,3.273040844041254,9.823324703021727,3.604926323494949,6.04674523298784,2.2914567127321863
2014-12-22,3.2598541293829504,9.784754831377182,3.5867946654679623,6.032288588588716,2.3019971107933674
2014-12-23,3.2462814051835416,9.773721124503512,3.5804977779403084,6.016493115141024,2.305104811627663
2014-12-24,3.24676888699111,9.822760625183555,3.5800336349043596,6.040458918214403,2.305326175359429
2014-12-26,3.26751663477659,9.879629448961786,3.607112004281797,6.0830526563460925,2.3127601023848254
2014-12-29,3.2586775738505884,9.914412463348116,3.595307198785758,6.085729114464779,2.3158663684541927
2014-12-30,3.265956394507518,9.862216582071733,3.6129386752418586,6.071254592530774,2.3034398694117955
2014-12-31,3.233908705302504,9.746879779490644,3.5668633164565784,6.007022604719254,2.280582834308427
2015-01-02,3.245437640826442,9.751580576611875,3.5786704621375116,6.019493874336773,2.2793628741866936
2015-01-05,3.2328989204209746,9.583741735358219,3.5662036564560093,6.001573564523195,2.2381974187349143
2015-01-06,3.2455104879370484,9.47656119933364,3.5784504602598313,5.988686824234892,2.217116417646133
2015-01-07,3.2619382469466602,9.631572465409418,3.5958783983881957,6.063187527732231,2.244744661034736
2015-01-08,3.323050195678422,9.90723784659514,3.663990255543495,6.182712583678831,2.284577424834715
2015-01-09,3.306555871578529,9.853366935978801,3.6495834182208027,6.1518503995326625,2.2662694144191415
2015-01-12,3.3048363581753097,9.723384784677167,3.6395626717190255,6.1466479596363754,2.248517477896421
2015-01-13,3.285776758928088,9.663274953447281,3.624948503364218,6.127217709483696,2.2421920092612027
2015-01-14,3.2557540164471543,9.594520261470862,3.588033700963599,6.07804326696922,2.228656231962955
2015-01-15,3.2703672555297056,9.391566523048699,3.5895511141106176,6.031125308000921,2.208239732002309
2015-01-16,3.3070870146794826,9.475431315044403,3.6513531341316314,6.082496013707354,2.237199437244202
2015-01-20,3.332132975350187,9.431104428728414,3.6718249648989882,6.073469285928575,2.2419698256637632
2015-01-21,3.343832779669264,9.488742384737119,3.695280888979496,6.092512454580194,2.2532870464503096
2015-01-22,3.3665162328916165,9.577170189779421,3.71684738842502,6.12832857872097,2.2867968012120894
2015-01-23,3.365944822546816,9.546740495216822,3.7205274717322694,6.130628381896052,2.274259005404555
2015-01-26,3.353225725749135,9.664420148815129,3.701569572543795,6.163207475073873,2.2795840329520414
2015-01-27,3.34740822104169,9.569752828171062,3.700477299219428,6.127682689289142,2.249516074286389
2015-01-28,3.3188149620548346,9.647518810130274,3.667388558135375,6.115412814479376,2.2206670509103787
2015-01-29,3.310248043367023,9.69289152211559,3.6311612212912,6.132056294847703,2.241193822804072
2015-01-30,3.2909049997033386,9.357467579598733,3.6177972397161966,5.960805473371219,2.2130105303547065
2015-02-02,3.316304353686161,9.429203633006656,3.664844822976871,5.990522488948134,2.240416795112289
2015-02-03,3.307899520900632,9.568627037897226,3.66685451916885,6.014299236103829,2.272816861685382
2015-02-04,3.30792026201468,9.34343256538415,3.667066475599995,5.904527505989942,2.264160924874069
2015-02-05,3.335671228088788,9.52217530696988,3.6946064796356355,5.967310177357748,2.2870187798431103
2015-02-06,3.291669660580861,9.374088724805283,3.6397528904021454,5.86880555581191,2.2806933112078918
2015-02-09,3.2740032492394295,9.371247014560929,3.633552403726151,5.847136176658866,2.270485983576451
2015-02-10,3.319736091729905,9.560847171909206,3.691063036555051,5.942193285338948,2.2946742755666913
2015-02-11,3.2916503153850503,9.578450890663479,3.65715411228129,5.913738764411729,2.2960055324535626
2015-02-12,3.30749815769348,9.6873084912206,3.6804480481490844,5.938829590771859,2.318085949797985
2015-02-13,3.3229948214360823,9.751674098402015,3.712616557307058,5.9671594972309885,2.327627956435618
2015-02-17,3.3306496553074187,9.757806996166476,3.7084502700350126,5.964198403250172,2.331290296397838
2015-02-18,3.3115520052435086,9.727751733030802,3.6830922693662793,5.950847682733735,2.331511455163186
2015-02-19,3.298213104726519,9.779399773547079,3.6781377705879272,5.95829517686236,2.3298477427458284
2015-02-20,3.3099588944666545,9.91190081704116,3.6831683917006037,6.020191484268446,2.3438282971717914
2015-02-23,3.3024513703345124,9.931670908530496,3.6772932007054067,6.008728579052407,2.3434948168092142
2015-02-24,3.3066660481132515,9.868756862101192,3.6869339177867118,5.971023346761514,2.3501521260756637
2015-02-25,3.2880704511516696,9.79699337523591,3.671740003273059,5.9663752979305595,2.3481549332957288
2015-02-26,3.3566752448801123,9.979269086586562,3.7678156696653557,6.066286921852323,2.345380712824011
2015-02-27,3.3615257051700165,9.911921500704217,3.7672588322081224,6.060056687992711,2.3373927615699444
2015-03-02,3.3591731353397085,9.979721212866755,3.76266669865144,6.0957367836940595,2.352149523822017
2015-03-03,3.337630702677307,9.950169752698436,3.7370973979193858,6.064690960544835,2.342496425385665
2015-03-04,3.336932796369774,9.932417452252148,3.738749072612814,6.037922130628613,2.3326207334190365
2015-03-05,3.3472274334337224,9.961995624276069,3.753337097712615,6.058114871093655,2.335172770293315
2015-03-06,3.2668726443052405,9.798882506389813,3.66488814038385,5.942541039532516,2.302330591155945
2015-03-09,3.2725121042833156,9.803245391517128,3.6628722221956407,5.9646365707804305,2.311872802759996
2015-03-10,3.2300798776617015,9.657343141497716,3.6099928076710146,5.912816431242678,2.2743692773376014
2015-03-11,3.2032489655585623,9.6935993974702,3.5772686271442686,5.903574091564719,2.2690428150251862
2015-03-12,3.249765448348362,9.846191261864774,3.6348560848983023,5.963403660751294,2.2978920433676144
2015-03-13,3.2391797161741054,9.78878372525413,3.616615626714193,5.943101386400062,2.28380060210935
2015-03-16,3.2893280240602563,9.93014604644921,3.682720979660604,6.025991329621005,2.3143135428691366
2015-03-17,3.283705193096311,9.988251668616106,3.679804288385856,6.019832012084268,2.3074336400724107
2015-03-18,3.3249457858747338,10.23123787450089,3.7220175853913697,6.092267768818214,2.335172770293315
2015-03-19,3.3329282807941794,10.207517456547436,3.7401509917710185,6.11079996312474,2.324521485399832
2015-03-20,3.4023564579313517,10.253934485425638,3.828262762850116,6.171417224992896,2.3450396487039566
2015-03-23,3.41495828113917,10.31799229921297,3.843993063315156,6.194834520524287,2.3404701273743314
2015-03-24,3.4121424736686206,10.237191750024678,3.8437875315522056,6.160632032051312,2.327318457143982
2015-03-25,3.3611402292358767,10.030399912292996,3.772004396249081,6.0550671491847945,2.2932147097019624
2015-03-26,3.356801438862472,10.030178290701768,3.768387908099727,6.070374866829861,2.287753379486305
2015-03-27,3.3362813605728823,10.012733799434553,3.7496090312064707,6.067603251303291,2.2929923211381045
2015-03-30,3.3418272535990647,10.154553396689613,3.7547659288681907,6.098360461845728,2.3209663428743834
2015-03-31,3.311115915203814,10.097275113379633,3.714554558664419,6.073377344993925,2.3006816363207054
2015-04-01,3.31294254952485,10.067596319900458,3.723805540105098,6.072317418406837,2.292546109245461
2015-04-02,3.316792573896136,10.060318177513187,3.7267294889389877,6.035433557780434,2.3007929330858437
2015-04-06,3.3407271563032044,10.105338592862743,3.758184520578882,6.079902092150907,2.3162857297460384
2015-04-07,3.328371659393705,10.139602861507676,3.739882729960965,6.082287462361263,2.3101553891410433
2015-04-08,3.326825722485528,10.163099023435791,3.7314629602822587,6.0933592489845685,2.3179576408201283
2015-04-09,3.331665419342684,10.199441158288323,3.737607581023225,6.087285591584465,2.3282098560971773
2015-04-10,3.363844253349601,10.178712122341645,3.771578924460576,6.093560048192253,2.340915929334138
2015-04-13,3.356619829867855,10.137442390725711,3.7632568372216113,6.066230957316898,2.3303283889967465
2015-04-14,3.335406962104097,10.121374922841621,3.7342413501240594,6.039033081602442,2.334786408594816
2015-04-15,3.3832082909662176,10.159567992017966,3.7985783456069284,6.053157319213857,2.3452624472006507
2015-04-16,3.368455972903548,10.073909009855864,3.7830568213131452,6.014242775171896,2.3445940517105677
2015-04-17,3.3355677874518666,9.907559649992406,3.7391839477090127,5.9400169113551895,2.3176229306590406
2015-04-20,3.3329158372715453,10.03427021073664,3.734429104321932,5.968105945773896,2.3387988311994965
2015-04-21,3.3300874009870074,10.043477653467283,3.7309547785483246,5.971232853788057,2.336012107776262
2015-04-22,3.3634648806128875,10.209911016532812,3.783402499395823,6.031630610005576,2.347491456999685
2015-04-23,3.3775515252671915,10.271346567441999,3.7878342613338676,6.052695669850524,2.3533983842087314
2015-04-24,3.345649255751624,10.206168625846027,3.743528100370607,6.007222517258665,2.3588590995251337
2015-04-27,3.359564047992062,10.162958200605877,3.773109463679549,5.9953196908589925,2.3490516613758
2015-04-28,3.3734689510517657,10.150898910580432,3.782636416825629,5.997610528374134,2.3565196128266344
2015-04-29,3.3705022400838964,10.113860866232493,3.780806974799297,5.9829981827820715,2.346822856543184
2015-04-30,3.344803593172993,10.03799868943911,3.749348200373271,5.93296499883008,2.3233070593713925
2015-05-01,3.360924243685158,10.233352381948258,3.7822313641987986,6.01327059530093,2.348494972583692
2015-05-04,3.3744339177321723,10.216224301275007,3.795991052248489,6.018941969632868,2.355181797014377
2015-05-05,3.33506344447588,10.0813428447637,3.7455686990140733,5.9655898128710945,2.3282098560971773
2015-05-06,3.331833265133791,10.011202231018823,3.740726156434568,5.942754653065088,2.318625421410956
2015-05-07,3.338244977190079,10.131738781896379,3.7614931944443146,5.989750516335976,2.327875965801763
2015-05-08,3.3815219672878043,10.257327984158128,3.8104657622222624,6.0495072362087114,2.358524799296883
2015-05-11,3.3662260120292857,10.27364389670524,3.790223104715642,6.0565725680016875,2.347268248570154
2015-05-12,3.374798176391164,10.197050003371606,3.803858985416815,6.045731320904978,2.3402477388104734
2015-05-13,3.403581400039813,10.127472884559644,3.845204335517889,6.026078398871531,2.340693130837444
2015-05-14,3.436122462680586,10.163465215047372,3.8900903851507103,6.0601937520653255,2.365100531928849
2015-05-15,3.4426043403949262,10.181918419200949,3.900569931644163,6.068742598713475,2.3676636369897155
2015-05-18,3.4549758313232592,10.218683213993902,3.9204721849109374,6.088976424376122,2.3750198817425754
2015-05-19,3.3777916093789644,10.163169688800826,3.829394154723765,6.0015676676942595,2.374239164655263
2015-05-20,3.361862729753475,10.141558135920203,3.8112317246443186,5.989296058465361,2.3725686883461017
2015-05-21,3.3668385398469423,10.19088777839154,3.8185281494401027,6.00571931768881,2.379477491407808
2015-05-22,3.3623663089889004,10.215570008092898,3.815809460493728,6.004066739925212,2.3737943875275476
2015-05-26,3.328423484925929,10.081554173857763,3.7757720634163814,5.920298071245042,2.348271149254906
2015-05-27,3.362919804125595,10.140524624943295,3.825995450929605,5.940286730617794,2.3705616571780883
2015-05-28,3.376299511514975,10.246656439165465,3.839927486215824,5.984926311958203,2.367887255352083
2015-05-29,3.419065627411954,10.187281049328707,3.892464071921026,5.976057648760029,2.353175585712037
2015-06-01,3.4218101695041283,10.222063610624213,3.8941970299874846,5.989084804750203,2.3579679055383567
2015-06-02,3.4208782280782186,10.199631487096234,3.8946079913065574,5.980702617958298,2.3556280089070207
2015-06-03,3.4052031013481026,10.200704968591344,3.871442118582775,5.9750977971424115,2.361868621445063
2015-06-04,3.3807758651049666,10.076154419198154,3.837215981435868,5.9026368943611125,2.3419192399517264
2015-06-05,3.3772931557460097,10.104126294845312,3.835872048081266,5.900220885070432,2.3379064074142093
2015-06-08,3.358394464406279,10.042946788692683,3.8034083528812115,5.8858144859925146,2.3235294479352504
2015-06-09,3.4146277197140815,10.03354320748901,3.8524875068578255,5.9300339772973345,2.3231949427405816
2015-06-10,3.440672735139813,10.111571555311135,3.881559084448084,5.973937334200838,2.351057667711722
2015-06-11,3.467032069396049,10.070665046727335,3.89744262764997,6.002413270428002,2.358637120894113
2015-06-12,3.4362020545219005,10.005291013928806,3.8689348583658774,5.944074657834788,2.3405818340723057
2015-06-15,3.433856596957831,10.065897452361254,3.8742529464174256,5.957724887212105,2.3305511874934415
2015-06-16,3.4366959072544025,10.092312374542415,3.870786828265066,5.96758619390105,2.3432562358983104
2015-06-17,3.422972181121607,10.09724298962175,3.8580375070891733,5.963673614237088,2.347046064972715
2015-06-18,3.4443482026686327,10.211468734147182,3.8817409773918286,6.025114842201628,2.371453261097702
2015-06-19,3.429866949936655,10.140321123270823,3.8641325656736996,5.992063328628728,2.3609259808872913
2015-06-22,3.424460123055309,10.240413432881557,3.86547544655212,6.010507967536022,2.3730214591641308
2015-06-23,3.41435831950001,10.214512841871539,3.8470438887889555,5.984360808416996,2.3747017738613705
2015-06-24,3.39427372532448,10.112977872357073,3.826685797884443,5.942477206393275,2.3574546696269283
2015-06-25,3.408909933027676,10.022406750184906,3.8360978809796884,5.919840070738567,2.3502863790796513
2015-06-26,3.4053335134128955,9.938978155274636,3.821794315870818,5.892022885727679,2.34983873242208
2015-06-29,3.360441948070257,9.742663193186255,3.7670128500375566,5.821622046802732,2.300561321033162
2015-06-30,3.3516905587468044,9.732077228440833,3.7594026814087034,5.813449657194035,2.3053778268968412
2015-07-01,3.378542159462013,9.72628515048841,3.790261534098367,5.832954645258069,2.3238565743388606
2015-07-02,3.402228440244668,9.734313627445788,3.8197213704405093,5.833880185067589,2.321728203051212
2015-07-06,3.391769254013908,9.667541680359466,3.801577058023606,5.8195552510977535,2.3151202906915733
2015-07-07,3.403595600770796,9.746410402948413,3.7958061094991535,5.852724419451718,2.329680080215658
2015-07-08,3.363128089212653,9.49564129359853,3.744408615167965,5.765875863438062,2.2905942140439715
2015-07-09,3.3480192882931656,9.504244689313023,3.7287534672498186,5.766820572558907,2.294738020122783
2015-07-10,3.3729687729050157,9.561481624577748,3.7676517512255185,5.7970960477806415,2.323631931144401
2015-07-13,3.3875352025472663,9.659905730613248,3.782348134691173,5.825449386851348,2.3492785592008607
2015-07-14,3.4004701414712257,9.719067564759357,3.8019435829582604,5.829937697895351,2.359470514350929
2015-07-15,3.3612318002027766,9.619510146944426,3.7552070958829677,5.777145884556753,2.358686107868087
2015-07-16,3.362649174057504,9.602147955213994,3.7548709795116757,5.783879125394624,2.377613321833351
2015-07-17,3.3367634353968767,9.611858206870549,3.7220436500909773,5.738186088709485,2.379628346691678
2015-07-20,3.3206610915468193,9.517769710457086,3.712180195524926,5.703108032418476,2.380860809764928
2015-07-21,3.301203611119003,9.487537669073324,3.7006754603500807,5.660266608891075,2.371453261097702
2015-07-22,3.290958701249573,9.492475618752497,3.68357938473786,5.673237408535753,2.367197748320915
2015-07-23,3.295469560614621,9.446997943074688,3.6907035907826202,5.658849611144041,2.3538704218700808
2015-07-24,3.254989673100691,9.332813408244943,3.6459249034278574,5.580087989200749,2.32945646185329
2015-07-27,3.2318313421577085,9.192695104273838,3.6108329067736387,5.55919383332732,2.3159044922079968
2015-07-28,3.2785245216847416,9.358373098322852,3.670349366121941,5.637752068376265,2.344350756572043
2015-07-29,3.2806100381719396,9.452619317427178,3.6803614416395565,5.661669386368096,2.3604779242968834
2015-07-30,3.2720701319712404,9.591959048253083,3.6720339649029525,5.7135752683811045,2.361038917383776
2015-07-31,3.2690060952316564,9.529135811349036,3.664442284641546,5.69215896312404,2.3574546696269283
2015-08-03,3.262427019733892,9.45610753674275,3.6541493403543774,5.652351653504515,2.3495023825296464
2015-08-04,3.259735746536681,9.296326856783478,3.648072659986648,5.579265847166515,2.3449113397260994
2015-08-05,3.286111437941441,9.459649613853015,3.676791118616247,5.675108263797691,2.352638983628922
2015-08-06,3.272570638467203,9.435592876796258,3.6698583557867015,5.620273102618359,2.3333760346704793
2015-08-07,3.2408856136783695,9.362483161293728,3.636841144763608,5.621660758847754,2.3288964935984886
2015-08-10,3.310106659603592,9.550556159381289,3.7362787702801437,5.681262052804105,2.358238051277679
2015-08-11,3.3054907036169805,9.377597472606862,3.7229474436684873,5.653078456682868,2.3369598724944907
2015-08-12,3.3380955567765747,9.422959721802432,3.7606777621380547,5.655033354465931,2.3397599187349147
2015-08-13,3.309172089980024,9.380796161597353,3.7257042766982558,5.618749421166211,2.336847960830098
2015-08-14,3.3050995308179414,9.429304044112145,3.710026800402704,5.6467858568317695,2.3453585764508347
2015-08-17,3.3112751092934545,9.462414177634383,3.725480215093598,5.65802330271263,2.3584618746064647
2015-08-18,3.269642464543209,9.430740309533729,3.665065395057663,5.621735874931052,2.351630343884458
2015-08-19,3.264469716956176,9.327466380316645,3.6632285838877023,5.609389571614283,2.333039684778046
2015-08-20,3.2983842339078864,9.171638799273227,3.6816613721953666,5.615435049498487,2.2843228565431843
2015-08-21,3.234861259918766,8.960974851836093,3.6015323131866204,5.50967523731662,2.215559697699129
2015-08-24,3.133753832234642,8.536108123163578,3.4795908224658443,5.307714871107697,2.122269232408962
2015-08-25,3.0802605725444923,8.445202909034814,3.424279643593176,5.234720396861886,2.097295099170952
2015-08-26,3.139098174241347,8.666462342714988,3.4918432269334096,5.355144075611149,2.1778175913658306
2015-08-27,3.2264574241442348,8.92258829706331,3.616993277875033,5.46674508630344,2.231685430659041
2015-08-28,3.230238271559793,8.937139040267985,3.6272588373620582,5.452691419648303,2.2317979572226885
2015-08-31,3.2304012543870213,8.97892422410367,3.632806013408422,5.4422152966384605,2.213767266371078
2015-09-01,3.164269925664639,8.717743309554239,3.54830332071497,5.348327022410604,2.1476912172709626
2015-09-02,3.204335435448077,8.8223237747765,3.6019135779648956,5.4010520225666365,2.1884565782742156
2015-09-03,3.2039627649876836,8.895493884601075,3.6066161788123154,5.405275223092289,2.1900247763406444
2015-09-04,3.1584944389078706,8.719476230350143,3.549204266333734,5.33098072558034,2.156874327710148
2015-09-08,3.2543909585370696,8.976208568184196,3.672839750239499,5.460575041056853,2.21107872186221
2015-09-09,3.2016445464270897,8.842125601924382,3.617410347797438,5.358042560057074,2.18151272595498
2015-09-10,3.192150665666646,8.830816250645375,3.6083606933613583,5.3584016830955665,2.193384380903033
2015-09-11,3.2027588571225754,8.823971734264267,3.618462376566723,5.37155726095663,2.2033521027914786
2015-09-14,3.1994419380001267,8.721705859393927,3.6092668014220006,5.353523328225219,2.1951766072646657
2015-09-15,3.2197452820106127,8.842878629375292,3.6362910595069056,5.394570047386865,2.2226142318842483
2015-09-16,3.255538574443358,8.96102487006948,3.681314698929498,5.454913915107641,2.2418769758762727
2015-09-17,3.2879493332218215,8.891446530542897,3.7051725121709764,5.495104546548182,2.236838286415154
2015-09-18,3.261255899857176,8.602312693741737,3.6697305972071033,5.39965865024192,2.2002843704087525
2015-09-21,3.2446838712936787,8.593163732732295,3.6535163114163915,5.389565140451282,2.211653857631966
2015-09-22,3.216677782590193,8.41053835547346,3.605353318073581,5.314432132555829,2.1829491306144404
2015-09-23,3.200187492684412,8.210848193208106,3.5836529252368043,5.274600072071152,2.1794579376115015
2015-09-24,3.2091433163325784,8.172184193053399,3.59623837912674,5.270396774687139,2.1715771837942075
2015-09-25,3.2006297584522483,8.17954855167822,3.597477374000396,5.256901644627639,2.171015165875223
2015-09-28,3.1073031776953353,7.912292934116213,3.477043585909161,5.132902927196902,2.1165281230323223
2015-09-29,3.1114243778665887,7.9753236063066755,3.483417318914499,5.16369901462069,2.1177673499973766
2015-09-30,3.1664709629212684,8.390840308939461,3.5514495096895438,5.323855080774994,2.1572809810840594
2015-10-01,3.1603412582546775,8.269920153638258,3.536375725331711,5.282273549750425,2.1629097688634693
2015-10-02,3.2344060575067464,8.481750366891331,3.6323334201162103,5.389792346153294,2.195218625380418
2015-10-05,3.2516028957675225,8.748715664728767,3.6668240920971518,5.476002269751477,2.2342825601453455
2015-10-06,3.240544832550229,8.795859928032014,3.6612007616044395,5.456806675453488,2.226627064421765
2015-10-07,3.267921475022388,8.92495783464275,3.700440958457114,5.488518115517737,2.2448639514901876
2015-10-08,3.267159600793089,9.055314293989861,3.6912095633986035,5.523678563309878,2.265127956435618
2015-10-09,3.296126314514547,8.995628453702933,3.7161579285066266,5.552055211265903,2.26647848016581
2015-10-12,3.2475749723359955,8.94767852379663,3.675719064497587,5.480877317483378,2.2686175097072097
2015-10-13,3.2353303681335728,8.879827510551799,3.6541118887667827,5.449512904622011,2.2543204871313884
2015-10-14,3.1979488226012514,8.90575057518874,3.6331825684660797,5.367735902457228,2.2435134277599955
2015-10-15,3.2209433404210355,8.930401923380488,3.6658542519548183,5.37544294964632,2.277961313818344
2015-10-16,3.2232336838116518,8.8431786232816,3.664350076122196,5.354640703244707,2.288318676867982
2015-10-19,3.18702967892791,8.849653560260682,3.618393223856621,5.351322841333232,2.289444147470878
2015-10-20,3.178718993288849,8.831098596340976,3.6170990485890413,5.30721946430116,2.2865166121182705
2015-10-21,3.156753287607104,8.664386596955216,3.5930804529523916,5.2183635079769495,2.272333140938189
2015-10-22,3.1770298053618484,8.789873517904985,3.6283405005760105,5.258584677009379,2.310721096455557
2015-10-23,3.2000884714328333,8.843217301237628,3.661780607314201,5.287861893696567,2.336050231530066
2015-10-26,3.1795579735632327,8.730539506148446,3.6270917494827066,5.264293155294718,2.3303091221534262
2015-10-27,3.175617163450955,8.670881461538976,3.613457561365456,5.276343042801948,2.3258058049769126
2015-10-28,3.23614388974943,8.759785686201711,3.695382816858768,5.331706631169995,2.352260820587155
2015-10-29,3.176998037871883,8.692150774524356,3.613493402740888,5.286666816016582,2.3509098869241263
2015-10-30,3.169489731630752,8.680529257214996,3.6142092893845037,5.266598144332609,2.3407786018338754
2015-11-02,3.160876136139542,8.786529963399039,3.600588957742405,5.319006604020651,2.3684724344763355
2015-11-03,3.128781648806337,8.820153135497632,3.564422374314254,5.317989854085177,2.3753390144558715
2015-11-04,3.1120930135369034,8.765590734564187,3.5457713021548063,5.299993071081047,2.3681340349197186
2015-11-05,3.0915918457993934,8.816682462358282,3.5157500891074163,5.302133376847452,2.365769952251023
2015-11-06,3.0937378326531575,8.860419929040008,3.52940616854093,5.292274824349773,2.3645321600508975
2015-11-09,3.0615022287997053,8.760912049853042,3.4818443514169513,5.232168774920556,2.3424665002885927
2015-11-10,3.05351949204531,8.671405763168126,3.45916306825871,5.218528776672734,2.3478708498399623
2015-11-11,3.0446580287657694,8.523591458101128,3.4476916502964574,5.165287312497142,2.338639777258894
2015-11-12,3.02215473038193,8.4337343604992,3.4237257499626885,5.121751333167373,2.3059927261517474
2015-11-13,3.0030575769693555,8.340619765729233,3.398005604715558,5.071553006578388,2.280100958258999
2015-11-16,3.044972522942321,8.41263506098716,3.445270599228486,5.1428077748685155,2.314773487511806
2015-11-17,3.0528990454365004,8.398648159891618,3.4570067901731605,5.141516012012727,2.313084769191416
2015-11-18,3.099326288467342,8.526194437547488,3.507497145919577,5.230974679395967,2.34978441632123
2015-11-19,3.105497131035158,8.455913274538396,3.51486799196768,5.219321943997038,2.3477583232763144
2015-11-20,3.095562811366856,8.413165418005509,3.4972922274271414,5.235064942815276,2.356313621576241
2015-11-23,3.081799144673719,8.477551770385372,3.4785905309756746,5.244254015651776,2.3536121641830205
2015-11-24,3.096773027339359,8.508038761399044,3.5070742355666984,5.240699345916028,2.3567647526629236
2015-11-25,3.0930739476797644,8.522143968397982,3.5034218451644046,5.252640489191555,2.356426763039144
2015-11-27,3.081433193464963,8.506875628138559,3.4943954657626293,5.234510740930624,2.359128015465946
2015-11-30,3.070988614818681,8.555279376365231,3.487716706919975,5.220055057779563,2.349334719999475
2015-12-01,3.1249192682683278,8.518103820761496,3.5439082679601035,5.245052043727551,2.371736934620632
2015-12-02,3.0839615239308324,8.481877359732078,3.499629128685574,5.2087348786321845,2.3475330651826005
2015-12-03,3.1131228282205226,8.368342830638783,3.5469796354410565,5.170723701218383,2.3146609609481583
2015-12-04,3.1885648407325267,8.429159889514938,3.6325260451570474,5.276708726100994,2.359804199679924
2015-12-07,3.175531936586174,8.316300653514588,3.610297238637564,5.259250578821436,2.345506767171267
2015-12-08,3.1611991270296858,8.263458727559872,3.587825486081813,5.239856806770945,2.3297458744359325
2015-12-09,3.1376527702436463,8.21321920312371,3.571869231320228,5.164900235431434,2.311621103998321
2015-12-10,3.1592568402520733,8.224780036317672,3.5974525408681095,5.192579242226365,2.317588496300766
2015-12-11,3.1184256213539814,8.035435858431388,3.5385243203687495,5.131034818234791,2.2726701057298775
2015-12-14,3.112358014940509,7.956573808088423,3.5198134963555323,5.132535475542652,2.284152734415993
2015-12-15,3.126555823759353,8.096651105028407,3.544082522107199,5.168015715225775,2.3081325755588202
2015-12-16,3.170534536950443,8.213273974021993,3.6049065508134097,5.2301395906195145,2.34190427740319
2015-12-17,3.1078343021542727,8.098516834859506,3.5222281798820108,5.159503775482476,2.3062173693462062
2015-12-18,3.124432965663518,8.069764172998008,3.5571157809969214,5.126069930298982,2.2651320557639836
2015-12-21,3.171369199756369,8.083548106587605,3.611256117710478,5.179789441631583,2.283817614322069
2015-12-22,3.18002316215832,8.228048957693616,3.625890464106173,5.223210594042091,2.3045419738430057
2015-12-23,3.19681884812756,8.360818259755268,3.649864757160311,5.2533603562,2.3330802681288696
2015-12-24,3.198037878732326,8.32417550217486,3.6521413796549425,5.251838531747978,2.3292293590618116
2015-12-28,3.173579127783498,8.235528120966544,3.610037998350878,5.225281852493905,2.323906381178508
2015-12-29,3.2070739155779444,8.343967487110305,3.6482351674394495,5.2829774146268065,2.348707317793053
2015-12-30,3.1813798278201015,8.249514339443099,3.6184209320552334,5.2549362920037295,2.3320607651642353
2015-12-31,3.1612791604540726,8.173394851097042,3.6010239127589228,5.19434249548889,2.308731692399517
2016-01-04,3.1455547027436674,8.125235369241098,3.5765932277437757,5.187966284821531,2.276456655341589
2016-01-05,3.1532034898865033,8.054078019527,3.5756848660819376,5.21417011165821,2.280307359442229
2016-01-06,3.1416297569228298,7.805153558295388,3.5487667367843074,5.174169529642264,2.251542577264141
2016-01-07,3.1249751532785015,7.599765780460578,3.5251052410505186,5.141322714087547,2.1975253174519884
2016-01-08,3.1098197231754705,7.496651267312175,3.5106648858898972,5.0449498271356905,2.1734042544469516
2016-01-11,3.0999527374838336,7.404947931868516,3.4968326084515815,5.02891934715899,2.175555991906286
2016-01-12,3.09705959657049,7.473566254388258,3.50077946103829,5.031386101943451,2.1931084961039984
2016-01-13,3.0460058493792648,7.280631805189931,3.4463273293552295,4.941160012767787,2.1384105428166653
2016-01-14,3.081459048041613,7.346788597437506,3.4767404132552837,4.98663700154655,2.173517395909854
2016-01-15,3.043306396765777,7.162031095434987,3.4218968425216207,4.916017648107219,2.1268596603132544
2016-01-19,3.0709452364030034,7.109770926741924,3.455243641089234,4.925242788490631,2.129690656482842
2016-01-20,3.073032656656489,7.136853339284351,3.4617451869441265,4.937775097768786,2.102398558020254
2016-01-21,3.07865539234118,7.23440922529482,3.477833392928715,4.941674817893054,2.1141763383487246
2016-01-22,3.1073286342835185,7.32082880466138,3.5121766264275074,4.9897429021371495,2.15754887219278
2016-01-25,3.1036690871106054,7.1106696156790505,3.5048526975877934,4.927235007246031,2.1249352306118166
2016-01-26,3.1399849202372803,7.4920053959135515,3.552751337908871,5.116285007739692,2.153925680816455
2016-01-27,3.124859377691831,7.4834298286695065,3.531972733003123,5.0990645286271326,2.130483466588834
2016-01-28,3.1075544583472308,7.656282976216913,3.530465057067255,5.120546372060493,2.1415817832406336
2016-01-29,3.1775392275637264,7.872541038157145,3.6142822417849927,5.269038965624781,2.1937883697135065
2016-02-01,3.2039727160297797,7.9121479198267775,3.646589309685763,5.3045033783542355,2.1929953546410954
2016-02-02,3.1526597245611003,7.763993057992434,3.582014448198108,5.228408874892562,2.153472295099171
2016-02-03,3.1724849921624996,7.87135382061455,3.618022596503115,5.239446464160918,2.1663833347544337
2016-02-04,3.1932657510704314,7.784836011276334,3.6500092729385454,5.288787334374172,2.1697802432049533
2016-02-05,3.1737365989337483,7.640290723156298,3.6145771452428805,5.247336145152453,2.1284454854916572
2016-02-08,3.1630003507880855,7.366405490751459,3.584212446129004,5.212597390660105,2.099794459675727
2016-02-09,3.1221276282769406,7.281487820240797,3.527805707339821,5.176510896310331,2.0999078061050476
2016-02-10,3.107211012056344,7.2238130296371725,3.504396664272234,5.149185448171922,2.0980959029672577
2016-02-11,3.131943090654213,7.222282675259197,3.5230568205346255,5.150038880463815,2.070803394571833
2016-02-12,3.170297759920524,7.395127282076952,3.5854486111471022,5.21729917155509,2.1134972846048905
2016-02-16,3.1710345396209902,7.630550690199756,3.600343555553132,5.303106000894112,2.1491688201805017
2016-02-17,3.221647022701521,7.700996463122914,3.6695768110885436,5.345815305906135,2.1842754683072725
2016-02-18,3.1926202480621804,7.644439178214464,3.632079488322105,5.327283196513954,2.175329299047644
2016-02-19,3.1959700051459405,7.631165140923006,3.6346057313341698,5.3168978025866025,2.1743100010494283
2016-02-22,3.206947467455576,7.736559988247268,3.655373385728056,5.347654815694652,2.205791613102109
2016-02-23,3.211009804323634,7.565088864350364,3.649067019963779,5.295555015816255,2.177933397392171
2016-02-24,3.247559878451117,7.795084559604721,3.6879220566541986,5.455689704955681,2.1878986596835976
2016-02-25,3.2633565644913096,8.000717650593092,3.704067056305475,5.561990560985859,2.2143989728722846
2016-02-26,3.21767884350512,8.073960348588171,3.6513985218891367,5.552912428500577,2.209302687847623
2016-02-29,3.2228914769193246,8.062682789362421,3.6578295297282404,5.554105389073095,2.191976261609298
2016-03-01,3.2444132697397885,8.250290054425408,3.686800018170819,5.6292795457617775,2.243502564539826
2016-03-02,3.2644174240723873,8.4177113022344,3.711756999368186,5.731669636114044,2.253580763327736
2016-03-03,3.281215449853229,8.592090618073529,3.7285663948767134,5.815344456621127,2.2624144060237175
2016-03-04,3.3262111524213087,8.700266479203579,3.795796991320623,5.883858999919766,2.269775569970616
2016-03-07,3.3270533282651784,8.815853127061608,3.7956293354416664,5.955558977164463,2.2715876780748245
2016-03-08,3.285813081129114,8.434237962388737,3.7339049260539814,5.779990372826435,2.246786536493861
2016-03-09,3.291332990494431,8.498614726567611,3.744621611335768,5.8145260530103355,2.2578848531456606
2016-03-10,3.301563063304309,8.523764800790063,3.7546781802311875,5.828649502515365,2.259697166216287
2016-03-11,3.325411529744461,8.765675725416882,3.7978735011137137,5.933748009197884,2.2961619218307274
2016-03-14,3.305157734906463,8.713667023905598,3.77738439236932,5.894948845842341,2.2932173742654003
2016-03-15,3.2923281169544625,8.506236862118048,3.764732820437841,5.775473384240401,2.289479811627663
2016-03-16,3.3215276242774685,8.695883197508037,3.8035996557761957,5.87560783246925,2.3027298657387973
2016-03-17,3.3409164176288884,8.703859199583533,3.832002905039395,5.875820642030122,2.3173382323040195
2016-03-18,3.347943184566433,8.811716830596508,3.8447289286992277,5.908892534470703,2.3264448902691783
2016-03-21,3.3370608628704455,8.76132807940336,3.8344808470259486,5.885593497565045,2.329746079402351
2016-03-22,3.3590395698666673,8.841285226757833,3.862202212859664,5.950335423353354,2.328493939552944
2016-03-23,3.3036537665143824,8.587106740899205,3.7910212362449025,5.793398708242917,2.313126377374331
2016-03-24,3.3076398825144055,8.587602818333723,3.79434575915119,5.808796572374782,2.3121025701149125
2016-03-28,3.3009538664873683,8.563786924206816,3.786269262176876,5.78945027178946,2.3134680563936403
2016-03-29,3.3310560181672093,8.653199435946876,3.8181308553665825,5.848456224665157,2.3348683951621365
2016-03-30,3.3514578007453917,8.634736643440617,3.8476878646971393,5.838945381441468,2.345113231648127
2016-03-31,3.344105068444664,8.715627047466645,3.8402044045775536,5.876488503067735,2.3394213142118794
2016-04-01,3.3519684559439615,8.633985631080254,3.8463841335657825,5.842437792527842,2.355357453234862
2016-04-04,3.325218065676732,8.54117292923781,3.8104006403290915,5.806151432281254,2.3477306528098434
2016-04-05,3.316629350487011,8.41686811623211,3.797926629982286,5.75651058199491,2.3242818796568367
2016-04-06,3.3494701385374874,8.464526579093782,3.84232777384161,5.783817372668054,2.3496661506978698
2016-04-07,3.3319359676257077,8.3538494221289,3.81531694174734,5.752756926865187,2.3215507021329627
2016-04-08,3.343766887289653,8.420185264183123,3.833810116174987,5.793590530514146,2.3278105815143246
2016-04-11,3.3505983162632087,8.505389567027542,3.8503250828470055,5.832471417865192,2.3223472016344844
2016-04-12,3.3864180263465213,8.620051319616243,3.897810933078889,5.907033591092275,2.343974643194459
2016-04-13,3.4049258322934466,8.766650093215334,3.931871188816933,5.940553870775773,2.367650929071781
2016-04-14,3.3833130084632437,8.682889382762905,3.9130187403246293,5.869768285296913,2.367764890400357
2016-04-15,3.378257766265188,8.661805405966991,3.903088469731704,5.8805661138743295,2.365146444406548
2016-04-18,3.3987845673855577,8.766354300944943,3.9247119193419415,5.939097469862669,2.381765326568895
2016-04-19,3.4244303304072683,8.993772237940142,3.9633719709793787,6.053412540010076,2.3892787805645925
2016-04-20,3.422637905199818,9.071663567679474,3.9668817750941647,6.067245001103183,2.391555957471928
2016-04-21,3.3920356501252233,9.082531573596455,3.928143437869713,6.057857472439562,2.378692879958548
2016-04-22,3.4044113430863816,9.14605301358868,3.9535099352805223,6.081612962654509,2.378692879958548
2016-04-25,3.4127638196075503,9.055589215764051,3.9580080225884235,6.064112371051386,2.374594781391017
2016-04-26,3.408852006628847,9.142818547424667,3.9561583779510614,6.097162610923539,2.3781232782820867
2016-04-27,3.43632438902195,9.307233057251775,3.992321676613238,6.190808108214324,2.3830178763511385
2016-04-28,3.424979788067238,9.239920500439188,3.973274356434563,6.16801847993541,2.361390639757582
2016-04-29,3.3914999517369973,9.115339725955115,3.9248186950370347,6.1052544963082624,2.3486413186063597
2016-05-02,3.40711275445981,9.111675881721032,3.9366576601933705,6.116977394128035,2.3673092500524717
2016-05-03,3.372781141678793,8.909347339301483,3.8896612813156266,6.015241091017337,2.3467070505168435
2016-05-04,3.339989934724742,8.906591776375816,3.852633898005856,6.018464652631732,2.3336162553127293
2016-05-05,3.332554020387927,8.858917083780382,3.8429782423811267,5.996033374174916,2.333161024897681
2016-05-06,3.3553234770709226,8.926044163334893,3.8613556452592372,6.05727736951896,2.34169787621996
2016-05-09,3.344362116064518,8.892964590802665,3.852366813419488,6.036901362958264,2.343633169141568
2016-05-10,3.366113657949406,9.103381998693635,3.8839478755004033,6.1271159073490225,2.37277283489873
2016-05-11,3.3551183261997464,9.08835888571845,3.873040756796361,6.1164709154626795,2.350576406561549
2016-05-12,3.3403988584140296,9.006905213751066,3.8492932913987574,6.076306678300713,2.3512599695665863
2016-05-13,3.318162197637121,8.890124050816585,3.823550797758155,6.013812811422366,2.330771116460279
2016-05-16,3.3555233596885463,9.028562895244521,3.868889376860727,6.110623484527298,2.353763634366145
2016-05-17,3.3341378568726996,9.020551063592524,3.845881006432493,6.091506715979715,2.3317947187532795
2016-05-18,3.3082257118196954,9.039390707638232,3.81669815514164,6.048578333550711,2.33247787182548
2016-05-19,3.324235490168952,8.972324228398694,3.82396234183508,6.10066469373769,2.324395840985413
2016-05-20,3.345040286758308,9.104064738324054,3.8526411933632994,6.1773502752149385,2.339079840158988
2016-05-23,3.3458096666088575,9.111116169618974,3.856423206944962,6.167626128857166,2.335892612354392
2016-05-24,3.349214103543938,9.240434173493373,3.8682113320308624,6.212701288630688,2.3661714814644768
2016-05-25,3.3529273611424593,9.37390907944614,3.8773687354995023,6.253839393143098,2.3822211718831987
2016-05-26,3.3623108555576877,9.325809550092428,3.8912851890380407,6.249300867136059,2.3829043249553994
2016-05-27,3.3514902926160057,9.379993472351158,3.879549300076927,6.262517612305907,2.3931481366092977
2016-05-31,3.35023560878706,9.439272130390668,3.871359815491711,6.298157347417634,2.3885960374252284
2016-06-01,3.3369390640868835,9.487559095869475,3.8539252924076077,6.33626750170936,2.3934904305278626
2016-06-02,3.352552683198441,9.564634122581996,3.877078879652763,6.385724665831656,2.400774937034316
2016-06-03,3.4030134327421613,9.507849359683371,3.9372741360584738,6.412181364966353,2.393603571990765
2016-06-06,3.41902778804013,9.61096853718509,3.9592471877259485,6.4592598216501695,2.4057841113311995
2016-06-07,3.426143730875883,9.65362944329452,3.968611893958627,6.483648541972945,2.409539915980166
2016-06-08,3.449485585185707,9.612778086425887,4.002826024531809,6.490023124804761,2.417394024163081
2016-06-09,3.448065586989954,9.43324443147308,4.000741517193359,6.4093221012272,2.4140932449627455
2016-06-10,3.4277608137338578,9.122042392502832,3.9711900669850144,6.261934594255738,2.3912142784526185
2016-06-13,3.4259144810841655,9.038612464793129,3.966027446907257,6.223001077203458,2.37277283489873
2016-06-14,3.42089295537011,8.954284414268958,3.9543547611434007,6.2009677424901,2.368105749553993
2016-06-15,3.4160634401703094,8.976072875157286,3.9486390013790653,6.21207533686615,2.364805585252912
2016-06-16,3.4322679911676173,8.985846690303317,3.965134545360032,6.2266189968134125,2.371862784001469
2016-06-17,3.411327112384602,9.026797983424565,3.93630774214421,6.239251353996597,2.36303016613758
2016-06-20,3.4103736607492796,9.106107604429072,3.938713666446255,6.261981169617018,2.3782474879315774
2016-06-21,3.3854098912233854,9.12966228237459,3.911986414014849,6.258299259932874,2.3849988767840276
2016-06-22,3.387877727525315,9.085352842616036,3.915007473241564,6.242741676974907,2.381108204231819
2016-06-23,3.413607031987822,9.32633265936723,3.9553924165415966,6.347733737260569,2.4121157289589674
2016-06-24,3.418538261414941,8.942165669665414,3.930244244212138,6.2722932874561215,2.325499380181551
2016-06-27,3.400619639136551,8.582006661795544,3.901695724942434,6.0981289384612145,2.2838499990161614
2016-06-28,3.4133254493892218,8.822222213049365,3.9271636237473997,6.211770740941426,2.325041280236646
2016-06-29,3.4852009620185362,9.076294096061421,4.0260109355763785,6.365925795878527,2.3646321836630286
2016-06-30,3.5013350827703227,9.213440902528435,4.054269993326313,6.431428857907729,2.3968973823328783
2016-07-01,3.5215485840808083,9.233185576913579,4.087094135393882,6.445970443143186,2.4019321774320495
2016-07-05,3.5290340782200857,8.979320656066022,4.083737807417827,6.362763199478038,2.384654738167699
2016-07-06,3.547408112146197,9.081750071229076,4.10443522397557,6.428955787640605,2.398957294836814
2016-07-07,3.5268465643521845,9.126298521766188,4.074403786249323,6.428891148462667,2.397470263472033
2016-07-08,3.5498908567095353,9.34045549547095,4.11403166737159,6.516603085558844,2.4331692645476966
2016-07-11,3.5551052092232807,9.416171474315025,4.125949980729024,6.539717947923881,2.4417514134484204
2016-07-12,3.544701821513796,9.62626026623167,4.128219263244301,6.598340867881244,2.4594863377584217
2016-07-13,3.5476184854149415,9.648875837318505,4.1278111995013615,6.589603539783397,2.4591430190077657
2016-07-14,3.5672322373752032,9.798646130324197,4.162768116865623,6.636602435204163,2.4728741293026553
2016-07-15,3.5547622745659564,9.773840657227025,4.145246890633517,6.628128238925603,2.4695559279567636
2016-07-18,3.5574859021085015,9.857782340438543,4.146917769332488,6.6642735414099885,2.476191715749292
2016-07-19,3.54612613877739,9.737623829451175,4.124783823481131,6.626930483806582,2.4736753430317977
2016-07-20,3.542452419527162,9.687872049663099,4.120842211748681,6.58526543887745,2.4839728558872913
2016-07-21,3.543082814903984,9.601899137479668,4.1164009217081805,6.541789338425026,2.4745905180895162
2016-07-22,3.537892434007488,9.59600807153751,4.1040358992512695,6.567780524809291,2.4856890397077342
2016-07-25,3.5369364693436927,9.641821536108548,4.100500316342451,6.593099369713279,2.4789382657545387
2016-07-26,3.559941284817675,9.754131365024099,4.139712830037879,6.630541111873224,2.4800832081671738
2016-07-27,3.5845617999811275,9.743776871087022,4.176060627991838,6.6483284979736865,2.4774504145240845
2016-07-28,3.5433625702119547,9.694056302597364,4.100182811976345,6.648690405357818,2.480311540757162
2016-07-29,3.550927760036434,9.671557052357112,4.104532926230764,6.65210106551674,2.484316584570784
2016-08-01,3.5548611316019096,9.59277132564431,4.100256244999536,6.6187721602185485,2.4822566720668484
2016-08-02,3.5758346504311596,9.52824195666758,4.12630966598975,6.601385363027512,2.466352097872285
2016-08-03,3.5650329537908325,9.597898655098223,4.114873754183596,6.625187428546737,2.4735603568711304
2016-08-04,3.571892337328393,9.617508391669162,4.1249382762312115,6.636945268411392,2.476191715749292
2016-08-05,3.559685648772603,9.669030986128243,4.109815445038578,6.634238570922186,2.496444037608878
2016-08-08,3.558418279140911,9.690142888711737,4.108136881473452,6.641463855245861,2.494957621143352
2016-08-09,3.5616265155119424,9.648075547190693,4.114063226074288,6.621487608042291,2.496444037608878
2016-08-10,3.5663954113618885,9.539561030399707,4.12557713798572,6.567203099780813,2.4902659398284186
2016-08-11,3.585596928895138,9.586978083988638,4.146202522574091,6.590391759787808,2.50182276635796
2016-08-12,3.5746448265254025,9.572293648104322,4.129340367398063,6.574545197901812,2.4996488925254488
2016-08-15,3.5871721565002126,9.661951572726288,4.150645507952203,6.6244749165847905,2.5068571515242946
2016-08-16,3.568979230852586,9.589372571986083,4.123036065448877,6.589633147222587,2.4939276648913844
2016-08-17,3.5627689419597868,9.552547582021607,4.112962366202586,6.565488655726732,2.498618936273481
2016-08-18,3.579415961822231,9.65431580739123,4.129487293162448,6.64444655209305,2.5042255876797146
2016-08-19,3.5432862249097363,9.649535062770003,4.087091841960241,6.594418233624053,2.5005632477174937
2016-08-22,3.5393359868576533,9.61596341626871,4.073113440994222,6.5822307013942805,2.500449491355336
2016-08-23,3.54496814592955,9.667661657167093,4.084188601471719,6.604864884795144,2.5054832616224156
2016-08-24,3.5205481807960757,9.57033731036486,4.052033234564733,6.534292281146642,2.4926689661165917
2016-08-25,3.4968617193782334,9.55790708788834,4.027610044440151,6.500357946736627,2.490952372363312
2016-08-26,3.4963551114367335,9.608043651977713,4.030710119480688,6.5212093804402285,2.486260281115542
2016-08-29,3.5081994180954665,9.660360678990376,4.0463728729940565,6.547210774705979,2.4985035401799767
2016-08-30,3.4883861947977155,9.668388083628788,4.023949603503385,6.514157631613561,2.494385149937034
2016-08-31,3.4785700054641824,9.677513037431872,4.013224836638329,6.51394469970465,2.487290852266765
2016-09-01,3.4904715201712944,9.564283067156506,4.028401171564767,6.476759177918994,2.4874056334610137
2016-09-02,3.4935211529191488,9.556602520457362,4.037780733756691,6.459726325003536,2.498618936273481
2016-09-06,3.5456230625008858,9.616661362352131,4.1022725819573935,6.556120599210922,2.506170718989401
2016-09-07,3.518852357952058,9.661356307286795,4.0643284985284325,6.551477729137219,2.505941566533739
2016-09-08,3.5185052040784988,9.636233204543464,4.059423865378653,6.544688994935984,2.500220748832511
2016-09-09,3.4457847172686638,9.426563439071282,3.9639134782498773,6.411932728943699,2.440378138445797
2016-09-12,3.469223397944392,9.584515051255694,3.9851733137969534,6.491929136697556,2.475391116919404
2016-09-13,3.4378774543794632,9.487409776061776,3.948344381096287,6.434839638309784,2.439806077172316
2016-09-14,3.4521314510878653,9.57886895311831,3.9730354823530547,6.47142760870637,2.4388906971481794
2016-09-15,3.4776575976027164,9.750272436458333,4.008245281540672,6.543603257798968,2.4632622291163817
2016-09-16,3.467808660895465,9.822986403193793,3.9922679366490335,6.577524308703543,2.453740514154161
2016-09-19,3.4700565657529006,9.905420932292838,4.002622786113081,6.618950148872068,2.4542006637632494
2016-09-20,3.468971709262257,9.844080430623114,3.9964623744586487,6.605271441513415,2.4543158548903348
2016-09-21,3.5099252134005856,9.930200879665557,4.053421368171386,6.6678651581072295,2.481915812913212
2016-09-22,3.524205981070069,9.996233474340222,4.07074521359817,6.724884645620508,2.497554750629657
2016-09-23,3.5077527135088102,9.92870246711577,4.041821092172656,6.70042782853377,2.483870167711722
2016-09-26,3.477957644469248,9.864104700521299,4.005366406869875,6.663741045423052,2.463745129997901
2016-09-27,3.4865728787158283,9.960529918807094,4.008535311563266,6.6979643482449225,2.4790405439972716
2016-09-28,3.4820367085773984,10.012701922326944,4.00838505786704,6.70554202756992,2.491345292987197
2016-09-29,3.471454097220249,9.852139056127868,4.004984257219625,6.615835858631628,2.4688055458993596
2016-09-30,3.4782615595290336,9.948509966559273,4.010127731641037,6.6575789260192675,2.487434943658831
2016-10-03,3.465000375583468,9.957798246814283,3.981591170626494,6.679622831792291,2.4814556633041245
2016-10-04,3.403180100133326,9.981189543626574,3.891803051293259,6.63608522172192,2.4688055458993596
2016-10-05,3.4194360420422676,10.156426662101449,3.91306784036828,6.685556168800943,2.479730255994858
2016-10-06,3.376234861529723,10.15812962673399,3.8653948332890864,6.625944614758181,2.4814556633041245
2016-10-07,3.3663542779645503,10.130048718499987,3.85247909683594,6.6030040056816395,2.4729450476833876
2016-10-10,3.37388806387689,10.224091528953178,3.8623019377063326,6.646008029020581,2.485825342375905
2016-10-11,3.3502765989884926,10.008651979849297,3.838243306860286,6.550525614031654,2.4544302261517474
2016-10-12,3.3258843112240726,10.049694439376948,3.810238312564176,6.548914639899616,2.457650453549691
2016-10-13,3.330829187835139,9.921880282471175,3.812571722619484,6.523038851524847,2.44960019250446
2016-10-14,3.3384194463057555,9.936471356384306,3.8278683483810223,6.498947963566501,2.4508658601374753
2016-10-17,3.3213793682243558,9.866152385353063,3.8079704158167367,6.466649279913109,2.442355654449575
2016-10-18,3.3491968537391976,10.00036103897285,3.8450206386324592,6.522143805763379,2.457650453549691
2016-10-19,3.3536142935145343,10.074059586732478,3.8490747932927114,6.547524386111846,2.4642050746405713
2016-10-20,3.35975107332259,10.133396512192501,3.8571167879801354,6.563799192077026,2.4596056282138736
2016-10-21,3.3453827994319165,10.128292439153517,3.839386372042798,6.539973285493894,2.4607550798877114
2016-10-24,3.346006139938825,10.215724338706272,3.844923676635519,6.559535569780355,2.471220870172631
2016-10-25,3.3508601255787647,10.182832136713332,3.8481156094741347,6.563850638412743,2.462940226873229
2016-10-26,3.3392057668408244,10.18633071607541,3.835425691515932,6.535347639248806,2.4579958219645297
2016-10-27,3.3359734448902847,10.138954521138007,3.830931460645299,6.5099024561889545,2.4514405859743937
2016-10-28,3.3219657777931726,10.006644795480435,3.816481501186845,6.455761538781698,2.444195637986672
2016-10-31,3.302684286747133,9.905688479331012,3.793931170957434,6.380545192885811,2.44431062414734
2016-11-01,3.2865379084781097,9.892001716606869,3.783288261958808,6.360684247085923,2.426601115673208
2016-11-02,3.359052844054062,9.821768057722263,3.889654961536996,6.350380453266547,2.411996438503516
2016-11-03,3.345156912355969,9.835594084005747,3.86784372159818,6.343799667908371,2.4009553074824224
2016-11-04,3.3429946739210803,9.81791402756066,3.8638163704107606,6.335296234119379,2.398310420820653
2016-11-07,3.35492475794552,10.098760066272948,3.882204639376114,6.423923217089648,2.451210613653059
2016-11-08,3.3672126085858616,10.12913186425766,3.906533931556514,6.444325064524645,2.4622503099092246
2016-11-09,3.415702365332577,10.376401797288095,3.9495657833190903,6.5920811425427175,2.488355857776262
2016-11-10,3.429296430318372,10.432498027860268,3.974436314912236,6.583450444976072,2.494565315418722
2016-11-11,3.4078268067173876,10.580806538512629,3.948446039852178,6.6332728056681285,2.488815392486095
2016-11-14,3.3463338918363825,10.65713168067502,3.8474322599012503,6.582413669205179,2.49077036218386
2016-11-15,3.373912915198787,10.785616760195554,3.8835199753710747,6.647492393543806,2.5102060978329312
2016-11-16,3.3845247069411823,10.85434192665265,3.8976098372544903,6.689745039538835,2.505489820547801
2016-11-17,3.36346838411883,10.994211192896525,3.8748875885962146,6.701438335604519,2.518370115240319
2016-11-18,3.3340901685173256,11.000890797108234,3.8436486502421303,6.660851072697517,2.512735998334033
2016-11-21,3.3584658586097036,11.019233337647442,3.8723992372369596,6.6635874847050305,2.531710354575506
2016-11-22,3.377142009373149,11.175343252784185,3.9015203670596947,6.725534436285937,2.5366545545177877
2016-11-23,3.289063924518883,11.245162232274582,3.8146334115192895,6.621152848632915,2.5380347983786335
2016-11-25,3.297977355017773,11.262373866029417,3.827892209806338,6.642992442229138,2.547464688385455
2016-11-28,3.286818795540467,11.157435239979517,3.81569741583833,6.602742640828315,2.535504897877532
2016-11-29,3.2758409382941545,11.1496552554401,3.8051244712804886,6.575728068397303,2.5404499176854864
2016-11-30,3.24596877348521,11.163209416938885,3.7680318588362414,6.522753031160064,2.5343556511701126
2016-12-01,3.2323483777084894,11.063502953970227,3.748866097077749,6.448495263901969,2.525040337391122
2016-12-02,3.2592693646459323,11.054705343476586,3.7850719278327776,6.490567861198697,2.5263055950913
2016-12-05,3.268494096201248,11.29230818568957,3.8049587579579374,6.558749707122864,2.5414847931314934
2016-12-06,3.278468715046111,11.390548789619855,3.8131375155906078,6.598286725224205,2.549534849210305
2016-12-07,3.318029574387864,11.542914879744082,3.8724844757306034,6.6471528969010425,2.5828845251993915
2016-12-08,3.3239953930771198,11.78332614645093,3.8795700273192613,6.7113650319165785,2.5892091739689373
2016-12-09,3.3478024997823566,11.795122800810017,3.915746618967798,6.678234941125627,2.604849341483891
2016-12-12,3.351776969244842,11.657484252000534,3.921700005364659,6.693299847793239,2.6018590864072833
2016-12-13,3.3642863232588063,11.724344988619054,3.931375070954683,6.741579438610897,2.6192240463322487
2016-12-14,3.333074634794358,11.624176181686423,3.903841260343355,6.700155938341362,2.597604803429006
2016-12-15,3.351931905394651,11.705892105918863,3.8967505971610232,6.754901425296789,2.6082995412031695
2016-12-16,3.396830955597232,11.78599644046583,3.94929550692923,6.818823083568069,2.6031985419508867
2016-12-19,3.4007934516558933,11.820833486398259,3.9495483370495377,6.845146926516769,2.608866068383356
2016-12-20,3.407727996239399,11.927391957045717,3.9609924709624034,6.893974692032877,2.6189305344212404
2016-12-21,3.386596627391079,11.925236989818455,3.935189077673493,6.891823451710391,2.6116431583849304
2016-12-22,3.369656955056533,11.94593251999186,3.9157086060771946,6.860854713406384,2.6071312326188476
2016-12-23,3.37383898112227,12.08038973895021,3.9167731944533752,6.9058706743749445,2.610948937126141
2016-12-27,3.383442084250856,12.239319591343877,3.9335105867490987,6.9418951634294705,2.617426285877322
2016-12-28,3.3572803737637105,12.119734204067155,3.906002118114078,6.8883403501205445,2.595794744988981
2016-12-29,3.37928941875862,12.103415369077078,3.931436278146018,6.89356489451869,2.5952169446557876
2016-12-30,3.3712785533363787,12.024569748662158,3.9142954049244576,6.868119730167115,2.5857308938503514
2017-01-03,3.3875480364566406,12.148309758467002,3.944122824989968,6.928236445566568,2.6055122028806803
2017-01-04,3.4091908456195528,12.440791395152862,3.9701245909379437,7.047021414836492,2.621012378331934
2017-01-05,3.4373188708720255,12.351873783919952,3.995538122016924,7.083244742346586,2.6189305344212404
2017-01-06,3.418707262440095,12.414028906986916,3.9777331745106284,7.086107069893995,2.628300164301081
2017-01-09,3.438515060485721,12.293763872856024,4.0002934533021035,7.073380891108529,2.619624550713611
2017-01-10,3.5048047106633824,12.457791837026061,4.086754021931169,7.1068798779113775,2.619624550713611
2017-01-11,3.5350429798495555,12.428207016926292,4.115595657642011,7.1263925535436385,2.627027527809844
2017-01-12,3.55884536569978,12.316275039190119,4.139926205587172,7.119226938900885,2.6204343730323223
2017-01-13,3.5772237793847066,12.416631236367556,4.170934582780577,7.134918982459573,2.626449317543814
2017-01-17,3.5991084547549974,12.142061096877526,4.1972967807998405,7.127701132231429,2.617195698656732
2017-01-18,3.5211370781729143,12.24208121055119,4.0991833833813915,7.15696884318572,2.622978826149124
2017-01-19,3.5410782299885715,12.163596267123893,4.143231793651819,7.093526241387626,2.6132625980559347
2017-01-20,3.5442062230897227,12.24832435591487,4.152511118132691,7.09379791706447,2.6228636350220382
2017-01-23,3.5568773300977448,12.1799614660058,4.174741364107807,7.081883643509843,2.6160380483261623
2017-01-24,3.5954249032466747,12.448112056469613,4.2433458619802025,7.109755004304605,2.632811680134327
2017-01-25,3.583508745574444,12.496473683212672,4.234245338360202,7.072390848010821,2.6556000514875646
2017-01-26,3.5802823147430085,12.621640211205916,4.233851090513751,7.112533786651979,2.6528237813516635
2017-01-27,3.5825699861998213,12.560011698526608,4.247289296160035,7.096150980066728,2.6486598885638575
2017-01-30,3.567996067884689,12.393312340330715,4.223081082330615,7.053276053578349,2.63223305993546
2017-01-31,3.609027231246518,12.336442950689117,4.267318880715465,7.078301056707107,2.6320024727148703
2017-02-01,3.556887057606606,12.554554359764236,4.193301472129316,7.162471477113295,2.633043292187008
2017-02-02,3.5484241671561123,12.488293839349362,4.169468902909672,7.173736781551682,2.6347779229850983
2017-02-03,3.548514846913682,12.801265727251772,4.171833431678354,7.2564609345748385,2.652939587378004
2017-02-06,3.5572452677855324,12.840704282541914,4.177571088522282,7.303259198790592,2.6481968694249134
2017-02-07,3.57289509414817,12.901227262424577,4.199623072942758,7.321060438341779,2.6483128804176723
2017-02-08,3.5997180624345355,13.128173004388227,4.230388991354435,7.376701850491072,2.651782961879526
2017-02-09,3.6021829406116925,13.411254364599,4.230886087882073,7.470192520184276,2.667515364282716
2017-02-10,3.604922455061866,13.615815299041994,4.2479501125213375,7.532918123964746,2.6780410047617798
2017-02-13,3.6245592871350265,13.812340870854031,4.2837102573916574,7.558886387219013,2.6926167816664917
2017-02-14,3.667016093794182,13.953611618132072,4.339182768891458,7.600751615266243,2.7033744441310734
2017-02-15,3.6705909830914574,13.920478547483006,4.332180656124678,7.62671473358562,2.7174872018968412
2017-02-16,3.682698203635377,13.938671800905983,4.34875963834324,7.618715304511606,2.7151739508998847
2017-02-17,3.68954105587104,13.89703986147779,4.354772103840724,7.633821891422032,2.7194534447476126
2017-02-21,3.7074258645406135,13.974908280818019,4.368745946704653,7.672074277699358,2.735648661323329
2017-02-22,3.7126221123004592,13.821171584043581,4.372791661483427,7.6643520713068725,2.733219194367195
2017-02-23,3.7265127280661163,13.559532361561436,4.377345471806259,7.612062781833545,2.7350698361580443
2017-02-24,3.736056001250393,13.469807793602337,4.381582136486075,7.630991289436642,2.7385405325191523
2017-02-27,3.7514758340171412,13.496705254312246,4.411602617949837,7.636938533034045,2.742820641266135
2017-02-28,3.7238589850666712,13.373246595782778,4.379189967246742,7.578718632488265,2.735417664169902
2017-03-01,3.7340495160357037,13.78965631106004,4.3943584549425365,7.678702471038867,2.7737064159408122
2017-03-02,3.7052667431579804,13.413919722514866,4.348870134588023,7.566113748968356,2.7562397926723685
2017-03-03,3.702639041235622,13.459017502180686,4.347508299811032,7.556978501842208,2.7579744234704586
2017-03-06,3.7009664164496363,13.383492317117085,4.34698988321058,7.522688084380605,2.749761419089096
2017-03-07,3.6872858478754753,13.21075566472261,4.335544541702335,7.434994035980331,2.7415473898756426
2017-03-08,3.6980284323981323,13.164966235950619,4.344234630368633,7.43902523003021,2.736457868742785
2017-03-09,3.6970613671862913,13.044602624661081,4.330143214145184,7.403144873079301,2.7399285651038934
2017-03-10,3.71194540724077,13.112427959277861,4.351168671742273,7.431270245736327,2.7495300120028334
2017-03-13,3.7077974561518876,13.209760148739338,4.347507839146312,7.471573590104907,2.7509176346547384
2017-03-14,3.70564251345014,13.168057164788932,4.335598193292313,7.474967037986503,2.740391584242838
2017-03-15,3.724398419846419,13.23757826752895,4.356247509950709,7.517768481908072,2.764105583941127
2017-03-16,3.744478577837211,13.297276553465974,4.391021853283874,7.541855004808301,2.758668234796411
2017-03-17,3.72478779789539,13.294271561584624,4.371681972684249,7.5244571941950795,2.753823648533424
2017-03-20,3.7282620288948136,13.28716239891873,4.3734161495698975,7.524066985486061,2.750802238561234
2017-03-21,3.70930606047632,12.828340070597545,4.339657941011568,7.395343398701897,2.715484065090776
2017-03-22,3.7339467725696185,12.97354514811277,4.370467598548354,7.459074909342833,2.72187409814776
2017-03-23,3.7324634915972013,12.977466949053047,4.373225837479437,7.4542439684968675,2.7189686991683284
2017-03-24,3.73068346191922,13.004746994133377,4.376352588310888,7.445347267601384,2.716994667593662
2017-03-27,3.7470496209380046,12.973626195594623,4.4055012428246485,7.444303749020079,2.7142060994726624
2017-03-28,3.7718554951815686,13.177959807497928,4.440726236140087,7.521857877208257,2.733956868506664
2017-03-29,3.7782901744069854,13.03421795415536,4.452428943809645,7.4705662376582564,2.7365121848436353
2017-03-30,3.778827163167612,13.109075435740788,4.449789456140175,7.511594802584131,2.7452259221849094
2017-03-31,3.7714393450952226,13.048299597495527,4.438392966072985,7.498978285310997,2.738836299060762
2017-04-03,3.772248407517585,12.963095933366793,4.435212803300621,7.462653695342814,2.7340730844658414
2017-04-04,3.7992019992966513,13.007987074172004,4.464382522187297,7.502856844852572,2.7358157089542448
2017-04-05,3.7685939239190893,12.801621719391582,4.424350624928043,7.397556468384551,2.7276830514088575
2017-04-06,3.7783213694044995,12.903783975144268,4.442647780757939,7.4283133070395975,2.7353510500839544
2017-04-07,3.799396320648361,12.902104995460144,4.4612894726569055,7.468868290837816,2.732562481962955
2017-04-10,3.8146541733719346,12.849159140784725,4.481942307226457,7.446702608325033,2.734188275592927
2017-04-11,3.849982023591535,12.80177395664765,4.526252890333596,7.461147913129975,2.7309360734337287
2017-04-12,3.819875820884629,12.50448266157823,4.472254856947251,7.384851568401912,2.7189686991683284
2017-04-13,3.819568136035561,12.431038217386407,4.473637574316332,7.356632857705285,2.701310432298772
2017-04-17,3.796846810979281,12.613336767485796,4.459821362506619,7.373433372403524,2.72524313116539
2017-04-18,3.7759188888104327,12.493393535974601,4.42378939986321,7.315684396872119,2.7171104736200022
2017-04-19,3.756456445786507,12.41058962836369,4.397352477398885,7.245971241607292,2.7121152370395634
2017-04-20,3.7855623574966617,12.718943844285697,4.427574880659924,7.363851414037892,2.734188275592927
2017-04-21,3.791273862725509,12.739160707737788,4.428750207086598,7.3892694281626605,2.725475768050163
2017-04-24,3.811329877646172,13.033709051274913,4.46097916793779,7.487284164215865,2.755449647129814
2017-04-25,3.793099489326238,13.15897901781124,4.448554762145869,7.484736615035984,2.771483760100745
2017-04-26,3.7770625627933123,13.093136895118159,4.417909080669447,7.451202169016516,2.7697399058138314
2017-04-27,3.7690180745828235,13.080726640882624,4.396977411490734,7.447168899820324,2.772064020030958
2017-04-28,3.7336524426284545,13.000300149837983,4.327211063053939,7.428760993370524,2.7660222249186694
2017-05-01,3.721508005433175,13.136512678935901,4.309783278539243,7.452924858072848,2.7729933377715397
2017-05-02,3.7442948698905636,13.137613674704625,4.345748632999725,7.449533787213366,2.7740394863705533
2017-05-03,3.725568176899582,13.092931773022281,4.3151890518750795,7.41339446067017,2.770670043420086
2017-05-04,3.717393340597787,13.246727463672883,4.2895981469551145,7.498928405097639,2.7739228604785393
2017-05-05,3.7271378486448197,13.578216412135612,4.30939298682374,7.609346533366785,2.784843471245671
2017-05-08,3.7095272283356344,13.491521070725687,4.3001641166857505,7.553590791302129,2.7843796322410537
2017-05-09,3.715208576685327,13.525011331829464,4.304776061701716,7.549978200583822,2.7818230861055726
2017-05-10,3.73433766019145,13.670568000106657,4.330371801608885,7.615705278938253,2.786818732618848
2017-05-11,3.7233160822832367,13.677735633546558,4.316810325148417,7.606743040594785,2.7811257903505093
2017-05-12,3.733089164239027,13.744599328503623,4.335366983112894,7.611625170276259,2.7764785867483472
2017-05-15,3.755943044411855,13.8233475405723,4.3701543450719855,7.645257278469664,2.791814379132123
2017-05-16,3.7383947182783044,13.808091517191576,4.359700062702402,7.599671275518919,2.7892588578287336
2017-05-17,3.714706852688168,13.541738383597524,4.319191255591407,7.539070053221222,2.7397660267341797
2017-05-18,3.7550400717192023,13.672333703103183,4.361482604277093,7.591439507467743,2.750802238561234
2017-05-19,3.763866759359077,13.706527837519442,4.374892342703658,7.623915770814445,2.768694987013328
2017-05-22,3.7777233295566184,13.860234902258108,4.4090138575907885,7.672341986204086,2.7827530187454084
2017-05-23,3.7742116890549005,13.949160132145607,4.399363560146478,7.72618236016339,2.7889104149176203
2017-05-24,3.76578445282541,13.952792300035883,4.386727209838771,7.705937988593529,2.7954156391016896
2017-05-25,3.769456270649445,14.000427373961289,4.384797667776427,7.71236838190703,2.808776989977962
2017-05-26,3.7804582919152456,14.019821582627264,4.402076568904399,7.73645719757817,2.8081957052156574
2017-05-30,3.771794245760348,13.99273370303328,4.391009794369344,7.723002956235722,2.8057563998714454
2017-05-31,3.7896438620565154,13.847190790160392,4.397029479230425,7.700764077172133,2.8050595140492183
2017-06-01,3.7989996888206434,13.96121701695886,4.4046309425731796,7.777341614026592,2.8273651894873546
2017-06-02,3.841691311346827,14.168164738384602,4.462655292795419,7.783395576271994,2.836776222583692
2017-06-05,3.8412267300479184,14.16397565442338,4.4645472711015595,7.786172120282327,2.8346849502177567
2017-06-06,3.83475881968025,14.321447009719321,4.455603707697313,7.837127381235005,2.8256223600325323
2017-06-07,3.83644103253848,14.41582247824984,4.4549908388493975,7.871796490696399,2.8308512583298353
2017-06-08,3.8440266030958163,14.652929208288981,4.475707654463999,7.960426148848451,2.8322454399071257
2017-06-09,3.8290190376016,14.38099815672104,4.449127589059714,7.961412867171588,2.827946474249659
2017-06-12,3.8173077378268587,14.368851705741834,4.427144869117174,7.967878589650535,2.8273651894873546
2017-06-13,3.8257389352242877,14.473007095290086,4.432612098040449,8.005266626422742,2.8411911992339176
2017-06-14,3.826491219944429,14.369368176498192,4.429337523413679,7.998681473759188,2.8375897342979326
2017-06-15,3.791684448130632,14.215123971824378,4.381768370039,7.90584913887612,2.8321292239479487
2017-06-16,3.7479078221798123,14.200321528501064,4.341831534212328,7.858928741464352,2.832748017564802
2017-06-19,3.761422280683787,14.374371482753846,4.361215257158374,7.869888505106005,2.8563304288225417
2017-06-20,3.752923954339517,14.28627682574293,4.341955548510734,7.853237281618792,2.837067479864099
2017-06-21,3.771223776406453,14.324274270060888,4.3611029674127115,7.8448554751349455,2.8363673145791792
2017-06-22,3.7846397275762986,14.314624210348258,4.3771521261365445,7.861111437194675,2.8350834049349354
2017-06-23,3.793034617226563,14.358113349745203,4.400049711241937,7.852546551955218,2.83846883526603
2017-06-26,3.798382723898024,14.301763408300323,4.410246586592827,7.861088763572738,2.8403354644375067
2017-06-27,3.772724760126482,14.071828886270973,4.377371418748699,7.809999891992018,2.8174540383303603
2017-06-28,3.7985927441034697,14.3602562063678,4.416463966970963,7.905662358446535,2.8426712617404766
2017-06-29,3.764401377180791,14.155226879300404,4.370086236420054,7.857513746698706,2.8176879050136425
2017-06-30,3.7386696564373785,14.185590672224585,4.332487107221849,7.864352920248186,2.822941809213978
2017-07-03,3.7117634867264475,13.949657629893945,4.2929787176906915,7.7612510041428795,2.8277273651484944
2017-07-05,3.717470466599687,13.939106943001258,4.295052667332513,7.756368614832702,2.834265998858747
2017-07-06,3.7168779760147688,13.754485842300317,4.301051522292354,7.654474790334937,2.8083479952644557
2017-07-07,3.718111454564489,13.872410342320006,4.290574139100588,7.689270417615367,2.8265598764298456
2017-07-10,3.7175801791788388,13.993222323561284,4.312996308176332,7.710699361986764,2.829595429084899
2017-07-11,3.7206066885181506,14.061166324433778,4.31826953694438,7.750492444635214,2.8274947282637215
2017-07-12,3.756771411717648,14.261791052262478,4.361737697135708,7.842932479193138,2.848742572017001
2017-07-13,3.779657309448021,14.208608424592647,4.3821833073897665,7.847374362849526,2.853529152783608
2017-07-14,3.822269733206782,14.321721358915239,4.43785374476044,7.914656546245402,2.866837827290377
2017-07-17,3.8222742058908046,14.197776512357228,4.445462802486142,7.856457022615934,2.866488359547172
2017-07-18,3.8204258694668747,14.261815027680672,4.439209142856205,7.881878455271078,2.868005111042607
2017-07-19,3.8429995279584053,14.376658104987383,4.475634317740684,7.921630076144532,2.8835329569603316
2017-07-20,3.8532680517728637,14.368523820667113,4.486874763404781,7.927259048419015,2.884817891436667
2017-07-21,3.8562120709282004,14.327835771160036,4.487172598415747,7.909360853888413,2.8822490473160878
2017-07-24,3.8645227083729448,14.468994990504665,4.494056895894576,7.993292068693607,2.88154867706475
2017-07-25,3.8663695182547864,14.422408858085912,4.509683501813253,7.9644934213279885,2.8885534044102212
2017-07-26,3.8683405806096363,14.471959749149148,4.509899671064039,7.974424093526418,2.8886702352686533
2017-07-27,3.895186959599243,14.36364817792768,4.538866871179734,7.977740076809771,2.8859847652560604
2017-07-28,3.9127281896890684,14.309727803081065,4.566142256004683,7.961483133277417,2.8825987200257113
2017-07-31,3.8888407381619197,14.124815910091385,4.5334096986112895,7.881110358007051,2.8809647277390074
2017-08-01,3.901081472298485,14.055400358024823,4.5457249195768314,7.846901461248164,2.887385710725155
2017-08-02,3.905055038441754,14.07346996291376,4.552930558466604,7.837370855062994,2.8887866561942492
2017-08-03,3.892763056803733,13.991464107613771,4.529888957924045,7.805066435491237,2.8831824643850354
2017-08-04,3.8780645743561224,13.908542653587645,4.502964932016145,7.756542920201964,2.8884365735517896
2017-08-07,3.893561745511185,13.966394522453529,4.521643699390444,7.774900302272131,2.8938060788120477
2017-08-08,3.894285748180655,13.985324755555617,4.526812704597362,7.7862681374509455,2.8866853404738166
2017-08-09,3.918888426889197,13.752312760934764,4.559672900287657,7.730614646212242,2.886567484783293
2017-08-10,3.8751308021535995,13.345691104040858,4.496942514337011,7.565676897213057,2.845823235321125
2017-08-11,3.881305990573289,13.189835862450064,4.508617675950471,7.499568513350868,2.8500268915940814
2017-08-14,3.9009789309531167,13.373678019911168,4.5365541256824375,7.539633001507801,2.8782794626928325
2017-08-15,3.8932753504446334,13.302414462394662,4.516272241971115,7.487231874861547,2.8779297899832095
2017-08-16,3.8932311981647474,13.382476735187996,4.527408379668443,7.503557451465741,2.8829492126010074
2017-08-17,3.8412067122136717,13.0832101605847,4.474175065304249,7.382429012047588,2.8380011018994646
2017-08-18,3.8348132682691447,13.041316491754555,4.470883329507006,7.339761722907463,2.833565628607409
2017-08-21,3.8496816628164168,13.003836179880285,4.486614365298488,7.351553111722681,2.8357835702198555
2017-08-22,3.872254288665744,13.355493275806722,4.515689527417055,7.493405847905817,2.8654374967205376
2017-08-23,3.8776911556241993,13.480574958061647,4.5237515615781065,7.530289118038115,2.8551637599695665
2017-08-24,3.865535387770315,13.560410171726373,4.515071076135394,7.5530025319386525,2.8485089103001364
2017-08-25,3.855335315046986,13.374024973394176,4.500400554103535,7.490838421421499,2.8551637599695665
2017-08-28,3.8550756899802523,13.368200747554539,4.50113246307422,7.520484354237621,2.855279975928744
2017-08-29,3.866243961439393,13.350168640510054,4.5151219398535005,7.528353996931415,2.8585487803678244
2017-08-30,3.8849977710832424,13.676522114822594,4.533960971196216,7.675405879956556,2.872091526524294
2017-08-31,3.9150358646379337,13.722005987768146,4.575798915541213,7.695179432036073,2.8893704005535734
2017-09-01,3.9154943911225324,13.790068237921348,4.582402282398776,7.698943226833312,2.8934562011360057
2017-09-05,3.9314062702918675,13.533795982763975,4.591724272860944,7.659392934647078,2.8726750659172
2017-09-06,3.9422954468617366,13.6263817934752,4.606604173477249,7.710535747850343,2.8824816842008607
2017-09-07,3.960645392289373,13.60491918978359,4.62702218538513,7.748398726772091,2.8821326263904923
2017-09-08,3.949582955290176,13.583389777013904,4.607559157485726,7.74219555350387,2.878746786126561
2017-09-11,3.9525681199612395,13.735078344724622,4.620873123568966,7.795083206236421,2.9094507555882045
2017-09-12,3.9521206088619616,13.780200101563867,4.622098147515474,7.814241666102272,2.9192577838047016
2017-09-13,3.9492423659820455,13.834275933113862,4.615984468940159,7.829517639796604,2.920658114374541
2017-09-14,3.9490165818640666,13.78079328616449,4.60737459787497,7.821054739916453,2.919724287372757
2017-09-15,3.958250772074019,13.78589372411504,4.622330449167377,7.811832555792465,2.9236553383093717
2017-09-18,3.936249943478651,13.880289124841857,4.585098785609948,7.803922249490431,2.9298734045413997
2017-09-19,3.9279956250499795,13.952426301711698,4.580162697764506,7.814437357961124,2.9328062690208836
2017-09-20,3.926231236624016,14.026091948870478,4.571743717133876,7.871389230031281,2.933863075873649
2017-09-21,3.905206109186292,13.85086540776741,4.5397373757809545,7.812196390115241,2.9260024087653482
2017-09-22,3.9056434790958705,13.837156646439043,4.537587937476941,7.78217794138221,2.9265884077552733
2017-09-25,3.911567052396254,13.621993664828029,4.540539207686284,7.747520622572781,2.920604618139364
2017-09-26,3.9024669172451154,13.715975584666388,4.526301388926756,7.756602526698902,2.9223646647733235
2017-09-27,3.9005914088608313,13.948549842713875,4.527026095968561,7.788004854169923,2.9337448102502885
2017-09-28,3.9190647130591647,13.99980880582359,4.558098052796912,7.7883706308444065,2.9372649035182077
2017-09-29,3.893001595728293,14.034519884601043,4.512375887787708,7.7922992804020685,2.9475890620080807
2017-10-02,3.89455312228643,14.154996385451726,4.513078597254868,7.829710545398162,2.960378146644454
2017-10-03,3.8649542849507417,14.19866181283503,4.448699021372502,7.857568877883673,2.9667134536677513
2017-10-04,3.8910029710956686,14.263353232467313,4.491078293933326,7.881506034105779,2.97023354693567
2017-10-05,3.911527283993854,14.285129883081215,4.521747780786174,7.887637186391948,2.9878329884431736
2017-10-06,3.904996921703436,14.29958418255748,4.519995602259145,7.8743350581007965,2.9844303409329416
2017-10-09,3.9278962560153046,14.277649979800623,4.540129803978307,7.881757596870438,2.9795019234048694
2017-10-10,3.966824139034617,14.360262199025566,4.590411399596081,7.9630783157761575,2.9873632054124255
2017-10-11,3.986276830909034,14.263432223572487,4.6058861206561135,7.950517167970563,2.992056321492287
2017-10-12,3.9926123583992337,14.118684177591291,4.6068520763031255,7.913680966527306,2.987597277062126
2017-10-13,4.0119777851603,14.126471328570076,4.634185275867095,7.939687117197475,2.991235226020569
2017-10-16,3.990598741236188,14.033711334113528,4.612533789943015,7.889576730578671,2.9952242824535626
2017-10-17,3.966708836713943,13.967405859531867,4.5751396847898045,7.8539430300286055,2.9973356415284917
2017-10-18,3.966865210736137,14.056879020487271,4.5765201380109914,7.875034733966483,3.0002691209072303
2017-10-19,3.9811467195839003,14.03734115625669,4.59376801086136,7.875669953688849,3.0010900114125305
2017-10-20,3.9913062796482293,14.338034751108996,4.595266160284599,7.992787164229249,3.016577888878686
2017-10-23,4.0000028395255445,14.25022286289921,4.595850553392536,7.992368700388816,3.004844791229405
2017-10-24,3.9754766969239923,14.31052511868578,4.575702706362535,7.973899479820213,3.0101241112656103
2017-10-25,3.973781143108345,14.30289229853493,4.570948325821044,7.975703839516078,2.9952242824535626
2017-10-26,3.95266452931049,14.486898158212139,4.544315179425069,7.975336176159267,2.999095278229615
2017-10-27,3.9441469182629207,14.42943923288997,4.515747556742561,7.898740621933441,3.0236170505824327
2017-10-30,3.925643950021314,14.344306977813035,4.505271595828751,7.840050507569763,3.012353326031063
2017-10-31,3.923229260453678,14.409922282352683,4.505283340266169,7.849730863938843,3.017046647077343
2017-11-01,3.960209538040489,14.457744539151,4.558686837925164,7.883757942928891,3.0210354985439185
2017-11-02,3.9779292884959374,14.225646796782812,4.57676948591593,7.9158245153423845,3.022208521355861
2017-11-03,4.002347274779843,14.352861601098944,4.608132821378264,7.873859653903091,3.0322994280617066
2017-11-06,4.024196348194165,14.343713799557332,4.651292882280196,7.8545847361096195,3.03699233917515
2017-11-07,4.025480415362782,14.294501680645196,4.642571363932743,7.8184580158764065,3.0348803652009653
2017-11-08,4.062740159190944,14.365674946489744,4.686563802133696,7.876096666637025,3.040042444445902
2017-11-09,4.07363972057033,14.29270724950036,4.69014884784824,7.87079234233039,3.029015046174835
2017-11-10,4.0600752389383175,14.420755255475566,4.676144260046678,7.877063260116201,3.0280754801133383
2017-11-13,4.063930737825051,14.5141634152395,4.686037128775432,7.910651098193595,3.030891103801553
2017-11-14,4.046124000340448,14.522769161007048,4.659296875810332,7.92575993956518,3.0238517371313884
2017-11-15,4.016078542791903,14.380685283848756,4.626320117589234,7.861039620474064,3.008716401904712
2017-11-16,4.1512429169520955,14.582645146220983,4.768831294824848,8.089087874046557,3.0342935463453666
2017-11-17,4.162497870215725,14.639024079541493,4.797048482795839,8.127629634538211,3.0253773021828105
2017-11-20,4.152112525394139,14.582590647545771,4.778034696620122,8.092278195523454,3.0305393814277473
2017-11-21,4.172272279939893,14.602567765834294,4.809120402563374,8.103002808198347,3.0503676277678666
2017-11-22,4.192042393220407,14.804421567690307,4.833823797006566,8.181937715093671,3.047669039904502
2017-11-24,4.206390122726896,14.761764685980877,4.853010242858495,8.183114014344648,3.0547088165075036
2017-11-27,4.1785460299808,14.591892318011983,4.812898525965644,8.110473376032015,3.0531834564224996
2017-11-28,4.157011515065605,14.734205680404445,4.771788529035481,8.166534214574536,3.0841577765898838
2017-11-29,4.145628203704654,14.46617443273105,4.746066897573923,8.085799824568852,3.082279259366145
2017-11-30,4.157980162653624,14.64126980768319,4.771701786075429,8.105851641515669,3.1092653429662085
2017-12-01,4.165275290550127,14.77771626415561,4.768847133147003,8.22414794040529,3.102812385218806
2017-12-04,4.227984583050385,15.191686861344941,4.849254240141787,8.444677395482843,3.099058425267604
2017-12-05,4.216917698681234,15.250446791097543,4.823770520806992,8.43117290080917,3.08791235144034
2017-12-06,4.186747862898697,15.276950134562437,4.789628257786188,8.400864161376978,3.088498760363102
2017-12-07,4.187024877863063,15.709998912131821,4.787623527862139,8.502394180106167,3.0982369198630497
2017-12-08,4.177580496952722,15.837322399167416,4.773968527205651,8.528555259869504,3.1151310719251755
2017-12-11,4.1949745669358816,15.747482984828158,4.792188209546483,8.4985624856008,3.1245177140177356
2017-12-12,4.17804760912039,15.72177151185821,4.768960355381525,8.505923295979196,3.130031515636478
2017-12-13,4.2096242554787615,15.801734364924107,4.807527766312274,8.574229087661516,3.129679793262672
2017-12-14,4.187846126936273,15.548418071750344,4.784620533084705,8.49524467858484,3.1168917334583903
2017-12-15,4.186026784796228,15.710077079380333,4.793235378713537,8.569028774278852,3.1428468359743937
2017-12-18,4.216878786995539,16.080809792269836,4.831882472137292,8.697741689982076,3.162776335725155
2017-12-19,4.218199200955609,15.908072378672586,4.82630018180412,8.649174192696949,3.150629410877322
2017-12-20,4.20193575570047,15.925445269365616,4.813767954985259,8.643822030417892,3.148979841142827
2017-12-21,4.1781949004703245,15.989532906926247,4.781996457142791,8.651775235321091,3.15546538855074
2017-12-22,4.156329742341482,16.011753657758245,4.759915142438801,8.627115543503745,3.1546397838178195
2017-12-26,4.162210771286436,16.08068109821815,4.7621820921839895,8.660743388848593,3.1508665570232974
2017-12-27,4.16614513291195,15.94857310685808,4.768747136219035,8.62787312380083,3.1523999107986147
2017-12-28,4.1872052726860005,15.980818298644436,4.800338896645108,8.64262200806996,3.158884433374436
2017-12-29,4.172398659446279,15.790791241952787,4.784949897580691,8.588392834844651,3.1469740397733235
2018-01-02,4.228602451535303,16.08360236680519,4.864333949809454,8.65212945163275,3.1694965696820234
2018-01-03,4.248804832502338,16.33103379057926,4.888430276607154,8.781768853283156,3.189545359888236
2018-01-04,4.263143363284711,16.350751767488813,4.903701997281621,8.791190739304813,3.2029889022982476
2018-01-05,4.283992182041194,16.442172484001187,4.925622728093583,8.86712113966848,3.2243341051002203
2018-01-08,4.276158280863876,16.73242580175164,4.9085384429916665,9.002608799863875,3.23023098895477
2018-01-09,4.236668334481526,16.68238638091689,4.859122824919063,8.958659196067096,3.2375417311627666
2018-01-10,4.236718242217303,16.74765531977148,4.8567947387659185,9.00843595507847,3.232588922630916
2018-01-11,4.264064039362006,16.885075353046492,4.886716087633719,9.056487491399734,3.256173588519257
2018-01-12,4.296395944260449,17.020020697557918,4.922977869348128,9.139006626333476,3.277400115765033
2018-01-16,4.257073055971027,16.814736193661265,4.8798419887501305,9.054054485794845,3.2661974712063175
2018-01-17,4.303341782280956,16.929258105306932,4.928128364511426,9.159592143608867,3.2973300254486304
2018-01-18,4.304175491277274,16.946218855194033,4.9256900869657345,9.197756187842657,3.2917877334977437
2018-01-19,4.301404238716292,17.141345360674904,4.919623371994158,9.254351935387543,3.3067644247166545
2018-01-22,4.301391949588904,17.140010190451193,4.911827322082363,9.262227715377524,3.3336519194695144
2018-01-23,4.300990013481054,17.258276487834905,4.909194695876362,9.310704873524342,3.3407273602293004
2018-01-24,4.313026994200508,17.340056195870236,4.930610809416709,9.33498274533896,3.3394295128686116
2018-01-25,4.305382335895292,17.3278537584759,4.906521416753995,9.335730568760857,3.3408452159198236
2018-01-26,4.321443721736905,17.281099849692282,4.913441624529722,9.362286084292663,3.379523813818344
2018-01-29,4.319018884922731,17.030340962254026,4.8968611836442415,9.303989375915197,3.35711770483524
2018-01-30,4.258383142669788,16.847932081625835,4.824868382849202,9.218223383721284,3.322683551526918
2018-01-31,4.226804717709769,16.896498319597967,4.821628261108091,9.140017637454415,3.324335580858432
2018-02-01,4.228346892601681,16.830232553075884,4.812166768116929,9.105455831334794,3.3205598944668906
2018-02-02,4.165299939728254,16.477428299763698,4.727082690307925,8.95934016495203,3.248272543026551
2018-02-05,4.057790361245589,15.98502405660777,4.613808385340067,8.687339402514263,3.1124216208416415
2018-02-06,4.10935947626746,16.41263296648335,4.68982866641746,8.896733133796046,3.1737436788356597
2018-02-07,4.091741822494032,16.381018765469857,4.656210410308634,8.901481880929323,3.1565262947318713
2018-02-08,4.010451030217557,15.780210015444787,4.56631002115985,8.643114762957824,3.0381290829310523
2018-02-09,4.003592529777867,15.80859578061925,4.554231236445456,8.677031742518576,3.0837667006637632
2018-02-12,4.052234962252112,16.194014315961855,4.634156361077955,8.826286084990807,3.129049521526393
2018-02-13,4.0866525564475475,16.36546278885576,4.6715622760792455,8.931196701817829,3.136832711328576
2018-02-14,4.157527108585723,16.60412010703165,4.755242216076994,9.078327689771733,3.1791683200624408
2018-02-15,4.188464064415153,16.765790077515717,4.787944651745126,9.176143537128567,3.219734658673523
2018-02-16,4.199750661535841,16.64944312352546,4.786211198300598,9.167416361232211,3.220678529029804
2018-02-20,4.05275150059155,16.6511907554927,4.653914113162661,8.96167110559912,3.200512702998741
2018-02-21,4.025694107382575,16.528552315659017,4.633545468680131,8.890750233808244,3.1845915265242946
2018-02-22,4.035220777614822,16.625554115838646,4.641949867382928,8.92729202890863,3.1887203700545705
2018-02-23,4.067731422753626,16.959930407856742,4.679550241526526,9.04882564289816,3.239546507700178
2018-02-26,4.093639231986293,17.10367894431269,4.7072614918981515,9.132057872780813,3.2771650192832404
2018-02-27,4.03206424457696,16.769333658372616,4.639578163125519,8.948839960203571,3.2362442937349143
2018-02-28,3.9726784271262243,16.56881129200879,4.569683557700775,8.826953364528336,3.2034613498924336
2018-03-01,3.9488363088566105,16.4477942003055,4.544848213767565,8.744737867006377,3.156880271736279
2018-03-02,3.986488588280865,16.561951966189888,4.594798482718168,8.794226492191303,3.1731546053494597
2018-03-05,4.004709589668767,16.750514468473543,4.609614208960094,8.85514035116688,3.209828631676986
2018-03-06,4.03053322832778,16.961799754399618,4.656033427327379,8.915322430280632,3.2179657984835766
2018-03-07,4.008713662079844,16.80891350042609,4.6232356492516695,8.843792028928556,3.216786626679085
2018-03-08,4.00258625099331,16.771188781898296,4.611278387890384,8.84969946035968,3.2323532112498685
2018-03-09,4.037112662669463,17.060884630063352,4.657995861145686,8.971872575049629,3.28860378515584
2018-03-12,4.043624296573398,17.208987674964586,4.676938838676903,9.022973007793745,3.2844759664576557
2018-03-13,4.047269099351494,17.284053192604862,4.678929982733761,9.058805372394882,3.263250259077553
2018-03-14,4.026328312427917,17.52637336940495,4.653801352701472,9.140131421906244,3.2465036828366043
2018-03-15,4.038443609521902,17.444073564080952,4.674086670171274,9.083761502091964,3.2429663723895477
2018-03-16,4.053742330176414,17.68674157154246,4.671944293446736,9.243183099107613,3.246481751429846
2018-03-19,3.9855600436074154,17.396008899504327,4.588735737038804,9.088716474813562,3.2025572430213036
2018-03-20,3.965001806666465,17.44972927713808,4.558219956788713,9.10024892040945,3.2080040206212614
2018-03-21,4.0133789129688076,17.586893998737438,4.6298134583685595,9.159124090383902,3.201847034381887
2018-03-22,3.9740408181200495,17.3816054460437,4.5832944882289555,9.054715402472418,3.1218090827998743
2018-03-23,3.9509055780668287,17.11354204024555,4.559785052283626,8.929960905300025,3.055268784762305
2018-03-26,4.009612434164083,17.594198913333916,4.628428794388387,9.142822528381677,3.138859214306328
2018-03-27,3.9677200647843414,17.42437291189853,4.5808464840262895,9.052839938685057,3.085460953077448
2018-03-28,3.959882091751792,17.401722670891058,4.553827507710224,9.075481925771381,3.0763444567242106
2018-03-29,3.981484022961432,17.594752104155912,4.576688064856036,9.156778736857163,3.115652301526918
2018-04-02,3.9483678195388365,17.418373797669197,4.549236743493143,9.027674757835472,3.048402614715605
2018-04-03,4.015862120782758,17.611894090035783,4.630063827199523,9.153286809411295,3.0874735183387556
2018-04-04,4.028206627118364,17.677464531523828,4.634956079991106,9.215680120318835,3.12050713611082
2018-04-05,4.046294045401178,17.918404228870806,4.664242429883998,9.298443103613705,3.145133851269808
2018-04-06,3.999160494985779,17.57127523246968,4.604384003159338,9.150213314225498,3.075041895135901
2018-04-09,4.01456614436963,17.728290117814613,4.633042309843874,9.205480145122408,3.090196907138734
2018-04-10,4.062976292445455,18.005930577274103,4.691163891149322,9.329561706413594,3.1393316619005143
2018-04-11,4.072018751020302,17.817771294782098,4.704906699600267,9.258932156692802,3.1228753181078814
2018-04-12,4.0470123449828925,17.83132653882792,4.671466208515423,9.261079656960803,3.1485674487092035
2018-04-13,4.07809877404421,17.813350479273744,4.717647691156339,9.262375501383955,3.1393316619005143
2018-04-16,4.117686191489791,18.3953260318177,4.765205946170054,9.484095624236849,3.16514287799087
2018-04-17,4.140887625824573,18.828822963288225,4.797537397368655,9.648930154937911,3.199006199824221
2018-04-18,4.150484796619984,18.90870194963294,4.822244234530319,9.628277503828958,3.2013737669220275
2018-04-19,4.14125567475156,18.816721004089445,4.804928709527491,9.59505623899202,3.183613221809739
2018-04-20,4.103753583786347,18.64838398589088,4.759349680872941,9.502757824353509,3.156617914720852
2018-04-23,4.059433487820338,18.574352650623965,4.688660179856275,9.489263639483182,3.1561452621602477
2018-04-24,4.0588198266658795,18.256307845809587,4.681527852492424,9.419963653561602,3.1136391213663552
2018-04-25,4.067295638479734,18.355632259873246,4.685459573085274,9.480218378312376,3.1213356103735963
2018-04-26,4.079053477346279,18.33251995927382,4.697250678916948,9.495219845177141,3.153066461590933
2018-04-27,4.102062734070231,18.224509656537606,4.724507374227519,9.455233868699978,3.1560269965368875
2018-04-30,4.095250527853364,17.97358260348935,4.7131367602708405,9.36020249808449,3.1317552832143982
2018-05-01,4.093805085163815,17.7224240392653,4.715500688540009,9.250525364547407,3.137319301605625
2018-05-02,4.096757522952512,17.5249383434708,4.728076421273516,9.178891098797257,3.116244654475811
2018-05-03,4.0762552653704525,17.558952135204038,4.702208518756701,9.143954469044132,3.1093768446977648
2018-05-04,4.106288037017176,17.596567254243634,4.74247185475675,9.15229699599974,3.1496326591851194
2018-05-07,4.102945131430531,17.63762908515817,4.748519148045486,9.115610843582543,3.1602888632726414
2018-05-08,4.110819139849477,17.595950784910265,4.759507221069996,9.108790019369813,3.1602888632726414
2018-05-09,4.096267065260585,17.720737646384695,4.747800342454896,9.107897728964431,3.1908356234914472
2018-05-10,4.138639974451198,17.990315630673603,4.803473012971074,9.241316228660468,3.220671970104418
2018-05-11,4.16329941835418,18.07687849657174,4.827388109575571,9.307075945560472,3.2304986750970723
2018-05-14,4.181179755507971,18.09464718869757,4.843710381306454,9.35692109766259,3.232038587797775
2018-05-15,4.134092196613054,17.973301221928036,4.784561283378222,9.294441766536902,3.2097794397365935
2018-05-16,4.1462363107316005,18.107326370854626,4.799077157782165,9.359287872575665,3.223276478381782
2018-05-17,4.130728938316505,18.12734785523032,4.78668933386911,9.343945949825454,3.2205528846153846
2018-05-18,4.116790474327396,18.149751603387706,4.765386630394303,9.330072563620858,3.212503033502991
2018-05-21,4.1301348123556485,18.282710561041466,4.786154025337802,9.38396350824183,3.23665525140361
2018-05-22,4.073717034625806,18.07661016877601,4.725785575995786,9.299762895120034,3.2276578405394063
2018-05-23,4.078822644947913,18.376170548808034,4.728436298057818,9.43972800144956,3.2365376006795046
2018-05-24,4.0957234045370985,18.444989743325372,4.756315295435252,9.437814693912957,3.229906937047434
2018-05-25,4.101011865949247,18.302452658882807,4.76558143784256,9.405316846495525,3.2222106530066115
2018-05-29,4.084460602576797,18.336374014489863,4.742522706500675,9.436268855989123,3.1851521096783504
2018-05-30,4.141550779411023,18.624316457256597,4.807173728622616,9.577825007192077,3.2276578405394063
2018-05-31,4.106331077973057,18.35909723443377,4.766554313389512,9.490663542540377,3.207884935132228
2018-06-01,4.1196272181155145,18.489329344126187,4.788101558015841,9.543185196840739,3.239378435237171
2018-06-04,4.181115617116076,18.72051130020646,4.858468584531132,9.692593231620663,3.2547697735203065
2018-06-05,4.2027584702182335,18.923667464327956,4.8887888361598835,9.769194275955897,3.257138570416623
2018-06-06,4.274096398861624,19.320279666776813,4.9764728169134385,9.920299867820743,3.2843699988193937
2018-06-07,4.258207729754275,19.351672941336226,4.965128537001471,9.944843784662769,3.284014792016476
2018-06-08,4.2366493892231185,19.444694752148884,4.931456803190155,9.991382374757672,3.2937240512514427
2018-06-11,4.244676363045061,19.52269893343481,4.951752421958114,10.015615480512912,3.2981041836105573
2018-06-12,4.245419852199503,19.698212972523702,4.953267130150884,10.055636227751556,3.302367280144821
2018-06-13,4.262964516346439,19.5588941432981,4.977717096116458,9.999405548171556,3.291828726781404
2018-06-14,4.291940941148588,19.806822177612663,5.021817424258934,10.112976732597849,3.300117568737538
2018-06-15,4.247394645835836,19.799677208386306,4.954589802268307,10.114343783413831,3.295907763472033
2018-06-18,4.213282055173765,19.774537843873894,4.911402368576527,10.099557964216022,3.2891287041531116
2018-06-19,4.204061905203877,19.582417588145287,4.895411496888491,10.10090561118142,3.2765206048640994
2018-06-20,4.2029904523555075,19.28251118685999,4.89671797257197,9.973514762746696,3.2821108589568686
2018-06-21,4.175188896367303,19.112270774884323,4.866062444473733,9.925949445860518,3.2615357149884563
2018-06-22,4.197207595986888,19.126881369822435,4.895681872274983,9.953114528389717,3.267483225548326
2018-06-25,4.183094955085868,18.900860966692775,4.866266058989792,9.903076113945774,3.223002233314094
2018-06-26,4.155500464410321,18.96520454198381,4.836780440581217,9.893264803903959,3.2301389590329523
2018-06-27,4.146481664045376,18.828457624674385,4.819002233201001,9.868692295439375,3.203379773257949
2018-06-28,4.135514323955373,18.87032267060876,4.798136230462739,9.887666148487495,3.221694752531745
2018-06-29,4.1444266142941,18.90206610895595,4.810875836517461,9.89247496295977,3.2263329376115015
2018-07-02,4.1153168364687325,18.907649000046924,4.768593487233129,9.877221861298276,3.2332323122179663
2018-07-03,4.129695182792776,18.769548306563404,4.783342985290394,9.865537299811526,3.221813838020779
2018-07-05,4.128076954906103,18.941668585998798,4.7893332759867375,9.938415048844798,3.2480972967389024
2018-07-06,4.146819630863948,19.172664183760585,4.811014972527292,10.033781929265285,3.2755701755824327
2018-07-09,4.176291368564453,19.155944180707795,4.842297582237025,10.051405742578922,3.3050646382096756
2018-07-10,4.194515126907303,19.24815798248158,4.863701410292361,10.083858007975554,3.316956584833141
2018-07-11,4.14022632508742,18.903533918160246,4.789647793416288,9.951341084906431,3.292695324797985
2018-07-12,4.098561812329339,19.134237331124105,4.7044040007601575,10.035949947064173,3.32254806872442
2018-07-13,4.103443014768692,19.16999371349676,4.688798912879458,10.066549317984254,3.325163850154791
2018-07-16,4.084307873234143,19.23107806986401,4.671407078996976,10.07539909666585,3.322191017223738
2018-07-17,4.101968621099354,19.405608677889994,4.694484833572094,10.14659413009213,3.3356294354732925
2018-07-18,4.10185794896887,19.47517021725577,4.6921034604259955,10.165429528090769,3.342646460803862
2018-07-19,4.071980956130728,19.325369406629903,4.658923557112514,10.095321690059883,3.3300395913133594
2018-07-20,4.110066847145954,19.38232232876974,4.708291708412903,10.129306098051936,3.326234799690419
2018-07-23,4.103854249148578,19.18320992116186,4.708780802145887,10.070310940098931,3.332419456396264
2018-07-24,4.148698309630943,19.09798293103991,4.749135493008296,10.11910775753206,3.3491875541111344
2018-07-25,4.206592142629275,19.315739844532413,4.817400047560821,10.263131716818254,3.3777311775238745
2018-07-26,4.209913679935344,19.465545744841705,4.81970288369431,10.28420553780567,3.3697629030459653
2018-07-27,4.187074728681467,19.101371172997297,4.787125777039646,10.141300021515638,3.3469288241814463
2018-07-30,4.203352475859283,18.788261119085107,4.806794471878027,10.06898332759501,3.3294458035995382
2018-07-31,4.221715425691313,19.046303357905924,4.819543004267982,10.138901175036976,3.345857054780145
2018-08-01,4.200620052208572,18.880013655480376,4.788055690310641,10.061664765538037,3.340268030485885
2018-08-02,4.221337491719404,18.890723333950447,4.807259085682025,10.089788186907786,3.358464949102739
2018-08-03,4.24727246259126,19.092315825652186,4.839787487068145,10.162173821595077,3.3728535916675413
2018-08-06,4.248867231032879,19.200178469664692,4.836400701813004,10.206563087689592,3.3852231100456502
2018-08-07,4.250805495731567,19.311843464112357,4.842184779465527,10.215069178855632,3.396402183466261
2018-08-08,4.261683772413031,19.37349889917895,4.856111963338272,10.261680133121036,3.394975617194879
2018-08-09,4.245021256777439,19.59909457320232,4.83684677058884,10.346700869293947,3.390337842047959
2018-08-10,4.2298605558180835,19.56872362317736,4.802784875788981,10.387017927736595,3.3676220288068004
2018-08-13,4.188250785980412,19.28637799796295,4.742487334423647,10.293155349607819,3.355015979181971
2018-08-14,4.210512412810376,19.77631509200808,4.76942888340586,10.524680867730183,3.3764222619765976
2018-08-15,4.1733640909751335,19.266312285159128,4.692445242460952,10.34088831590919,3.351209752794102
2018-08-16,4.267874178760556,19.54216390315008,4.803405990504798,10.539991547955266,3.378324555304859
2018-08-17,4.266778780895917,19.65962564314401,4.799114221363262,10.578753758618191,3.3902181416596706
2018-08-20,4.252641648050173,19.911968817988264,4.778355034252477,10.654637325086675,3.3974741578339804
2018-08-21,4.253409489681234,19.91386897376187,4.787456636015458,10.654164064661842,3.4054416124462166
2018-08-22,4.259151554301271,19.863449342575134,4.796214735115914,10.637194897495709,3.4034187988639943
2018-08-23,4.236377596150568,19.685222407179896,4.760014147240546,10.581981581841694,3.3988999042396895
2018-08-24,4.264995776870893,19.84315767900263,4.800903524921163,10.658522615071435,3.419356372651905
2018-08-27,4.2738759841607745,20.059069704602617,4.829877616477723,10.709126037687922,3.446354139337811
2018-08-28,4.284793548707337,20.10027632630354,4.837188201090707,10.750436482233576,3.4480192865200965
2018-08-29,4.284356225556395,20.02687424448741,4.833729394034269,10.71536745271835,3.466571616906286
2018-08-30,4.2804994140645745,19.815603292754332,4.821473454704389,10.647119503978137,3.45253838611082
2018-08-31,4.283926814396713,19.999855367733733,4.831435799581178,10.707837144573913,3.4526572666334348
2018-09-04,4.250163630402737,19.800727250430704,4.770714434979589,10.619391400107778,3.446711190838493
2018-09-05,4.270656391102561,19.580022455671585,4.789755882617265,10.554467231993863,3.4374337958468884
2018-09-06,4.247999270499214,19.249747638511042,4.748452937097482,10.432188196225358,3.427086681118166
2018-09-07,4.281714337874098,19.271386889612383,4.80915891192036,10.454989151764797,3.4204273221875328
2018-09-10,4.291954773726206,19.578326756739486,4.815644694181921,10.570402512212365,3.426373602948893
2018-09-11,4.266521513054807,19.60517519035718,4.787387267384189,10.562574371304882,3.4376713519257005
2018-09-12,4.279417537403654,19.714383361911768,4.806911750730265,10.60578144774402,3.4385049503489347
2018-09-13,4.28386333482989,19.582498544264325,4.817139296246457,10.530264485056522,3.458840283607934
2018-09-14,4.267292648134352,19.528665799640955,4.7994045801607585,10.472444558753375,3.4594350961538463
2018-09-17,4.2668464252477,19.419302969460002,4.800996890874876,10.44239588658546,3.4411205268128873
2018-09-18,4.294772858830716,19.49318134300109,4.836690874627666,10.481117854200024,3.4597929675202015
2018-09-19,4.294019192648197,19.552507572800124,4.843248641152256,10.476403799760844,3.463479493519782
2018-09-20,4.322363668963383,19.83825103115605,4.8904633630046455,10.59214739607989,3.491547184909224
2018-09-21,4.322522143948012,19.88587839448708,4.895447501432332,10.586920286201838,3.4883562677090985
2018-09-24,4.310588676960156,19.685291275712125,4.8811135724030255,10.496119449360068,3.4767682862839755
2018-09-25,4.310040370553034,19.653426783765184,4.883184577538833,10.492355061379095,3.4735433446584114
2018-09-26,4.299979171544489,19.727978641019487,4.86857066219723,10.536980053899331,3.4631494975863157
2018-09-27,4.360153820261566,20.137693117465666,4.986092880294701,10.670340446998713,3.4728267820600274
2018-09-28,4.379306836609615,20.24983278690809,5.025727559153097,10.688558785713619,3.4731838335607095
2018-10-01,4.377940679457576,20.100489997194273,5.014739733288853,10.62503384858654,3.4852506165389863
2018-10-02,4.408011558622733,19.92655402224166,5.056519699947024,10.573829462535674,3.4832202191992865
2018-10-03,4.41271970656082,20.056643844878064,5.068479942777076,10.623072482941167,3.485130916150698
2018-10-04,4.473775303050009,19.83471022779175,5.136823824149143,10.599549608430452,3.4578929288225417
2018-10-05,4.469865062886349,19.81385563754818,5.125729383582718,10.59940688707257,3.4385379499422815
2018-10-08,4.462037933037216,19.75284632618714,5.098405740832888,10.583331279781223,3.4385379499422815
2018-10-09,4.493462813491255,19.60024578941174,5.14112197059148,10.567633477630617,3.433522011753594
2018-10-10,4.423249678548478,18.748320364159817,5.038062606867864,10.206106972229442,3.3248049539563436
2018-10-11,4.384005917377493,18.527095651276273,5.005513783393707,10.070462176147622,3.2515708626298667
2018-10-12,4.412520916534444,18.839501698398628,5.037930456989443,10.23805457278417,3.296730088742261
2018-10-15,4.414259647211202,18.795483606821126,5.044884144706765,10.199784766158437,3.2782121927143457
2018-10-16,4.4577097559391365,19.22743534927217,5.102266552439655,10.389593054528282,3.349892228657257
2018-10-17,4.48244632021292,19.101526088522252,5.122975717958671,10.394236463894766,3.350490935565117
2018-10-18,4.448040777110874,18.746480961301717,5.062430791778991,10.291984951981256,3.3021057429950673
2018-10-19,4.445122801431689,18.495633023199694,5.058412179349053,10.182731806604101,3.300313106700598
2018-10-22,4.438486451864664,18.619970828618488,5.0534825020937255,10.231778588217521,3.285499568750656
2018-10-23,4.430895107147363,18.45404814762664,5.046338311480375,10.212290437774499,3.2687741040507925
2018-10-24,4.353161390028445,17.832326201683287,4.944087130439079,9.933338834556569,3.169735150592927
2018-10-25,4.39541230107541,18.073758392061933,4.988804682172753,10.089958365831576,3.2266008287202226
2018-10-26,4.345811383060801,17.471446584308946,4.91764670338489,9.801837187862468,3.169854646014797
2018-10-29,4.341983470599508,17.28117608413187,4.890153297872633,9.73289647155925,3.1522929183282615
2018-10-30,4.392302186220595,17.331397751926637,4.95974846656721,9.771181527449992,3.199005584924966
2018-10-31,4.378521536516984,17.656613273526467,4.955944333133968,9.854477964029847,3.23317266699024
2018-11-01,4.4303307300238295,18.554593626711767,5.049975868684484,10.190795965396212,3.2675793547985097
2018-11-02,4.411402972273985,18.738451823073774,5.016418212817382,10.253039711304785,3.248226220616014
2018-11-05,4.492597645557063,19.093119192256626,5.120644105826833,10.449706792158956,3.2661460246353236
2018-11-06,4.491782896325692,18.928860850128263,5.139843994815113,10.32216334080315,3.286814018391227
2018-11-07,4.54216628324205,19.02358947728143,5.205432786013198,10.41157626069026,3.357180834492077
2018-11-08,4.541864203704052,19.19122071122776,5.199770563635771,10.545329137131507,3.3510880027416308
2018-11-09,4.544340748553354,18.720244800803865,5.174914119732928,10.359318863258638,3.3183542508395427
2018-11-12,4.49253984955298,18.33012314878131,5.08797317002854,10.126559990542205,3.25634944970616
2018-11-13,4.469327414546855,18.4281878574122,5.0687286096173265,10.152375961567346,3.2502576427878056
2018-11-14,4.438652490304224,18.41734935468,5.035119916851161,10.09674376868955,3.228035798614755
2018-11-15,4.491411207285725,18.82978133774033,5.1277162231427775,10.17936722099818,3.261725308925386
2018-11-16,4.5035230360569125,18.75828453440851,5.144877598182227,10.164224621396512,3.2702080491132337
2018-11-19,4.50727013402164,18.324586316201906,5.146487741365106,10.097250141455081,3.2148941717389024
2018-11-20,4.450983770406144,17.87665566969271,5.070343705891984,9.863524949397677,3.1553985694983733
2018-11-21,4.444574129891733,18.0460197311739,5.085577982282778,9.90190887102909,3.166151312768916
2018-11-23,4.443234407262207,17.93811654747176,5.062407823255959,9.873766489482021,3.1450047224262776
2018-11-26,4.450564841856898,18.38711678958244,5.084928933733109,10.009611355905951,3.195779413500892
2018-11-27,4.461895954381719,18.36268007200131,5.069947425073243,10.02085388543552,3.2065313369057615
2018-11-28,4.519807765700253,18.664082512820457,5.164109436169495,10.171568060743045,3.2803633152744256
2018-11-29,4.528532759279675,18.688829910001598,5.163969997614071,10.195672835390598,3.273194614794312
2018-11-30,4.5396757584334555,18.60004564733457,5.168104365837439,10.165401770460376,3.293145636018995
2018-12-03,4.582422174801165,18.89227641777432,5.239050812701489,10.276446003990998,3.336751626613496
2018-12-04,4.516502386572595,18.257070923014787,5.158087288545627,10.035091423921124,3.2286326608248506
2018-12-06,4.489744425361499,18.269261558349275,5.1135041380143615,10.003585989035544,3.2237347832931054
2018-12-07,4.4529625645164925,17.97655819978337,5.085582190446982,9.876740693293712,3.148828370959702
2018-12-10,4.494404403601576,17.9991048848639,5.141569344033139,9.83641836870499,3.1548015023218596
2018-12-11,4.50806474057464,18.002792897827554,5.169857350514367,9.812374308329485,3.155517859953825
2018-12-12,4.5386146647488115,18.342634053386874,5.231817771032039,9.90405642739238,3.1714074715998533
2018-12-13,4.543116320077622,18.302710822393646,5.244890072070192,9.891286996800392,3.170331602870186
2018-12-14,4.487732208663202,17.876956655413824,5.178504867542828,9.695065669771166,3.1117925789038723
2018-12-17,4.433885946635091,17.51028871814009,5.11530793564995,9.526054386615083,3.0507443560447056
2018-12-18,4.4167336434692475,17.383020200179434,5.092545979303449,9.449456772857285,3.047399099131598
2018-12-19,4.413211437772143,16.961435768936223,5.071886576518579,9.362717940641827,3.0017620962981426
2018-12-20,4.385377790372792,16.549890575326934,5.037916017288839,9.171026808677974,2.952899741906286
2018-12-21,4.375745751079117,16.19460037507507,5.023490174562592,9.013495728920319,2.892396114820548
2018-12-24,4.330757552268984,15.750865982287198,4.964515054100835,8.83141490430057,2.8159709013275265
2018-12-26,4.467011376283003,16.70211535169765,5.154353322860026,9.27743246085263,2.9582469058269494
2018-12-27,4.492798303872902,16.67057077430033,5.1888326396042315,9.280504679942194,2.9809584147733235
2018-12-28,4.519874516543431,16.66728706617262,5.226750692347643,9.291468920067146,2.977113654698814
2018-12-31,4.555610662814289,16.901645756498,5.2705347386803565,9.404748557323757,3.003189482435198
2019-01-02,4.551725437804716,16.933346356535566,5.27435650066051,9.416464059199416,3.006313990515794
2019-01-03,4.4799448369422645,16.452006699194083,5.172793258461396,9.289626678982266,2.934574309345157
2019-01-04,4.524022104610748,16.90048206139074,5.226747252196776,9.515874931565655,3.032870669469514
2019-01-07,4.559391374322951,17.47958350442373,5.271264132180518,9.749991033155597,3.0567834865935564
2019-01-08,4.580184256948688,17.761097615361233,5.2953824496051425,9.88479145575577,3.0855035860924547
2019-01-09,4.62045908883871,17.924340465181515,5.35790900160231,9.913559105135953,3.0999231785864207
2019-01-10,4.612787718181335,17.984445715698858,5.357266815677026,9.903487041328145,3.1108583419692515
2019-01-11,4.614053699156774,18.12773995465508,5.3530423390010435,9.964882655922562,3.1120598551133383
2019-01-14,4.604795018300766,17.875582594341257,5.346869065376885,9.847420461510799,3.0930736108196033
2019-01-15,4.658611971313724,18.199253572637772,5.413080394354293,9.985179226062296,3.1285223478985205
2019-01-16,4.64989939929167,18.216650083350117,5.398945610650139,10.020322375645295,3.1360929875249237
2019-01-17,4.653752936332829,18.32097050842879,5.387389316421198,10.089960745930087,3.159885489361423
2019-01-18,4.643830107399979,18.261515445012627,5.384021207801405,9.965954829380609,3.201943573564907
2019-01-22,4.626465810717677,17.626695269631586,5.352145223768439,9.741391637985886,3.1586845911165917
2019-01-23,4.65023204089942,17.732346280789425,5.372002802413654,9.834807536941996,3.1652931183754855
2019-01-24,4.6303600035054036,17.962116493249077,5.366114539875855,9.838105566232292,3.1669750728040715
2019-01-25,4.666754588698901,18.252317078439425,5.438557101064069,9.937116946573122,3.1937721773664602
2019-01-28,4.670392311463335,18.066790412270525,5.4422759313058515,9.91596759140778,3.1694992342454613
2019-01-29,4.688638254906413,17.931232824131083,5.469125176294445,9.910216742075884,3.1652931183754855
2019-01-30,4.681248033954692,18.200859781813673,5.462225668685855,9.982725165663467,3.2154028983891276
2019-01-31,4.721955035748608,18.244532704549908,5.507033931289244,10.051983021095028,3.243641736737853
2019-02-01,4.709734556031919,18.201349754097826,5.4804095243155615,9.992135569648303,3.245204195744569
2019-02-04,4.744787892537359,18.37315796206613,5.547216574915674,10.06042696012142,3.268034995146395
2019-02-05,4.758453094072228,18.33809088534007,5.558463265803101,10.043617273166209,3.2817335157807745
2019-02-06,4.748872644833719,18.23516026740704,5.542722809061925,9.954688392271887,3.2774076995225103
2019-02-07,4.7300640482600915,17.931068743048105,5.5164075888026,9.860835807790622,3.246164873347151
2019-02-08,4.7353983837396925,17.93097166479741,5.523216729006231,9.828479063510972,3.250130153675622
2019-02-11,4.722647880449023,18.05665631363765,5.509506195404962,9.849720628258169,3.2519328333245885
2019-02-12,4.743467971124241,18.52492380680247,5.527840980076076,10.033757703131915,3.293751311785077
2019-02-13,4.75741449997801,18.391427821779846,5.546645867700372,9.995875786386335,3.3044456396264037
2019-02-14,4.77553071387118,18.481732130186668,5.558927166483935,10.046996365805201,3.297116040507923
2019-02-15,4.817801622309581,18.870675989678205,5.617055977810291,10.16882923467984,3.333045013904922
2019-02-19,4.833504553643724,19.232047876120443,5.6290422346333955,10.348990990399907,3.338813588781614
2019-02-20,4.832839285011434,19.097986349118266,5.646507788578424,10.254632911011255,3.3455412015295414
2019-02-21,4.810157546417898,18.699264883217918,5.602437650099139,10.072167627574341,3.333646180409802
2019-02-22,4.824973427643355,18.964222214692647,5.622619012280661,10.208529887919186,3.3543135592664495
2019-02-25,4.815053952304891,19.035227362808556,5.60873804883958,10.204878405363978,3.358881440864729
2019-02-26,4.8041223553227175,19.047486571055416,5.584376376153254,10.221654659253868,3.3564773897444646
2019-02-27,4.78768834161405,19.28822070650241,5.553990330625394,10.324000593988963,3.3550354509917093
2019-02-28,4.789425256166951,19.478188179412985,5.547275650365249,10.404101532331268,3.3487876646290275
2019-03-01,4.77568459993546,19.342320290795893,5.508887877480282,10.35506873850437,3.3696960839935985
2019-03-04,4.755382079958766,19.020504104122313,5.485669989492158,10.189530917273608,3.357438477279883
2019-03-05,4.777333152155404,19.236628877781893,5.510643247043822,10.316408291453417,3.3528720304465316
2019-03-06,4.75981795578476,19.222287460147587,5.488366147077404,10.319547790622645,3.3325637527547487
2019-03-07,4.727793377475673,19.05185421352631,5.445202706566315,10.246438490032064,3.3046860652350722
2019-03-08,4.747392495447848,19.120051805127506,5.478310985954665,10.303801699936459,3.2980773330097595
2019-03-11,4.740365887238014,19.50132763944469,5.486967791168537,10.389266029626132,3.345902147392171
2019-03-12,4.747851164369102,19.61498043417801,5.503329259308363,10.427339430836502,3.358519060237171
2019-03-13,4.779052825340179,19.92985243371144,5.539081878462339,10.557637043136237,3.3807507427983
2019-03-14,4.755617441838297,19.831835826437768,5.506585087249354,10.495921708770894,3.378588142118795
2019-03-15,4.8276711827605645,19.97827113041781,5.621266883013814,10.477661412539893,3.395280812191731
2019-03-18,4.850113860295953,20.075900992668913,5.644291883823499,10.532958780336992,3.407590070442859
2019-03-19,4.874037354459894,20.085621163511583,5.674486581780449,10.555900049061755,3.408435761884773
2019-03-20,4.857833029516268,20.17048619959157,5.646156254162634,10.597786616564592,3.39817678271592
2019-03-21,4.876133301364596,20.471169517422055,5.677516099963412,10.657312256340273,3.4365571544758104
2019-03-22,4.851647448714272,19.974655858875597,5.636181703432814,10.507247661217997,3.3704173608196033
2019-03-25,4.876098701119525,19.974817805278644,5.6656022240998665,10.531422011052234,3.367882131191626
2019-03-26,4.8939801408373516,20.258840571395645,5.682946247663348,10.614957133809817,3.392987442937349
2019-03-27,4.855226686140938,20.32553908678625,5.638198643521324,10.591727010384135,3.3752445249370346
2019-03-28,4.843430857128963,20.37448487196731,5.616703057988013,10.583417411401188,3.3880389387002836
2019-03-29,4.856801309967045,20.48779874208261,5.633448008546564,10.636755301742689,3.4094017686142304
2019-04-01,4.860921376108648,20.802679435291687,5.647804171835739,10.72845499744708,3.4498356989190895
2019-04-02,4.844335842201426,20.95758427116215,5.620346531394973,10.792065332952001,3.451523802340225
2019-04-03,4.825856172832776,20.87512338118859,5.602964493791974,10.717261233824829,3.456955002492392
2019-04-04,4.813778098085782,20.48786837350108,5.591733136311042,10.590114715715186,3.4661280695770804
2019-04-05,4.842175266738795,20.639747832711926,5.6217469747853315,10.682864217166827,3.4829053907807745
2019-04-08,4.865948402381158,20.586099297094066,5.6577670894731185,10.653823139602874,3.485559705897786
2019-04-09,4.863513064612898,20.55882965428998,5.654501035676663,10.642492305387199,3.467697292475601
2019-04-10,4.88526285271299,20.81022419149204,5.683223270817218,10.733724945169039,3.4795246746773008
2019-04-11,4.86493712228333,20.79579044666167,5.653652693232511,10.697823593721244,3.478560922578445
2019-04-12,4.863973854733245,21.07446903685241,5.661349940306686,10.763476478194027,3.5020951667278832
2019-04-15,4.874976245041876,20.963369723716994,5.666371701484078,10.736434779979835,3.499801182574247
2019-04-16,4.8346029633846,21.031686348663648,5.62769320620775,10.694381609321688,3.5020951667278832
2019-04-17,4.818011147583434,20.8222417454024,5.622170205118292,10.559101568824232,3.4935267505771854
2019-04-18,4.804493927716584,20.827733927132144,5.608578219319085,10.564300231183553,3.5004050136425646
2019-04-22,4.796531727690901,20.993377284670153,5.602971391558789,10.622442875466035,3.503422939185644
2019-04-23,4.816232417878978,21.066851396611114,5.610639065351541,10.707802286595436,3.534926277678665
2019-04-24,4.812451572368026,21.104344623423657,5.597407588712739,10.732920312746131,3.5270801631860635
2019-04-25,4.795955325694083,20.827969438315023,5.568839924286264,10.655892917108028,3.5249062893535528
2019-04-26,4.802181167093904,20.913408964415765,5.578606043239303,10.68760771248595,3.541321639862525
2019-04-29,4.7882614317840515,21.057305797547414,5.55479565871786,10.741998277502846,3.546872950335817
2019-04-30,4.793511564460857,21.176109887127062,5.5676647137738335,10.774221474874162,3.548683623675097
2019-05-01,4.77958584716195,21.056859773912606,5.5357416516627715,10.722381426396348,3.5220101138629447
2019-05-02,4.747442472098725,21.13760548473063,5.486130252400659,10.7556932192346,3.5144058597439396
2019-05-03,4.769392163619894,21.102979239409756,5.538390402145577,10.854632276564482,3.5488045538618955
2019-05-06,4.75782978237864,20.991620633768882,5.515482466714813,10.84720399230422,3.5342011064907126
2019-05-07,4.7146643754018145,20.79255341404051,5.4603846945474,10.768378111040612,3.4751797965421343
2019-05-08,4.694932060852574,20.585510978184896,5.423604696704796,10.693924977497334,3.4703540671896316
2019-05-09,4.694079212318591,20.582080037979637,5.424707250865493,10.678479876122099,3.4598519978486726
2019-05-10,4.720257882670084,20.4077639725678,5.449197551730103,10.665102849370236,3.477232330255011
2019-05-13,4.669208671999788,19.69898257176061,5.380808449386711,10.441059297654277,3.389849407073145
2019-05-14,4.6888095914685115,20.103805698718975,5.408867853433913,10.571005242043382,3.4205050044600696
2019-05-15,4.694101014059164,20.166007186460103,5.411876386724794,10.594168967044226,3.4405408817819287
2019-05-16,4.701800272793622,20.292815845305388,5.405709385904279,10.690372521997638,3.4724045512383253
2019-05-17,4.662563492023972,19.929165419190376,5.3500723318979775,10.552842027819215,3.449955809240214
2019-05-20,4.645422491633779,19.60689230843175,5.323354759058302,10.515815905853495,3.4271442766817084
2019-05-21,4.652415013929756,19.85822600940497,5.337436088960806,10.574298616505747,3.4580413245093924
2019-05-22,4.652980568126289,19.528670257996385,5.322277447160142,10.495022758864563,3.4474199647129815
2019-05-23,4.633400939484701,19.27390238891972,5.301286273577376,10.402716076739292,3.4052983409198236
2019-05-24,4.622180426561956,19.033138970454353,5.273895734962821,10.319698706527593,3.4130225003935357
2019-05-28,4.602534962180438,18.925311377770374,5.244243863138407,10.266402358645337,3.3812795561575193
2019-05-29,4.602822661414245,18.720413667233576,5.248543561639453,10.197473619065077,3.35858915875223
2019-05-30,4.615033180451673,18.705610557863597,5.264900608877032,10.19063217133566,3.367762020870501
2019-05-31,4.61798776246083,18.304359991124603,5.262766959495019,10.063825685878912,3.3223791763957395
2019-06-03,4.6605085927776715,18.36181021383653,5.320460121865548,10.12763941965167,3.3139321003646764
2019-06-04,4.697327333373991,19.26042283490694,5.3777223655782995,10.390966531524723,3.3858652698341904
2019-06-05,4.705941302864547,19.300719060575304,5.379414024040804,10.42435584632762,3.415194119595445
2019-06-06,4.73783107807353,19.609176624598778,5.4248315970046646,10.504715091161149,3.4374032558505614
2019-06-07,4.770017711126825,19.448179299559936,5.47100115400465,10.495396436298591,3.4718007201700076
2019-06-10,4.733780843235653,19.718026519746964,5.425301590073808,10.517621210835763,3.487733579730297
2019-06-11,4.7330975141255776,19.728780939304574,5.434766746811969,10.494476525909226,3.4868882982212197
2019-06-12,4.764684026913818,19.530145839226495,5.460207576416688,10.503611190509805,3.480732746746773
2019-06-13,4.75460270432618,19.860406569393653,5.468286932457584,10.508411788607544,3.4950951536100328
2019-06-14,4.723025302266822,19.82730936335373,5.4067402379504195,10.48521149541892,3.491233176356386
2019-06-17,4.7332256229045395,20.01244300172856,5.415260236902518,10.53017334515962,3.49256053888131
2019-06-18,4.788975051764617,20.37572571526197,5.502921780211254,10.676186013222969,3.529131057167594
2019-06-19,4.790385962142928,20.33900879251759,5.501225633148101,10.667377894940008,3.537096462115647
2019-06-20,4.856933503902021,20.411159100244326,5.593128616506106,10.789482978071835,3.570892145030958
2019-06-21,4.86559200422338,20.409558659352836,5.586102793598562,10.787629681599597,3.565701165521041
2019-06-24,4.890987193222736,20.45913172099287,5.621180391478228,10.825620452429686,3.5613349708783715
2019-06-25,4.868399651135746,20.256363897714397,5.584144443010614,10.734041747571919,3.52640582366985
2019-06-26,4.843957565023173,20.48339109595326,5.573515777450393,10.754671935574914,3.522889009864624
2019-06-27,4.8437940888345326,20.791624500582085,5.573259030996583,10.833559587554491,3.5353804832616227
2019-06-28,4.861655450108774,21.0554510951026,5.606721741232214,10.929421835792665,3.553573712482947
2019-07-01,4.882145227242545,21.22345051252771,5.64518232927223,10.970125732928757,3.5858329671266658
2019-07-02,4.910030280071537,21.08746888217947,5.663263384095133,10.99497158436554,3.595172466943016
2019-07-03,4.911796386803916,21.314568259013317,5.655421740824479,11.076323001203985,3.623917367378529
2019-07-05,4.869893772950136,21.39195637976609,5.599727790169063,11.05413649369077,3.6197930331094557
2019-07-08,4.852657842788001,21.03977823029533,5.5719594115130535,10.943624194022323,3.599903091877427
2019-07-09,4.870976097226069,21.14110348629534,5.596370732724415,11.040417770039552,3.604389396841222
2019-07-10,4.889052156055649,21.050087133728564,5.607406094842868,11.00914219188223,3.6216139547696504
2019-07-11,4.851236963597777,21.26948170553601,5.567590178682359,11.021704791853372,3.630101204218701
2019-07-12,4.891027665917805,21.519714860019697,5.642003742379603,11.04775452060686,3.6463534014587053
2019-07-15,4.864097653264987,21.578999428722692,5.590444776052729,11.01150812323485,3.647566802655053
2019-07-16,4.850980807281412,21.550041368052792,5.579794270511235,11.00922626045734,3.6358021401773533
2019-07-17,4.849971629368305,21.43009007320102,5.594006535271718,10.96532626382388,3.611060643824116
2019-07-18,4.886017701604397,21.424556713455715,5.653799711059432,11.01474184064774,3.62428056787176
2019-07-19,4.864945929316011,21.65608453495509,5.630444920315442,11.045959902622869,3.6041479464004618
2019-07-22,4.880097279527754,21.693448429314948,5.668444950573183,11.062262647174512,3.613001265872599
2019-07-23,4.874604536264147,21.99060348825311,5.661665375388418,11.136114847129129,3.6388335935040406
2019-07-24,4.880758631648842,22.265764986408477,5.671062947201041,11.199974340509675,3.655935581514325
2019-07-25,4.824113647507387,21.679498967733707,5.567259494242731,11.109038095691186,3.638470393010809
2019-07-26,4.843698066262997,21.850541516397413,5.58472456540915,11.208691582045615,3.6628482789379793
2019-07-29,4.838633873228907,21.780040687824687,5.578053861375815,11.179955961233084,3.6561778518207575
2019-07-30,4.846850600588712,22.083528605078005,5.589645136493748,11.23387035349454,3.6472015524976387
2019-07-31,4.806969561791973,21.91774037701263,5.536697462609056,11.151451909822404,3.6073019696452935
2019-08-01,4.7858693390315565,21.62419266890631,5.490763282990511,11.036335942850764,3.5758896362419983
2019-08-02,4.807521106782405,21.13177889026244,5.494111614800729,10.920553476408378,3.5489640177353343
2019-08-05,4.726714259261167,20.447407146035367,5.392765285141149,10.633252311394298,3.4422351341956134
2019-08-06,4.774046589734646,20.806661001712722,5.442861794923317,10.795490706219974,3.490505135638577
2019-08-07,4.820466773522803,20.779618892069347,5.5158435169761,10.813524590915556,3.492567507739532
2019-08-08,4.846430131118608,21.269363640561174,5.540109503281826,10.991609819984994,3.5610927005719386
2019-08-09,4.833813821418171,20.985044326623324,5.523777342801372,10.898344384613644,3.5368357448315666
2019-08-12,4.821690011321518,20.44786028930365,5.514920461935306,10.728219832280825,3.4937813188687166
2019-08-13,4.86792296120258,20.78753412714496,5.560197707231122,10.897342723923028,3.548114636897891
2019-08-14,4.794267474708366,20.01130979212667,5.459088246698702,10.628790360561151,3.4432058551526916
2019-08-15,4.846713209589475,19.85599615772253,5.499389270768131,10.697799114852547,3.4523014449312623
2019-08-16,4.860265609043285,20.299960869018022,5.526087667389282,10.826747726996627,3.5032409290061914
2019-08-19,4.9002372317083,20.65326772410692,5.59350400130452,10.94882125467525,3.5454467939972716
2019-08-20,4.880071771528316,20.43134808581755,5.59842512024184,10.823461350473329,3.518280544915521
2019-08-21,4.915696153214721,20.52845884776981,5.652622850085524,10.877272471334553,3.546902055567216
2019-08-22,4.899938803800002,20.50738259187242,5.623008820371158,10.864373452881392,3.5458112242890123
2019-08-23,4.85047434417275,19.834834418683652,5.541887182781048,10.691599797575964,3.4547282473239584
2019-08-26,4.895740662922876,20.002315790349236,5.605046387252184,10.761272412905525,3.4929311181656
2019-08-27,4.902522011856829,19.868644983370615,5.6234158823959515,10.725830545648092,3.479226243572253
2019-08-28,4.913988707276173,20.09195817359282,5.6529084228381015,10.793397909467684,3.503727109350404
2019-08-29,4.940944095486498,20.512591411074123,5.691066174629516,10.929231522809713,3.5484782473239584
2019-08-30,4.953627732014041,20.619000374051854,5.712718217393041,10.958904777699827,3.546902055567216
2019-09-03,4.977725777468372,20.397463372455878,5.750426923495885,10.94107199392036,3.5261627334977437
2019-09-04,5.014773461750109,20.497652750039983,5.819642632569512,11.006853032276243,3.566186935932417
2019-09-05,5.006916091603418,20.972435871218924,5.81587612972331,11.121360251713725,3.612029725049848
2019-09-06,4.981241800748381,21.04365702749904,5.771245345997505,11.120212136624684,3.6148193180029384
2019-09-09,4.972599688380128,21.281769032498218,5.768989277645595,11.15369579045283,3.6166402396631336
2019-09-10,4.96526736925358,21.629334858205905,5.769076131863097,11.19920817455601,3.615789219094344
2019-09-11,4.994898953516213,22.110757655141832,5.820037818101288,11.359771030832139,3.641503076136006
2019-09-12,5.017007987448305,22.141215083589408,5.853046747427965,11.417356557116747,3.6541162995854757
2019-09-13,4.990109504379439,22.107274154472325,5.7933266563435915,11.371303387076722,3.6516915468569633
2019-09-16,4.973686543350521,22.184955769017844,5.788070379816253,11.356125666359205,3.6404110150592928
2019-09-17,4.995212818841526,22.088382347932434,5.815634307922256,11.355147469426145,3.649628764823172
2019-09-18,5.000941911400864,22.106584658791956,5.798183204492961,11.402691574770033,3.6518112472452517
2019-09-19,5.006519506602099,22.007110995307322,5.802939877398461,11.380222308011719,3.651569386871655
2019-09-20,5.026756088500131,21.810349700589075,5.816653736644242,11.39977889916609,3.6343157237118273
2019-09-23,5.049119231231474,21.802514900912076,5.883828458101375,11.380239489778154,3.633463473344527
2019-09-24,5.047909701620543,21.139617147988364,5.873992328748599,11.23113938172532,3.6049518246930425
2019-09-25,5.000030666845859,21.432546958897706,5.809858007318012,11.267566528221648,3.626274891121839
2019-09-26,5.001782446301099,21.54367753082153,5.799865782870168,11.249959711316569,3.618720648808899
2019-09-27,4.989379090345513,21.45015817603835,5.771584689556445,11.232632486525885,3.5992262927641936
2019-09-30,4.947463760807797,21.44820248713747,5.711268709531112,11.175900511335612,3.615916298273691
2019-10-01,4.936835024243429,20.799132287341013,5.6932526819119245,10.919894027015285,3.572908194721377
2019-10-02,4.900706109463059,20.362432952469202,5.665321780994839,10.750542642121102,3.509792885533634
2019-10-03,4.92198041351505,20.1338380233408,5.694789615071583,10.701410187464063,3.5385476243572254
2019-10-04,4.96069800938029,20.443312641191703,5.739295126033356,10.867709275722744,3.586432288933781
2019-10-07,4.931178238406178,20.64117672222263,5.704091235589075,10.877373030576521,3.5709577342848147
2019-10-08,4.91359474573696,20.456196968874004,5.679537381714054,10.778640208801441,3.5155200571938297
2019-10-09,4.938779445801981,20.511114514228055,5.707706393423417,10.78360038900846,3.54890416754119
2019-10-10,4.947881330622298,20.75279024219023,5.729859400074645,10.846897906011014,3.572908194721377
2019-10-11,4.959007884191358,21.251832046685397,5.742721285883254,11.005527799054814,3.6099468563070625
2019-10-14,4.9523932997777935,21.22639567355873,5.738205695132248,10.96540479717035,3.6059266449784864
2019-10-15,4.971175701532583,21.517386336063222,5.760010068705535,11.062126011843263,3.6416268758526606
2019-10-16,4.962929934674595,21.368250657357425,5.748077592891093,10.985253411094575,3.6357779541399937
2019-10-17,4.967411712695513,21.476746417815487,5.7490558794527455,11.043055611043068,3.6465001574142093
2019-10-18,4.958929656612967,21.265357299225652,5.744241264257508,11.007808631179,3.630538602555357
2019-10-21,4.960885582664598,21.3093925618198,5.751019184136608,11.058200349760613,3.655150560132228
2019-10-22,4.965514452147698,21.354483176699176,5.745447489824747,11.09504741692883,3.643210036467625
2019-10-23,4.947651446843706,21.375151346412807,5.728766972785419,11.085360547832504,3.6538100797565325
2019-10-24,4.952997560190575,21.74214613149626,5.732393700497093,11.059115010332825,3.6597807515216707
2019-10-25,4.990779237105706,22.30673948172652,5.78956896597159,11.196913194219697,3.674766666229405
2019-10-28,5.0103568234479825,22.51917304644867,5.812664302035162,11.323363326426335,3.6954805724630075
2019-10-29,4.969840449899449,22.43982338059599,5.766217685070604,11.249731536155435,3.694384002125092
2019-10-30,4.998531083582471,22.42960919158046,5.798743172664834,11.29163220116045,3.705716185460174
2019-10-31,5.01473709033484,22.469444816900157,5.8132536493922276,11.384988179001688,3.6958466424860954
2019-11-01,5.023578816851202,22.142718682579936,5.844493158081594,11.168721748657614,3.7300842329992654
2019-11-04,5.082133954310405,22.434861547742926,5.962702162894043,11.23838545216343,3.7450701477069996
2019-11-05,5.0574708133585675,22.559045397175094,5.924514516511231,11.208145767055148,3.7409277763931157
2019-11-06,5.080724621084263,22.52089653150694,5.93229148122765,11.257306114071895,3.7417816664917622
2019-11-07,5.050690561090029,22.773712147265314,5.883972650806849,11.297121968697164,3.754940100613916
2019-11-08,5.04530759094226,22.84631474201756,5.873327468867736,11.314635348008133,3.764200483392801
2019-11-11,5.029167321448562,22.815115502394498,5.856532901143976,11.233118793849988,3.757011081304439
2019-11-12,5.031334608246384,23.072186791388738,5.8532519423044835,11.28547562503468,3.7649305737747927
2019-11-13,5.044460061250597,22.896125287518025,5.863400040141088,11.28904901802601,3.76615012396369
2019-11-14,5.035870462043493,22.97061434382912,5.852829355679458,11.283361994668358,3.771632565720432
2019-11-15,5.049187799263664,23.13364237490259,5.880095240356818,11.321743919891583,3.7989254840486937
2019-11-18,5.052898333139952,23.048886672645228,5.867537707505256,11.346751051997428,3.8017277849197186
2019-11-19,5.082153346855859,23.25705385722288,5.919338405100887,11.39833287731995,3.80063039471613
2019-11-20,5.069671996896467,23.090988937036702,5.913481122934293,11.36103897510469,3.7864963204428586
2019-11-21,5.075138429603312,23.020411688661504,5.9210394941531845,11.322687390264383,3.780405128423759
2019-11-22,5.07396191271194,23.022904507799034,5.908454149413664,11.421910616582272,3.788811211171162
2019-11-25,5.078699380650923,23.47088941366259,5.912084709883712,11.542342710235946,3.8181759300556197
2019-11-26,5.075231370356401,23.38491085990316,5.910347405981176,11.538909644161837,3.826826742706475
2019-11-27,5.07572087811637,23.497298660251346,5.914571385913733,11.567160029817902,3.8438856877689163
2019-11-29,5.077701258036617,23.408190421833083,5.905790863886304,11.555983325449548,3.8296290435775
2019-12-02,5.059288749965401,23.21054121785222,5.861931652862787,11.476916659505681,3.7970975935302764
2019-12-03,5.072723059818037,22.930161883114135,5.881492380463219,11.403595812976661,3.771632565720432
2019-12-04,5.0893698856526735,23.073168646150698,5.899843118119755,11.499961783665322,3.794904862787281
2019-12-05,5.107203337118925,23.04635350098066,5.921887615475285,11.528921705875995,3.8017277849197186
2019-12-06,5.12904033225946,23.292170561322436,5.959954478247615,11.551851796432533,3.836452785575611
2019-12-09,5.100233582289949,23.111101970116962,5.892694144463231,11.47781998174519,3.8243909217913736
2019-12-10,5.107708389417589,23.047482988222878,5.884977408654147,11.48842902895574,3.820126390492182
2019-12-11,5.152285040306783,23.270870478210092,5.927947497649162,11.585355086295554,3.8309695239531956
2019-12-12,5.191705335759134,23.76666627928141,5.989419976658657,11.763424968134668,3.863989204008815
2019-12-13,5.16458999319763,23.698162677835967,5.948552033790435,11.765283542974608,3.866304094737118
2019-12-16,5.1829294498175384,23.979038609246807,5.96964420437625,11.912009146336823,3.892866102817714
2019-12-17,5.201632338563715,24.050142163209365,5.974109479947121,11.99273217773032,3.8937191730506875
2019-12-18,5.228557137171235,24.232897239627782,6.007241949469673,12.098647634643656,3.8939622632227935
2019-12-19,5.243634572453456,24.317754567912942,6.0240262557257225,12.205689928313722,3.909924228014482
2019-12-20,5.251560031305725,24.53608387885025,6.015562364791798,12.2628462222954,3.9270655695770804
2019-12-23,5.248566280897206,24.391150883466363,6.042570933214191,12.213120737005028,3.9330653465736174
2019-12-24,5.270526028896689,24.36563919150851,6.082057358320041,12.238124314200101,3.933187916491762
2019-12-26,5.279681672337339,24.52408054930488,6.095904197260234,12.298737219910354,3.954125236121314
2019-12-27,5.280565154064303,24.302517361943956,6.085032895457515,12.225636375442292,3.953145086708994
2019-12-30,5.274270970333362,24.21177975406183,6.083723340008258,12.192329875859992,3.9313505975181027
2019-12-31,5.284344957383052,24.234288818160074,6.087065758432723,12.205263500324834,3.940899573013957
2020-01-02,5.322172647696258,24.677897677365557,6.130074473261008,12.37148463562311,3.977756224420191
2020-01-03,5.320203649578609,24.317428804713302,6.1264357307981205,12.268914002442132,3.9476351794521984
2020-01-06,5.346830152666401,24.277913806094464,6.156385361245838,12.294095310139237,3.9626961118690316
2020-01-07,5.3397966653229325,24.368032829021978,6.139889880245351,12.35155479291359,3.95155331750446
2020-01-08,5.320475872186229,24.399780338273118,6.098405969319318,12.374258801923721,3.9726127971193197
2020-01-09,5.3390389388410044,24.45889763803431,6.068078419075843,12.443710136378517,3.9995503036782454
2020-01-10,5.352107696127287,24.24220146576589,6.10536898295487,12.423628972674026,3.988041439290587
2020-01-13,5.357698671411274,24.602853374665315,6.119786823863386,12.536252737403984,4.015468815589254
2020-01-14,5.3774999763911655,24.689427221225415,6.1282440162590825,12.586821401323379,4.009346058741736
2020-01-15,5.364166338006752,24.409628318350933,6.102475757979377,12.483039837892145,4.018406804229195
2020-01-16,5.38137583339849,24.729892400752203,6.133826248411297,12.566195871806675,4.051833137658726
2020-01-17,5.356011810829148,24.78513161817553,6.129789408503937,12.557486567091033,4.064445131309687
2020-01-21,5.365311047668217,24.559242082325245,6.11154703725473,12.501634872364722,4.0564866952198555
2020-01-22,5.384141471362674,24.62647737694326,6.124558263205968,12.524639820757107,4.05697615502676
2020-01-23,5.400897377647466,24.85429163342564,6.135575207063565,12.62080745107008,4.061627252990871
2020-01-24,5.39255384912122,24.52181829338297,6.127099079438348,12.566410497427102,4.025507660824851
2020-01-27,5.3765470022708834,23.921394732138594,6.0651431891055605,12.408679023944927,3.9609813628135164
2020-01-28,5.420244670328755,24.1607071034046,6.085674123219331,12.499174763740156,4.002489522116697
2020-01-29,5.4273566926553665,24.051306198536107,6.087431858483996,12.441868411400982,3.999181774058138
2020-01-30,5.457063774989827,23.960562521989555,6.140105914651217,12.447793740933523,4.012161477463533
2020-01-31,5.372699819446728,23.55814586977741,6.040989425163804,12.261869055509157,3.939309853473607
2020-02-03,5.389469671543623,24.531968208088518,6.052907251879307,12.4231726044845,3.968573318947424
2020-02-04,5.452304117602051,25.688648411065106,6.1387371900750605,12.688906209786358,4.029059728854024
2020-02-05,5.522103623361318,25.40066286604986,6.212252970179337,12.848252470259476,4.0755854660772375
2020-02-06,5.52436660060711,25.425011463190767,6.222532890040108,12.839650819922046,4.0893005889915
2020-02-07,5.507164737029074,25.30234936593634,6.195717000537035,12.809855155087828,4.067505689867772
2020-02-10,5.519303316917557,25.789895660310187,6.218642652236795,12.92561890411563,4.097871054806381
2020-02-11,5.532672838262764,25.97765632360322,6.236180090752654,12.934202150624275,4.104973551133382
2020-02-12,5.547328708918224,26.153554142579413,6.2483880222479415,12.933883467986284,4.131420368086893
2020-02-13,5.554095721591464,26.38881253026861,6.259750043525759,13.05218815756477,4.12701236029489
2020-02-14,5.561765932817631,26.46357375514438,6.272526303724158,13.094402465353562,4.1336245769493125
2020-02-18,5.603621056756239,26.894330686793953,6.32536006684221,13.347574209027174,4.122971242391647
2020-02-19,5.603894033744161,27.4613318653504,6.339571216222849,13.505147105267815,4.1426840926382615
2020-02-20,5.573686865900897,27.122375615058587,6.286241269817455,13.404638517773277,4.125664911060972
2020-02-21,5.588628289622059,26.45581035557208,6.290420691570177,13.30876004678249,4.083178242076818
2020-02-24,5.524532028274209,25.52775148047543,6.212169904998881,13.077343760489287,3.9477573394375067
2020-02-25,5.409242877788137,24.6102751586656,6.06491821980562,12.723150450300965,3.828132378791059
2020-02-26,5.369266626810102,24.379789961090722,6.0179166418705945,12.609616875362724,3.8140515957865464
2020-02-27,5.242808514476896,22.868675167641317,5.863097467213201,12.13751949017314,3.642755830884668
2020-02-28,5.142893597139638,22.493191248242763,5.756240054855693,11.826692034547516,3.6274509884300556
2020-03-02,5.304244970669712,23.473560705531476,5.922595571888534,12.27471058751951,3.7845429904764405
2020-03-03,5.259645418417176,22.770608506280567,5.858406024312102,12.050131542628328,3.6761833941127087
2020-03-04,5.395206096026742,23.38746531908829,6.0024786300219946,12.429725756619423,3.8307034775422397
2020-03-05,5.3573179165962275,22.213723410052125,5.93023227225458,12.101526856829848,3.7033639908437403
2020-03-06,5.320827859683919,21.214828154772988,5.858535478625818,11.80211463410826,3.6421442110924547
2020-03-09,5.131970976524831,18.56942600343636,5.610921910909727,10.932049809525937,3.3577123124147343
2020-03-10,5.290536051194221,19.509521516115193,5.750877896604743,11.337760805390097,3.5314578359481583
2020-03-11,5.133422570447744,18.607510806035137,5.566331075258452,10.905370010661711,3.359304491552104
2020-03-12,4.690471332236921,16.416847719812527,5.132164867973773,9.78341861245997,3.0378956261806067
2020-03-13,4.857616630650768,17.66772376764359,5.301933264257298,10.339487030501658,3.297594227161822
2020-03-16,4.49304839370871,15.292602190591612,4.822333918090057,9.20584657587174,2.93675884143142
2020-03-17,4.750602307615577,15.505169150802857,5.106447560075331,9.471906949636507,3.0953204526970306
2020-03-18,4.501781747011324,14.054201827474525,4.796962868998846,8.76389843742035,2.9385949306065697
2020-03-19,4.670788458414883,14.960836102048932,4.94092681440063,9.072751854044876,2.9448398474393955
2020-03-20,4.66401217366737,14.88089875548278,4.883813272310843,8.972799183285199,2.81793447961486
2020-03-23,4.656969039600667,14.809103099144894,4.954694831948619,9.029093866442805,2.7458842743204954
2020-03-24,4.960239403769241,16.172517222045485,5.239042762235795,9.773211459285411,2.9946708731241474
2020-03-25,5.011869192254748,16.383150932110123,5.194728835660878,9.7654892825758,3.039501743034421
2020-03-26,5.199434883513663,17.23097946158262,5.4222376116007505,10.158956005882338,3.2169772454481063
2020-03-27,5.127820459093995,16.68985300484605,5.384415202651615,9.977889174261302,3.121158109455347
2020-03-30,5.261694002665505,16.801293704894807,5.531150746663625,10.071080936222819,3.2225195373989926
2020-03-31,5.274950270708049,16.51832595227853,5.518284400485665,9.887543243175724,3.174487092034841
2020-04-01,5.19542220615435,15.63933300359659,5.451919701657227,9.497280399547126,3.0316195544521984
2020-04-02,5.385925820498858,16.026095882120387,5.6862852590904955,9.798921875204423,3.101575207917935
2020-04-03,5.403203891324537,15.717841465657719,5.713338597365216,9.674030261222228,3.056744542974079
2020-04-06,5.637900104946119,17.048531170791662,5.960625384869275,10.335842109343117,3.2620536651275054
2020-04-07,5.583437313706229,17.178248754555838,5.956340659154771,10.373562035971027,3.2653796551972927
2020-04-08,5.6531666795928475,17.926920682959256,6.001018877832485,10.708010994063395,3.3749934410746145
2020-04-09,5.770040763094287,18.262219440895276,6.092027551490012,10.970467762433474,3.4263516715421347
2020-04-13,5.828109033773249,17.89853216832428,6.105611075173551,10.875658145631334,3.39506846698237
2020-04-14,5.964568886731495,18.32214848085565,6.265554155249171,11.129170263984282,3.495199686483367
2020-04-15,5.914458431632884,17.711328602309557,6.186256182447372,10.85071241747704,3.4209327693750655
2020-04-16,6.015869556829349,17.69370323723059,6.277406618266516,10.857079724844802,3.4374370753095813
2020-04-17,6.047632051772192,18.283184491905164,6.291617785817092,11.064873487937195,3.530300595550425
2020-04-20,6.024618256541455,17.836161019645456,6.271026419193194,10.874630554491342,3.468103125983839
2020-04-21,5.881035110633899,17.353626080137666,6.09650497765168,10.626292053483084,3.362800398782664
2020-04-22,6.0167474886919985,18.04022204373256,6.267076038081111,11.030009424374398,3.4374370753095813
2020-04-23,6.052079383470176,18.334174236279683,6.296930077856976,11.153715730971468,3.4371900907755273
2020-04-24,6.133103798832693,18.7728493510932,6.373028484663838,11.362608695614973,3.485099761255116
2020-04-27,6.1017420480033975,19.183385033418432,6.340335388625781,11.518966844795715,3.5353485085003675
2020-04-28,6.077282139838068,19.353834575135668,6.3052552670101605,11.565512282770902,3.5190934417305066
2020-04-29,6.05442437372938,20.00323056707292,6.288996325004395,11.798038341777739,3.611217238167699
2020-04-30,5.983877260703725,19.70282256721943,6.204190805810475,11.665564105042883,3.577593317110925
2020-05-01,5.978466670022383,18.93167788514701,6.198613079092189,11.36226104297173,3.482883254407598
2020-05-04,6.037849573262101,18.89908308599622,6.265582705246597,11.37763651436587,3.4924900304334137
2020-05-05,6.120486324070681,19.21518697221417,6.347939841916723,11.553190885113516,3.5247583035995382
2020-05-06,6.0659400149242,18.958440269417427,6.276502792039932,11.38382581546744,3.5008649582852347
2020-05-07,6.085383167571442,19.249210755519464,6.313265246233043,11.578724655890877,3.5431093569629555
2020-05-08,6.13274155287956,19.756254706563986,6.373914931510783,11.764462190397529,3.601733441992864
2020-05-11,6.196456525016274,19.533740277123208,6.398781023103261,11.70467983730524,3.602472960830098
2020-05-12,6.1818372429325965,19.400833308100857,6.373467584524307,11.704733284597534,3.5306699450362053
2020-05-13,6.118711614534598,19.013186369511754,6.321746234452072,11.573090259569138,3.46822610583482
2020-05-14,6.137112174095308,19.23829762636664,6.341972853896709,11.719303713612359,3.5097334452723263
2020-05-15,6.170864280618655,19.3331354817978,6.416731399081327,11.806559035576084,3.5258647123255327
2020-05-18,6.209266529184056,20.650421929279204,6.48539153488603,12.321720193465266,3.633263016187428
2020-05-19,6.18977135509579,20.291879872475963,6.476586064621813,12.182700741544174,3.595946010205688
2020-05-20,6.22884143754476,20.55556612014466,6.519434371160042,12.281494989229262,3.6570329717179137
2020-05-21,6.16186764163387,20.493655939221753,6.417490200802542,12.194719073315825,3.6317856182443067
2020-05-22,6.177739103201109,20.644688103917193,6.445625530301439,12.260827166695982,3.6386815084216604
2020-05-26,6.19800048233377,21.00994118631037,6.447480503175999,12.331395595563441,3.6835138130968623
2020-05-27,6.217499900415118,21.148885840256945,6.481863177637656,12.34913556643765,3.738318963820968
2020-05-28,6.26030578660802,21.165450942646846,6.522314403219154,12.42473522767404,3.7314218438451046
2020-05-29,6.368125162285373,21.18226182317164,6.651442354786109,12.472761998993391,3.7480499494962745
2020-06-01,6.387828674955838,21.24846631700271,6.643951007859254,12.484806116475882,3.7631990174729775
2020-06-02,6.424938013424505,21.609421442787617,6.661346677998095,12.604542741616156,3.7943576024504146
2020-06-03,6.420778050701712,22.031168170189442,6.634343250562288,12.731523322044055,3.8448547689946477
2020-06-04,6.360033875458104,22.021439134728592,6.592224956254826,12.73499855043928,3.834755253699234
2020-06-05,6.344745200472136,22.670269306624366,6.542597785889144,12.946563538786814,3.933038700939238
2020-06-08,6.439676168522595,23.214629040987127,6.596557246810628,13.17043394696551,3.980579431865883
2020-06-09,6.432896349072266,22.608999396709105,6.624949574231147,12.95780959854776,3.9508966051002203
2020-06-10,6.415932817019797,22.16508989575647,6.608371329936827,12.842001679026131,3.9288495972819817
2020-06-11,6.213515529329728,20.62709020157589,6.424486371968201,12.218513451951326,3.7023563759313673
2020-06-12,6.2800657978562375,20.674270037414182,6.43388318894567,12.194251443373721,3.7466943016056247
2020-06-15,6.25509236454945,21.02420057568616,6.412658588828016,12.323049901484554,3.781671820888866
2020-06-16,6.492739573829574,21.824602021264287,6.661910071193636,12.807745589413932,3.8544607251547904
2020-06-17,6.44136034913301,21.3943406505374,6.64283236486552,12.621613814954843,3.8384507982212197
2020-06-18,6.473650927736311,21.386819102955503,6.66245157350424,12.615805176639746,3.8399286060971773
2020-06-19,6.4393293046186715,21.225019083915367,6.6589411677158425,12.60985608698924,3.8179832616224156
2020-06-22,6.449524225590249,21.404459014344543,6.709857388453057,12.738004041498339,3.842476338676671
2020-06-23,6.447968225006991,21.042104287669577,6.703376822589741,12.59754606788272,3.8601657604418094
2020-06-24,6.339334734905589,20.473466125644464,6.59583043151632,12.355668799543508,3.761697843425333
2020-06-25,6.395118130659395,20.647875035761164,6.6788396657367715,12.444464753748317,3.802024986226257
2020-06-26,6.336774529802749,20.156866365476933,6.669006159804937,12.234514112420761,3.7117217015164234
2020-06-29,6.425387146204166,20.59467964465662,6.704771917182104,12.41932317754977,3.7662743336131808
2020-06-30,6.523650178131632,20.93060040814007,6.804442569514776,12.615658254956735,3.814518919220275
2020-07-01,6.507888427126362,20.744159029046646,6.741647223979321,12.525106666100363,3.8412391613758006
2020-07-02,6.5271535274932955,20.645180113817318,6.760115001987534,12.529730260081326,3.862393335475916
2020-07-06,6.580200858333082,20.79035245969823,6.835119713593038,12.61811543418075,3.9220172466943017
2020-07-07,6.664013061784516,20.667049161263122,6.955164410042999,12.670736619005478,3.881565894243887
2020-07-08,6.707471093630785,20.710075299465135,7.008596891373352,12.697005491260784,3.9112556898677724
2020-07-09,6.688175231203022,20.346195674109495,6.987082506793117,12.551483125507376,3.8889897779147864
2020-07-10,6.708661259614213,20.603169583614328,7.013663235180098,12.652622364961319,3.928697512199601
2020-07-13,6.646542577255647,20.394685217243115,6.993011152480581,12.551015683540331,3.894679235754014
2020-07-14,6.729397298977779,20.785633117509562,7.053805857012354,12.748286749353232,3.9451497566638682
2020-07-15,6.8176158319105165,21.257317307369856,7.142419668851198,12.945092393639694,3.9813960180763983
2020-07-16,6.765201942467373,21.277674199301217,7.088136486843402,12.947680129541125,3.968282266633435
2020-07-17,6.860421902671331,21.357825905732383,7.185909010271983,13.022830913163439,3.9797874416255645
2020-07-20,6.8805589662001125,21.61369003375125,7.221346015719835,13.023902877215994,4.011950771985518
2020-07-21,6.872955747490385,21.688025396117457,7.2570110239831145,13.156954421249036,4.020485573643614
2020-07-22,6.929361427864937,21.812347139277232,7.355724152784347,13.266101219443058,4.043371304045546
2020-07-23,6.8905569396650534,21.561926128928896,7.305886761304474,13.22454693450903,3.9951254886399408
2020-07-24,6.859317526028537,21.19502877242668,7.2680024848599265,13.134994694686142,3.969396874016161
2020-07-27,6.957922415579844,21.570316987615296,7.414173464560573,13.224929129060339,3.99834264154161
2020-07-28,6.952660961585598,21.252720687075705,7.391228644766801,13.209203542683154,3.9729837863364468
2020-07-29,6.838162915588627,21.6539635281676,7.296618195106114,13.359897451630413,4.021845320862631
2020-07-30,6.741425337022041,21.564811406370467,7.19412848865207,13.195892297316592,4.007496031850142
2020-07-31,6.759296727258427,21.441801217942594,7.240338936587817,13.156377136848423,4.039164163343478
2020-08-03,6.835378317051356,21.801927966701076,7.326900206467078,13.292657024871982,4.0672457924493655
2020-08-04,6.97088254631246,22.004022986666637,7.5046520604161655,13.454332097675222,4.082955238613705
2020-08-05,7.096867375994129,22.4247356312128,7.654621956450529,13.642153648439287,4.108315323617378
2020-08-06,7.078109454703911,23.379616173250213,7.668718528005298,14.105311475060484,4.135775494542973
2020-08-07,7.043918001406986,22.93383936959434,7.621306090982071,13.866671409081318,4.138746277809843
2020-08-10,7.121928559510298,23.14441932168109,7.737017483018188,14.038288616265737,4.151117230952881
2020-08-11,6.942507000832949,23.227677985140023,7.503118118413445,13.941034626470316,4.116850945141148
2020-08-12,6.956072451641414,23.88471920439845,7.529219979006776,14.08317563932619,4.174248511123937
2020-08-13,7.042820345101245,23.764955410868215,7.6529567546012345,14.028626295586948,4.1667036972662395
2020-08-14,6.97629996600327,23.881721055018435,7.550696230229294,14.046805368291887,4.166827087050058
2020-08-17,7.036355689382295,23.9629423832772,7.641318858123228,14.086254476554021,4.180062178612656
2020-08-18,7.037115650790507,23.81933046029931,7.64541147876238,14.027562156286436,4.189093818868717
2020-08-19,7.003887131129306,23.78806445380531,7.608775123265627,13.901807133429736,4.171651586604051
2020-08-20,7.02804198695523,23.83804354357539,7.6377989818166325,13.766766955895708,4.184640718464687
2020-08-21,6.959173174632217,23.89792512207563,7.559706305837739,13.74067264489714,4.199483566612447
2020-08-24,7.009461890439592,24.185448399183358,7.614393467368424,13.83653938874902,4.242039104313149
2020-08-25,7.062458644938574,24.20305877501449,7.666952217752462,13.807500690523106,4.2568835921922545
2020-08-26,7.101641135860569,24.527850992442627,7.735177119841808,13.880072967909319,4.299560060079756
2020-08-27,7.146241310889668,24.751183187919796,7.772702733423692,13.972003720593444,4.30896309948578
2020-08-28,7.235278841676391,25.28291303525093,7.86744909047106,14.198477680282096,4.336795079494176
2020-08-31,7.221271939947624,25.245056965001123,7.872497758623673,14.142676296026202,4.321084813464162
2020-09-01,7.328955304152205,25.476858023768592,7.991732610877948,14.380103660586792,4.3617833554150485
2020-09-02,7.328330988571359,25.772852423267302,7.983479193361981,14.491234944287422,4.4248732487669225
2020-09-03,7.148079028406669,24.354663206781773,7.770011077548581,14.025751781989293,4.272593448289432
2020-09-04,7.177116434852854,24.475726391340586,7.807901395330004,13.974128872607007,4.2377093936929375
2020-09-08,7.095743506944314,23.096388861841888,7.7233835908542225,13.667886889054769,4.121922634195614
2020-09-09,7.227128087527221,23.470013369290356,7.865861444493595,13.735572150506556,4.203318898231713
2020-09-10,7.144221906581448,23.242308473482527,7.78617198481401,13.522926913045563,4.130334456002729
2020-09-11,7.171576104200566,23.435867082937744,7.81015871526575,13.595237961940905,4.132436591588834
2020-09-14,7.280423996897209,24.156913237964844,7.932194227151668,13.789624142458274,4.1868666537674475
2020-09-15,7.302873191810457,24.18516649553946,7.960875245034832,13.72901572570562,4.208020417934725
2020-09-16,7.294618866948116,24.427502836320514,7.952333058329795,13.845857423832397,4.1913209839699865
2020-09-17,7.248718165032044,24.03724898980234,7.8979319224925995,13.771363118004354,4.154456543839857
2020-09-18,7.223600011096365,24.02559966781115,7.862622213529642,13.747782307903218,4.106627630129079
2020-09-21,7.079516066157006,23.82294336867165,7.656733062242589,13.57244070582051,4.060923808243258
2020-09-22,7.122908606067193,24.465533812806676,7.715557357270055,13.91641069246856,4.102281522195404
2020-09-23,6.96270109585696,23.549874444016393,7.5103952914745316,13.63131454610382,4.0071447194091725
2020-09-24,6.960732956917345,23.615326169672937,7.510862849446192,13.573952705145288,4.01782551946689
2020-09-25,6.986196034542235,23.881888326837384,7.537020604536574,13.626877694360468,4.0827818370238225
2020-09-28,7.029499297756922,24.294965507673574,7.600953660666379,13.824535662291277,4.150594156653374
2020-09-29,7.05245608789588,24.4603530668972,7.644072718117284,13.885882317045045,4.127989640177353
2020-09-30,7.0766484756517745,24.17840635810277,7.643727922522697,13.848679107842516,4.159288012252072
2020-10-01,7.125590064868699,24.495630824125822,7.715227875939288,14.064486393989784,4.185990217362787
2020-10-02,7.04388412908434,24.491699106581407,7.621443344187948,14.012609929394216,4.146245589122678
2020-10-05,7.132103875118469,25.153063988654765,7.729155577209121,14.326785778865757,4.219773602293
2020-10-06,7.055157761774676,24.751516299125903,7.635479065969689,14.1157667670804,4.159784440917201
2020-10-07,7.118283734404324,25.236598051997476,7.7058360427773875,14.364881897611369,4.232192927510757
2020-10-08,7.177920094717937,25.630093155068177,7.761699969676875,14.542430068098481,4.269700142328681
2020-10-09,7.27125680251321,25.56549703293906,7.879016767628432,14.608900802881806,4.30782963519257
2020-10-12,7.2662064484380515,25.87544401078544,7.884133267156289,14.64811409354946,4.377132470616014
2020-10-13,7.177108282924221,25.75795310672367,7.770626500166568,14.555795560056596,4.348566300897262
2020-10-14,7.176753572816059,25.868447805028225,7.787769577017655,14.574767557743868,4.321242227673418
2020-10-15,7.152703039576562,26.03406278450556,7.755768785610932,14.639665184866544,4.31590162267814
2020-10-16,7.1382123031445825,25.708624758437217,7.744583047263219,14.518026830139913,4.313294449837339
2020-10-19,7.103628373454827,25.50387736025748,7.725082063301019,14.360458747871105,4.247717084032952
2020-10-20,7.161632293006724,25.250457818268984,7.7984988452706645,14.240256814318503,4.26473298614755
2020-10-21,7.155870809659476,24.890100920044354,7.793968382311494,14.139422068032989,4.256659768863469
2020-10-22,7.161472658111208,25.558096077067013,7.803940850513434,14.348248740434197,4.280008313437927
2020-10-23,7.154824268895642,25.558552041689737,7.789747619081325,14.392009347000446,4.294539612629867
2020-10-26,7.0663687495336855,25.01989626925226,7.67327055590385,14.203606720336621,4.2151762055304856
2020-10-27,6.969573608568046,24.823031308571444,7.584483618094799,14.011012939216178,4.200645316271382
2020-10-28,6.836706518290489,23.990682237049988,7.408294293170625,13.66990867741169,4.057072489243363
2020-10-29,6.885315118330288,24.358221984794742,7.478283476863075,13.74419453553838,4.098306813411691
2020-10-30,6.839365207603986,24.001891028823344,7.429594184651077,13.616736302856866,4.055581153583797
2020-11-02,6.877406406588379,24.30834678680323,7.470650863133676,13.823678097160162,4.1010381959019835
2020-11-03,6.942245601044474,25.023170436922033,7.544484402580341,14.126659317505862,4.173446272562703
2020-11-04,7.033115506927093,24.90764417973225,7.6088136294807756,14.242136210787312,4.266720750472243
2020-11-05,7.1238358316350245,25.994391668650188,7.74984424875285,14.612472001915865,4.349932607041662
2020-11-06,7.1200108223856,25.806373150774345,7.7552145307183915,14.553919778447016,4.34893810998006
2020-11-09,6.989713910781392,26.95356829580189,7.60472962999243,14.812594597397418,4.403586666360583
2020-11-10,7.0606863805272475,26.79370295557274,7.669789981908737,14.98003278028608,4.397128584452723
2020-11-11,7.144257443685847,27.045884675621103,7.788062523662211,15.004196612756495,4.429792852739007
2020-11-12,7.070743122340056,26.600109136470056,7.6991859974152375,14.876620511022406,4.386819593477805
2020-11-13,7.162886120135195,27.076650532698306,7.811411378368418,15.100185977899292,4.447552373019205
2020-11-16,7.18634640471756,27.61637034400195,7.845727048770168,15.30899271613661,4.503069167147655
2020-11-17,7.171863881319899,28.16598197305515,7.836220634198687,15.487409961147504,4.478850745093924
2020-11-18,7.136098348283834,28.258060865513098,7.796092309120637,15.53742352557546,4.424948676408857
2020-11-19,7.2236992880182616,28.60125947471003,7.881106834143786,15.72869473377836,4.443578074168329
2020-11-20,7.249265566171954,28.618417545303696,7.915689230459602,15.749180565430148,4.413150399438557
2020-11-23,7.21656808406542,29.3290777848882,7.881222605824959,15.926817348656801,4.439603775317452
2020-11-24,7.233417165437705,30.272174246540004,7.905062283077445,16.235482644136056,4.511141974498898
2020-11-25,7.227256490430844,30.187044943422016,7.897910845678677,16.21370587807578,4.504187053993074
2020-11-27,7.23178477414975,30.435831399699865,7.884473679000254,16.290802791006076,4.5167318186588306
2020-11-30,7.216270279921423,29.916709734798378,7.873791867064718,16.016111876967347,4.496736114754958
2020-12-01,7.296715719815779,30.41778240070586,8.007022205237625,16.252046696497228,4.545918216759366
2020-12-02,7.306281226019312,30.15986361591828,8.022835091464522,16.082450674185107,4.555480720038829
2020-12-03,7.272024822636608,30.52698307314666,7.9827739668301065,16.233461438696285,4.554239033476755
2020-12-04,7.4455914104461,31.316849296603422,8.19534821740012,16.538667612267137,4.593486003253227
2020-12-07,7.556292472845134,31.990890627524127,8.339931323523572,16.768374508830508,4.584047299690418
2020-12-08,7.62327301643133,32.069875758536554,8.409251734934053,16.881253213533142,4.5974611219697765
2020-12-09,7.538824761100433,31.620985117729926,8.274363050030656,16.822882268824344,4.556226387868612
2020-12-10,7.635725905320497,32.07868827063673,8.375461194770246,17.044680313173956,4.554735462141883
2020-12-11,7.699784336374884,31.671026323290175,8.438079012595326,16.94751978029852,4.549394447213769
2020-12-14,7.666022803043537,31.689262598173535,8.41865178584792,16.841116256987643,4.529026934227097
2020-12-15,7.85406067796641,32.30354286431128,8.612288405540012,17.128269077528895,4.59025655236646
2020-12-16,7.8655384496064364,32.323462492460514,8.633083445940219,17.194870927758267,4.5974611219697765
2020-12-17,7.914057941023874,32.594320231328375,8.722323264707551,17.38231640272616,4.623169649884563
2020-12-18,7.936712127817975,32.57861228635717,8.75599720348769,17.348027491277147,4.604710784185119
2020-12-21,7.881056876371316,32.67120798706636,8.708310240466979,17.2794578899155,4.588245011937244
2020-12-22,7.820917812646056,32.9724266239326,8.632502157246476,17.193123592198944,4.580511628974708
2020-12-23,7.836339063187952,33.09488144015837,8.65576720958394,17.201183302732424,4.584628584452724
2020-12-24,7.860136127526782,33.2439575884941,8.680873023337405,17.271326229418946,4.6024643522405295
2020-12-28,7.878762681920957,32.997756803203146,8.716058732727083,17.15650564959743,4.642003604129499
2020-12-29,7.842949123762837,32.86623272569391,8.663609415806956,17.16743881114406,4.633147825060342
2020-12-30,7.865960255545669,33.26181149515635,8.70257592517233,17.337191235184473,4.639757172184909
2020-12-31,7.893421354458017,33.33168763226352,8.72604016374993,17.364328623701123,4.663331999685171
2021-01-04,7.909335614592745,33.10167450955365,8.748390562092938,17.35612700701747,4.599845291347466
2021-01-05,8.01503577790862,34.19021533394432,8.857727953170736,17.691987636185388,4.6315257208259
2021-01-06,7.942401609174912,35.108153333047596,8.781191063163254,17.867421302575984,4.659215864072831
2021-01-07,8.023406487089394,36.18031423913534,8.885558852817455,18.192169353356288,4.72844081225732
2021-01-08,7.887450278473123,36.67416069124387,8.68399050833233,18.222653783779233,4.755381188346102
2021-01-11,8.090253068158203,36.50372601081766,8.871721219717566,18.483967395832313,4.723325670322175
2021-01-12,8.017145993209848,37.53081232682907,8.83323874608962,18.72217607506743,4.724324266712142
2021-01-13,8.088252811154621,37.29009383443096,8.902079238648952,18.744249043397566,4.737046122363312
2021-01-14,8.115374546523205,37.57219408036978,8.93836934822634,18.845115122645364,4.720458190130129
2021-01-15,8.045258242252517,36.81994870570483,8.841173757737398,18.587808687004937,4.686032440444958
2021-01-19,8.196076003085183,36.30022771214112,9.020104790121339,18.682287915302698,4.722828011858537
2021-01-20,8.258706746696047,36.195260397879835,9.088303788692452,18.75855864080427,4.788185653662504
2021-01-21,8.244651394011544,35.93758138547033,9.074268882921984,18.61219792615597,4.792549388708154
2021-01-22,8.246288583344882,35.92251038535101,9.043884175986124,18.648035641418442,4.775587187795153
2021-01-25,8.343274301392423,35.759759726412746,9.12775297176764,18.70857610349604,4.794421551972925
2021-01-26,8.397532545100377,35.02107582817461,9.194598605547977,18.45829579969058,4.786937408175044
2021-01-27,8.193222844735327,33.71420036035322,8.962980474304828,17.851409467666876,4.669941756742575
2021-01-28,8.261723222920983,34.22294484431727,9.05950070231574,18.119107309474156,4.71010574627453
2021-01-29,8.2010902696137,33.71838222327691,9.036264501644864,17.895960915890306,4.61581012566901
2021-02-01,8.419617009069444,34.552060240575244,9.394769017093441,18.064494231150324,4.692643837233708
2021-02-02,8.247619523353722,35.311347481007,9.160877673014397,18.298146538306785,4.758997615830623
2021-02-03,8.229656082959112,35.61415910512293,9.149827124246531,18.453144164888624,4.762740712561654
2021-02-04,8.252312390580292,36.03071632646589,9.160028042565305,18.55934254937002,4.816872343635219
2021-02-05,8.357117266905595,36.03651871495543,9.292493656742993,18.679642771240683,4.835830917462483
2021-02-08,8.527870820507227,36.48443707604283,9.4842553500841,18.92257811471935,4.870755555409802
2021-02-09,8.516230287426051,36.47427517421061,9.472159500272834,18.895811290834594,4.867511756873753
2021-02-10,8.653538827161356,36.47734894728424,9.59140280246991,18.872327257281118,4.865391584242838
2021-02-11,8.584138114538085,36.77706711617513,9.522404144339248,18.846252614489536,4.873249996720538
2021-02-12,8.662951045463771,37.088909489253425,9.621674140700986,18.959996177657825,4.8973220727516
2021-02-16,8.709615518805741,37.51337687857669,9.704407806000436,19.03424031487723,4.893081317556932
2021-02-17,8.671920269035423,37.355433585295785,9.660024270658548,19.007440981493165,4.894204533529227
2021-02-18,8.467545852693055,36.83181451560638,9.455270292147146,18.579718482940372,4.873374616302865
2021-02-19,8.559883632574808,37.62656449634725,9.581253196297581,18.84962173780394,4.864768076398363
2021-02-22,8.539478297636853,36.82908575686079,9.554148039719863,18.657588978465828,4.827348997140308
2021-02-23,8.512215467569812,36.97675169354873,9.510573757880449,18.697426111647065,4.833212266502256
2021-02-24,8.478728456516215,38.2538952623605,9.485596636894327,19.005045390317715,4.886469920768182
2021-02-25,8.381173471825049,36.33522822331775,9.361266482851649,18.347917613082604,4.768726961774583
2021-02-26,8.302644311903856,36.48852655123471,9.275930083947848,18.27924063216933,4.744155997481372
2021-03-01,8.406142286608992,38.14795753865024,9.421424110077538,18.81730390285537,4.859155275999581
2021-03-02,8.434284733314223,37.78688910821274,9.46531696264716,18.713679997302968,4.821237718412216
2021-03-03,8.334280688286666,37.239487001433986,9.340444659987243,18.471678479757752,4.7573771513275265
2021-03-04,8.14382496039719,36.01818160699665,9.075801134120882,18.066032540104846,4.698505466864309
2021-03-05,8.190854961829347,36.23937786795304,9.107819659062546,18.24079160618943,4.784942265059293
2021-03-08,8.05946066015346,35.56728966709774,8.936908399333054,18.049949580789512,4.761118608327212
2021-03-09,8.20753094954611,36.8862732792629,9.14710728399266,18.538725487864486,4.829095720957079
2021-03-10,8.275419776716605,37.36387640918737,9.21530377846023,18.779159888806426,4.859155275999581
2021-03-11,8.356699447375695,38.16781702630283,9.335623059572766,18.99273540266227,4.908422644034002
2021-03-12,8.432578070521702,38.600272640105956,9.402998596622618,19.17129581747689,4.9150319911585685
2021-03-15,8.412472585066816,38.84451269300243,9.466065560655593,18.89785524388662,4.944343828707105
2021-03-16,8.409326645023866,38.2380735953555,9.448959039499298,18.690074246487878,4.938107930396684
2021-03-17,8.420773366645873,38.81794979754667,9.484211072827373,18.81946542851367,4.954946741525869
2021-03-18,8.2372715680374,37.693050377502004,9.27535405162748,18.447101647873545,4.882852263485151
2021-03-19,8.301335060949492,37.74035757623239,9.352544213097488,18.52142265693826,4.873818983497744
2021-03-22,8.295556960874634,37.811827564395735,9.324824761712495,18.558937866334936,4.912735547407913
2021-03-23,8.15918167128764,36.849386376220565,9.138660503862441,18.303587601678867,4.874069452460909
2021-03-24,8.1014528771345,36.087518275266206,9.067841752926709,18.067833314116164,4.849291882018051
2021-03-25,8.140305114812092,37.16742423504617,9.108873066258255,18.366049804641122,4.876572092428377
2021-03-26,8.215571152933014,38.020016459714846,9.203340269903594,18.579972923362604,4.955158266869556
2021-03-29,8.176529129673298,37.259660958799884,9.140780033489094,18.371533301706833,4.952654397103578
2021-03-30,8.084204942331368,37.85327201726657,9.025236649791282,18.53831540495361,4.939516459623255
2021-03-31,8.195588192493974,38.73556763966363,9.158237023053944,18.89588957266267,4.959537169430161
2021-04-01,8.313384456128919,39.398890335154654,9.332928167160716,19.12262691760943,5.01309489453248
2021-04-05,8.441539925571648,39.936879923598504,9.469871181118199,19.321819513713073,5.085048765610242
2021-04-06,8.436432890400877,40.286468819640255,9.484225592871972,19.426936997756982,5.082045187716444
2021-04-07,8.379611649812626,40.16302806802004,9.41649637087109,19.353051398446958,5.087927313988876
2021-04-08,8.446120591465705,40.7291353455882,9.502943224588973,19.598652410975998,5.11207768719173
2021-04-09,8.412240865328346,40.99424212870317,9.45670315122814,19.60847002562113,5.149244247822437
2021-04-12,8.346847170496543,41.47745257074153,9.377804599070451,19.739258674385926,5.15112215014692
2021-04-13,8.395007806533417,42.4157988094491,9.451870005002286,20.16069064296229,5.166388458914891
2021-04-14,8.366842518510914,41.927134807937875,9.425224407087077,19.93968052715184,5.148744949627453
2021-04-15,8.459977836995051,42.74408972056024,9.52829025940562,20.291219767149386,5.204053087942072
2021-04-16,8.499068431324261,42.779709771085244,9.561803843319726,20.400495457015634,5.221447767997692
2021-04-19,8.423316965537339,42.307697452705696,9.457321845649092,20.17686457438785,5.1957949909486825
2021-04-20,8.40575135764758,41.4781642471354,9.416749406958127,20.08062118619388,5.1577540435775004
2021-04-21,8.477764641122658,41.977742449540344,9.520476508434275,20.306309677162805,5.206557367640886
2021-04-22,8.387589707967628,41.554369558888915,9.42040190485363,20.10428413648634,5.15900474866198
2021-04-23,8.426878847070583,42.29270904282084,9.467656800088687,20.2542283735789,5.214940904082275
2021-04-26,8.441946720801333,42.62167064783404,9.51137191013215,20.365346173321917,5.225827080491132
2021-04-27,8.44934213170436,42.51015259273498,9.542904988340863,20.202623170620516,5.224700175123308
2021-04-28,8.435631504280126,42.35916099548541,9.518815805813022,20.10308035888972,5.223199820941337
2021-04-29,8.473248062492399,42.240849641076466,9.563068188179226,20.068614083184244,5.256486367273586
2021-04-30,8.41719802219482,41.66269832367839,9.476385368636825,20.015748295037437,5.221947886058349
2021-05-03,8.612928080881373,41.45079019494685,9.715678657385096,20.052774972433397,5.233210790744044
2021-05-04,8.551309439717938,40.67225907085913,9.63191450987986,19.77955639183219,5.200925300398782
2021-05-05,8.657523763431039,40.73334847746389,9.740701127999925,19.929981965863398,5.202552323827264
2021-05-06,8.683795939262174,40.672066337082185,9.790197201413978,20.023710731680428,5.244097787018575
2021-05-07,8.84245968744614,40.98987067848384,9.968793510759003,20.173715821117305,5.282264993703432
2021-05-10,8.778347932741433,39.89685503689489,9.874755257452478,19.92720215478332,5.229957563752755
2021-05-11,8.754829682438416,39.76133170190726,9.858065085678234,19.918276102331703,5.1832813811785075
2021-05-12,8.59423602910338,38.53252705157222,9.655427612212032,19.444172642259183,5.073161533214398
2021-05-13,8.640977333615105,38.685368057312886,9.708116098923814,19.460170908344594,5.134102148703956
2021-05-14,8.822051677398996,39.99318880475451,9.936411427033903,19.901141462041384,5.212937972242628
2021-05-17,8.887704223537353,39.76152278029719,10.024219059398916,19.8438254170018,5.199674595314304
2021-05-18,8.885379704540707,39.6674706764965,10.013457246779424,19.96864699671592,5.15487508526603
2021-05-19,8.893454866062294,39.432384645942136,10.017388309990217,20.01423692036346,5.141359599643194
2021-05-20,8.982451827306214,40.125155169873594,10.127937061310254,20.38070656289009,5.196671017420506
2021-05-21,8.944383294463623,40.66114655070863,10.064831547889646,20.436188107813525,5.192416324509392
2021-05-24,9.00207701954712,41.488360797939926,10.155823837266144,20.767579287356547,5.245348902035891
2021-05-25,9.011306342862266,41.411028480685246,10.16666887150761,20.770730786080293,5.233710498871865
2021-05-26,9.0578535661431,41.887426319127954,10.21050172587932,20.942267826284944,5.244097787018575
2021-05-27,9.11389211007316,41.86527012643051,10.292150310311515,20.937950597061608,5.2468513058820445
2021-05-28,9.11051779448112,42.08768406515863,10.295195262775405,21.077347406157806,5.256235488377585
2021-06-01,9.16994365848283,42.153300908006976,10.363690462775159,21.026120421353486,5.251606116853814
2021-06-02,9.193926890357853,41.96013737358406,10.39865419507843,21.036448725617866,5.2598650337128765
2021-06-03,9.154654699156199,41.876795020898854,10.332045386631304,20.960671486770444,5.240342802235282
2021-06-04,9.23534057673787,42.16861720351406,10.440694702623881,21.134847728232053,5.2882705097596805
2021-06-07,9.407480157348491,42.454875637472014,10.589725308028667,21.614739475413256,5.283141020175255
2021-06-08,9.385392691421321,42.54528144274895,10.567023099190763,21.568205921604086,5.284266285811732
2021-06-09,9.426085472018235,42.424535706304695,10.615053914185664,21.644332505594946,5.276382867431
2021-06-10,9.508065236587973,42.97814473704513,10.687682202299825,22.003310688130206,5.300909149045021
2021-06-11,9.426487661521668,43.35252764988517,10.639242229514581,21.916956943304548,5.309669003830412
2021-06-14,9.280582721257804,43.53849049993629,10.484134615227138,21.964780829967122,5.32155705609193
2021-06-15,9.28848910193161,43.119887550419776,10.489845844751637,21.731426629107908,5.311796555252387
2021-06-16,9.26982485183638,43.50968889041691,10.485086810403736,21.803311180073347,5.282139554255431
2021-06-17,9.106867907348189,44.05197995309285,10.270511476636397,21.861126657560902,5.280387501311785
2021-06-18,8.98227931789478,43.80676078523948,10.142617217048898,21.715079024761614,5.2091526524294265
2021-06-21,9.122742473063235,44.10972430752163,10.292542162354072,21.82699054840803,5.2837268141987614
2021-06-22,9.142679414807702,44.945025093199625,10.314268895465382,22.036975513772145,5.31197487603631
2021-06-23,9.108490602850962,45.3725754226605,10.300260034693661,22.073007491801665,5.305571725128555
2021-06-24,9.279686087068841,45.75621801885824,10.456350452654743,22.446238883356756,5.336958642695981
2021-06-25,9.254148896876385,46.07122178081323,10.425283246815999,22.38350098463569,5.355915576791898
2021-06-28,9.209416578443307,46.53116652446116,10.3969548061676,22.532728417891747,5.366712797775213
2021-06-29,9.19214735268312,46.70710150146428,10.374141817925281,22.50034790154754,5.369600364676252
2021-06-30,9.255729089639864,46.565540931246915,10.44706209887021,22.5575750766077,5.3741198741998115
2021-07-01,9.26180720517081,46.80002450942161,10.441737895559433,22.590535755960556,5.403873619346206
2021-07-02,9.264577453117369,46.94866316607711,10.443972318925207,22.68802137724927,5.445178861895267
2021-07-06,9.29773279551137,47.33810626466711,10.468637772127561,22.916630854940657,5.435260946846468
2021-07-07,9.272908786802628,47.18205963928365,10.427656327749965,22.820391301851114,5.454469169771224
2021-07-08,9.244650617884107,46.7468516740778,10.386897564981263,22.76029969713978,5.410026711223633
2021-07-09,9.29326006912491,47.36475942597524,10.464104878837945,22.876769082455237,5.467777229378739
2021-07-12,9.286853076466171,47.60119544372149,10.46049936361091,22.965243839129553,5.487362180580334
2021-07-13,9.259914902750392,47.22828369526551,10.420649836189344,22.86394588653775,5.468655305514744
2021-07-14,9.2492168571295,46.72338709631292,10.394126994370543,22.727401249373223,5.476816248425858
2021-07-15,9.192253408955247,46.173039208219976,10.341366321056961,22.49084125658493,5.4581106031587785
2021-07-16,9.126284816318268,45.57523356240028,10.234267931136285,22.336502829787474,5.415298857435198
2021-07-19,9.095454036648,45.553449589756646,10.165936431236714,22.42471880891358,5.335326290140624
2021-07-20,9.160140682117575,46.196099572552775,10.236917972111574,22.558730478551123,5.4117840932941546
2021-07-21,9.244630956456561,46.60667882149382,10.360366934135323,22.710484788658725,5.455598944668905
2021-07-22,9.242702766069943,46.908430603350766,10.354901410805953,22.84187807137117,5.467024182757897
2021-07-23,9.311073291761542,47.32411300841666,10.413525786408181,23.04375747728113,5.523267787805646
2021-07-26,9.309346737796126,47.25144690745214,10.419768595833327,22.971608341522938,5.536826726309162
2021-07-27,9.278115960824765,46.65503958765125,10.346410792495146,22.860247530530028,5.511593310551999
2021-07-28,9.341235787188284,47.055837240132895,10.427839125504281,22.99287717935255,5.509332530958128
2021-07-29,9.442825157700574,47.59555827984189,10.582971353952647,23.22192018631293,5.532182187270438
2021-07-30,9.389024111530698,47.484024294500706,10.52467227716446,23.10259575822147,5.5053151891594085
2021-08-02,9.377133431126548,47.92484479704955,10.495696041634455,23.217102688047934,5.493765741420926
2021-08-03,9.473813054904284,48.05832559021722,10.577401825191963,23.42098096531145,5.538459488797356
2021-08-04,9.468635809852099,48.53733751357429,10.540253019762842,23.626129719764418,5.511216992207997
2021-08-05,9.498198613235095,48.65740855557016,10.556586021588107,23.73692020535815,5.5461178540507925
2021-08-06,9.433313329271316,48.33557171071135,10.46564931727133,23.451932496095424,5.555282312545913
2021-08-09,9.407902931263743,48.534236251560465,10.38937006117478,23.49301159355277,5.550763212955189
2021-08-10,9.477263331370235,47.92440668050657,10.456058951110704,23.39694320385837,5.557668531587785
2021-08-11,9.464787053531351,47.55226108331456,10.453767618261807,23.241909510441808,5.571477939054465
2021-08-12,9.464106813525614,47.97396031380416,10.438191235324238,23.385822796432326,5.588175733287858
2021-08-13,9.474807629678546,47.8963992578947,10.462192424748974,23.427943313412133,5.5983457570311685
2021-08-16,9.522128165239218,47.33173442585045,10.482943020018073,23.33884816780227,5.611527557325008
2021-08-17,9.49979263163709,46.67656631903004,10.428235553065168,23.221959620062986,5.574742234232343
2021-08-18,9.421177885157197,46.659249394273225,10.341596517669668,23.14472107361322,5.513727420899359
2021-08-19,9.406990586819536,46.72591592390797,10.30263791452981,23.24119822339646,5.52226304242313
2021-08-20,9.483296772162173,47.57172641548183,10.390467128996693,23.51488865570554,5.566205382910064
2021-08-23,9.5484934039731,48.46014396476087,10.51437244528373,23.82477583594015,5.615168170846888
2021-08-24,9.524840586842043,49.16313012474065,10.525681443290482,23.965760191147844,5.624082160378844
2021-08-25,9.528203093599876,49.39738899905903,10.53108440827476,24.030998958104693,5.635882896946164
2021-08-26,9.500348511171836,49.25542331497009,10.503583537675807,23.98335065306509,5.602613977725889
2021-08-27,9.595572040753455,49.92464275523694,10.651755371463274,24.19018846707608,5.652705720694722
2021-08-30,9.643863672823366,50.32754431457254,10.698037327964531,24.35905582277764,5.677563228040718
2021-08-31,9.640837114340387,49.970004721687296,10.707588146608044,24.215348733760553,5.669153455897786
2021-09-01,9.673679653865987,49.66422492363534,10.761170215765336,24.04634186702122,5.672166052313989
2021-09-02,9.800334526839631,49.659335541150604,10.889462803258683,24.147751145180937,5.689616893168223
2021-09-03,9.892022732129032,49.886071683615285,11.027908999810947,24.28383755138587,5.688235829441704
2021-09-07,9.85796864368371,49.79573480600739,10.998306916572929,24.009150710901487,5.667897831619268
2021-09-08,9.745411548611747,48.836421787055805,10.839326660033713,23.755193685061137,5.660992922919509
2021-09-09,9.580690352427666,48.61142971047273,10.694821748585738,23.423196252705676,5.63676220288068
2021-09-10,9.635476707020896,48.119235656991506,10.733876666568385,23.231727690482778,5.592318514534578
2021-09-13,9.590919683300898,47.89959733618085,10.676091778765958,23.107384002793612,5.606630909591773
2021-09-14,9.538123138041826,48.04365525562477,10.630341327666805,23.05574673677462,5.576374996720538
2021-09-15,9.567762158203102,48.26787615284364,10.662860866279091,23.105232096827912,5.622951565615489
2021-09-16,9.467138456726564,48.60932222553601,10.539654675151336,23.102948788844735,5.6140383959492075
2021-09-17,9.327311300620583,48.16121954311041,10.379314075937867,22.962819918204318,5.5593513058820445
2021-09-20,9.241557025482114,47.09465708063023,10.275407079831117,22.73135855738884,5.46665442333928
2021-09-21,9.230692657558574,46.99077831210256,10.279795726052797,22.731853931682487,5.4614888596652325
2021-09-22,9.245003339836844,47.68653121102399,10.328966721705497,22.882153895024864,5.514767420505824
2021-09-23,9.272393271153602,48.32384473299211,10.353508414619917,23.016327681686988,5.58177053271592
2021-09-24,9.180583390395492,47.852687379033206,10.241159205803276,23.02860996798207,5.5909645063752755
2021-09-27,9.202900243281693,47.82487879993104,10.299604433428103,22.867324984219906,5.574970156889496
2021-09-28,9.077889777253311,46.60139589366067,10.155200537250616,22.358609715949626,5.462623143824116
2021-09-29,9.120581983231006,46.60827848098766,10.148314682786093,22.482093063566946,5.471818347281982
2021-09-30,9.216314889915315,46.22673909543069,10.25903882521711,22.58349963513309,5.404939854654213
2021-10-01,9.23775714089914,46.870631132388674,10.321501101027392,22.63028155600697,5.4691718208888656
2021-10-04,9.119753391396243,45.90837645713199,10.189156449038157,22.2460878363694,5.398642876351139
2021-10-05,9.167156866446657,46.59947664530857,10.223153844440354,22.48104070738971,5.4548147431524825
2021-10-06,9.136371483317872,46.9622001463353,10.196125676206007,22.522586252032415,5.4774848488823595
2021-10-07,9.25679380826964,47.74730305776076,10.318749430725722,22.79773453901832,5.524841519965369
2021-10-08,9.160233987181805,47.264473634837856,10.207827647262919,22.702142956676237,5.514767420505824
2021-10-11,9.159493071237307,46.845360920404644,10.202243089889683,22.706926799989354,5.4748411920191
2021-10-12,9.30237791392188,47.03329318535519,10.319215402766353,22.740852736855913,5.461363010284395
2021-10-13,9.450193639124317,47.80200511192625,10.480344464916737,23.134782482449893,5.4810119110085
2021-10-14,9.540643517809093,48.84080208530093,10.614950927361756,23.51526946996764,5.573206215893588
2021-10-15,9.519428375719833,49.10475046450045,10.601003768286331,23.508394220339046,5.615650661795572
2021-10-18,9.619980690720503,49.94055857679272,10.720896306319068,23.761237257189524,5.632276307849722
2021-10-19,9.729111120916132,50.18153324818167,10.859283793633834,23.92062795443529,5.675727548798405
2021-10-20,9.798442173572397,50.34267697200743,10.948093532996563,24.045377727655286,5.698020516318606
2021-10-21,9.768641621406752,51.124622454945836,10.912174146099531,24.20589726177235,5.712882631309687
2021-10-22,9.843035597630763,51.211057424687475,10.993148244419144,24.35895044789279,5.706963201149124
2021-10-25,9.93619122197437,52.09922138762815,11.100542049095157,24.762689805862493,5.73756796686431
2021-10-26,9.949779134461654,52.69822222984976,11.108431447804861,25.056561936490255,5.742731070941337
2021-10-27,9.906429279642188,52.59523777538133,11.05586797167365,25.079205340400012,5.717290229168853
2021-10-28,10.011650510946906,53.49395987422675,11.176725193747487,25.45588851908521,5.772455300923497
2021-10-29,9.958569754298882,54.1098507784925,11.102841316146845,25.62336166406835,5.784168721796622
2021-11-01,9.98873419073484,55.102809298409454,11.159036679582504,25.739773126803296,5.794119021539511
2021-11-02,9.995326307848211,55.95994530651298,11.124347001624969,26.246755743489743,5.817545863285759
2021-11-03,10.176876254786924,57.23416940849066,11.337376602073252,26.66135145081638,5.853062854181971
2021-11-04,10.345595501024041,58.90673651500775,11.547057800146726,27.465652910022165,5.880645595025711
2021-11-05,10.368112074958924,59.04617349107999,11.605097740640101,27.433405459356155,5.901049182102004
2021-11-08,10.387225741036413,58.966954031562445,11.661552403600071,27.396526401817404,5.906086846731032
2021-11-09,10.356331625312219,58.31642028241211,11.601282945076488,27.17010928449474,5.886565845051947
2021-11-10,10.294712783984133,57.691128743009635,11.523724796311022,27.052104122827192,5.8392087640361
2021-11-11,10.377438994229,57.8771901227763,11.65382885926006,27.13416235094933,5.841097734547172
2021-11-12,10.374914297615573,58.01733528202461,11.663869209406773,27.07251048982563,5.885179042265715
2021-11-15,10.344411083665593,57.00809232485699,11.626377819388347,26.685684423419378,5.887194682023297
2021-11-16,10.238453018358772,57.80730124413504,11.51426425717065,26.737862927809996,5.910495264455872
2021-11-17,10.265081886135295,58.22642693528811,11.539445029316497,26.879572876028153,5.896136137055305
2021-11-18,10.287803801038278,59.02202018300703,11.560175936259867,27.074257817838358,5.9161629958547595
2021-11-19,10.206512570343243,59.36406386719853,11.460994705712988,27.12087915353699,5.905582629342009
2021-11-22,10.090691298605027,58.70762908458815,11.306562694389909,26.773317425579812,5.888958623019205
2021-11-23,10.061046315331973,57.703129188753316,11.240352684008295,26.39972176240529,5.896767023690838
2021-11-24,10.101628865441691,58.30221031648794,11.293605207539745,26.60817462358001,5.9125100843477805
2021-11-26,9.96357422858971,56.87450014803895,11.103879754983726,26.281052802656436,5.7806437093346625
2021-11-29,9.971769551971224,57.827626257444855,11.14816481769305,26.378138597121833,5.8515522516790845
2021-11-30,9.763241550206082,57.16691692891371,10.911517765336908,25.976058224086028,5.737694636110819
2021-12-01,9.648140297522849,55.609905123895444,10.745226488503123,25.370713653120642,5.673964427668172
2021-12-02,9.667235340725705,56.54925278098789,10.805962004051715,25.51336155492736,5.76086895922972
2021-12-03,9.65631245377857,54.73533047301338,10.776164127289736,25.110375546069346,5.710740732238429
2021-12-06,9.708440837479936,54.70203959126345,10.829601437110147,25.09331802464171,5.7783755509497325
2021-12-07,9.849128212355303,57.02886679998036,11.04179074892272,25.672600636117046,5.8979000780512125
2021-12-08,9.825251699270792,57.399107643895945,11.01459604080122,25.681071634025916,5.9135176992601535
2021-12-09,9.740193179048212,56.08162667955435,10.883702922099285,25.316313843233054,5.873592290639102
2021-12-10,9.848826501909778,56.16007510624793,11.008659831423886,25.423702274172975,5.928884031640257
2021-12-13,9.860898634570296,54.881399253022316,10.99333062563664,25.27241119594966,5.876362616748872
2021-12-14,9.77565127197684,54.420901452518784,10.860684411111825,25.14329478150354,5.835933400671634
2021-12-15,10.096971488522675,56.4060002205088,11.174877433062356,26.151735744223817,5.927120090644348
2021-12-16,10.046816118988517,54.009620799814776,11.122678097378069,25.536253661688804,5.874851194380312
2021-12-17,9.907044810650763,54.133005504262165,11.006763384829604,25.380636398560142,5.8123257785444435
2021-12-20,9.859540912702732,53.27455161397475,10.949628587333411,25.195286508406888,5.75052143456816
2021-12-21,9.970201679742376,54.86691039021075,11.122005478781618,25.601627236536363,5.852643902822962
2021-12-22,10.011117646950808,55.56200477628201,11.167707272253534,25.864477447828655,5.911163864912372
2021-12-23,10.138333146463193,56.82751614985768,11.311905440431246,26.339567792311033,5.947943448945325
2021-12-27,10.253441294150358,57.85815381635505,11.4457281612401,26.711056284297324,6.032119467546437
2021-12-28,10.206397899239013,57.3979406777352,11.378892698944226,26.58152372576491,6.027190025186274
2021-12-29,10.224728583618171,57.52004505755562,11.385797917766023,26.60389706721257,6.034900451909959
2021-12-30,10.218601602051402,57.22824661213046,11.38265835709484,26.54457840573349,6.018217415258684
2021-12-31,10.243970963879962,56.80648176275724,11.413860107126585,26.499756831362536,6.003050310237171
2022-01-03,10.169895889767885,57.58096145142285,11.341608189566527,26.60126341887867,6.037806465788645
2022-01-04,10.154112789157134,56.222661680673035,11.36099036864125,26.070711761887953,6.035784677038515
2022-01-05,10.060227112790772,53.744060638885266,11.250012118786445,25.411882327819313,5.919885595943961
2022-01-06,9.934204777515644,54.28051008006876,11.076463185054344,25.451592123614883,5.914323627216917
2022-01-07,9.93111590010144,53.252347742778845,11.070627059618506,25.205891912895677,5.890941468149858
2022-01-10,9.971339853244757,53.77811269372962,11.132142188724773,25.49987871025186,5.8836110491657045
2022-01-11,10.050780848241239,54.650471081878166,11.235670226635506,25.75867341130285,5.937200749029278
2022-01-12,10.021301368350077,54.704540050813755,11.240181067003032,25.666111853312092,5.9532520791793475
2022-01-13,9.89657613975263,52.86493399580804,11.087553369300242,25.073293384416292,5.871224518574877
2022-01-14,9.792028973849883,52.682380304614,10.96078092761973,24.98891586712788,5.873626724997377
2022-01-18,9.678539680782636,51.4784498395275,10.833420072741813,24.651957183249262,5.769606677641935
2022-01-19,9.699025766217048,50.75212280907859,10.864307711668598,24.545078065631916,5.709697043236437
2022-01-20,9.585811205805992,50.00687635096211,10.749369755686335,24.21947852034651,5.646501797145556
2022-01-21,9.43443567334919,48.453542144551186,10.529944364990033,23.6956554064789,5.535658007792003
2022-01-24,9.458967533153825,48.80637194470062,10.551313980295008,23.804185569312235,5.559166426172736
2022-01-25,9.375541590482465,47.176923159356356,10.450499382592351,23.312929579963832,5.49129425634904
2022-01-26,9.296809109773935,47.255995518322905,10.366627160645264,23.283036971216486,5.4775180534421235
2022-01-27,9.105121045477524,45.916193553002394,10.082265302324059,22.697352076712743,5.450469455084479
2022-01-28,9.256624229725004,47.43093219849229,10.245046950949243,23.201830422200725,5.585834196925176
2022-01-31,9.41192170962837,50.00570130250466,10.445564223382108,24.0389113956628,5.6864411434830515
2022-02-01,9.521132595935343,50.49184187712855,10.58864572086845,24.174785651162153,5.724863738325113
2022-02-02,9.566551318222867,50.56733431911202,10.63264539217608,24.210910144606565,5.780475636871655
2022-02-03,9.411959039191444,49.286743772334106,10.432048420765677,23.746352179313465,5.644606267709098
2022-02-04,9.451333655056873,49.84536641301576,10.521634549519657,23.93671828519264,5.671149418879211
2022-02-07,9.484508034288405,49.783329842220134,10.586240097356153,24.007750157935785,5.652948400933991
2022-02-08,9.533194000715346,50.56772100879091,10.671644160751338,24.16770735055422,5.699459380575087
2022-02-09,9.738489653977533,52.027046410398924,10.972386994625882,24.67410642384847,5.782877023428481
2022-02-10,9.61738242669481,51.19689481606738,10.83754244118244,24.345442943710047,5.6789848751180605
2022-02-11,9.473358028404734,49.259567769129845,10.64401407050348,23.644902121851615,5.567001472478749
2022-02-14,9.468024483257912,49.28562081705555,10.634662887119086,23.735327308637082,5.548802094264875
2022-02-15,9.621106639332984,51.63982155510973,10.804113560375106,24.552704866828762,5.638285923234338
2022-02-16,9.631878921025336,51.93853733165997,10.814207455801293,24.60160837188679,5.644606267709098
2022-02-17,9.583538483011084,49.16026088843441,10.708973100171546,24.061461702696093,5.524028213217546
2022-02-18,9.520088648564426,48.54223157235475,10.626973276841749,23.8148523586414,5.48826075335817
2022-02-22,9.476575167020457,47.80553218153899,10.588306234060777,23.54246904167245,5.429363243126246
2022-02-23,9.055716748619012,46.745721554745344,9.971278970730474,23.222605267143066,5.333052802628817
2022-02-24,9.215194359821366,47.322286604086145,10.173700751419092,23.636771328808663,5.413311503043341
2022-02-25,9.352655262454336,50.3697770319992,10.32864719475412,24.63116605521552,5.532750764114808
2022-02-28,9.423833159165914,50.185170455126126,10.433023644011879,24.656454936399605,5.518593733602686
2022-03-01,9.426858302335079,48.345380443413504,10.43568577627907,24.51043758335784,5.434544794180921
2022-03-02,9.436057433628052,49.70069302935383,10.44040787376367,24.89650479115206,5.534520034237591
2022-03-03,9.441664858971953,48.910089844363874,10.399313592367676,24.869063363776178,5.506967218490923
2022-03-04,9.451648773659658,47.08584379489681,10.376662622486444,24.592488462644152,5.462224689106937
2022-03-07,9.399558496167552,45.34073767407213,10.266112223432218,24.24993612570965,5.3012030708888656
2022-03-08,9.508418427932876,45.37796878506894,10.436583628569155,24.247591950101732,5.261009976125512
2022-03-09,9.64546981413285,46.76157200655016,10.633215474585842,24.485336740188917,5.402062126141254
2022-03-10,9.781243368403256,46.153823459360254,10.788783824352441,24.498550964369898,5.3776694826319655
2022-03-11,9.760959628807202,45.75801617311837,10.779672756043661,24.35265193023667,5.309291455687901
2022-03-14,9.61780061595253,45.347791092855104,10.552740068477807,24.098458274013332,5.270489672971981
2022-03-15,9.717910351984893,46.85807846365025,10.708678669819136,24.727973839469627,5.386389573932208
2022-03-16,9.739785467078192,48.502913411221364,10.751212574908072,25.098502056762687,5.505828835003673
2022-03-17,10.053085050788741,49.06593454746837,11.131460194044209,25.57907263468354,5.574711489269598
2022-03-18,10.09154922155376,49.98155840797557,11.165488693843146,25.96641166667633,5.635770165416098
2022-03-21,10.149827215798869,49.446941000711085,11.22917856183136,25.88164340226401,5.634122645345787
2022-03-22,10.141129434179202,50.31451111816605,11.239375666619353,25.984528194052704,5.700050093792633
2022-03-23,10.080202269748632,50.19955453509594,11.17316495772283,25.921542787784997,5.626642190943436
2022-03-24,10.168582471826136,51.38451876795686,11.316171318630465,26.43036335968023,5.711460984232343
2022-03-25,10.170280024774376,51.88891839682298,11.305689938686431,26.632386706053037,5.739352814434882
2022-03-28,10.18866325438216,51.94979369179871,11.30395879196062,26.547692727518925,5.780177205766607
2022-03-29,10.17892840196213,52.16324495313816,11.296049511913802,26.459292177120123,5.851681380522615
2022-03-30,10.272245155694385,52.028387119829404,11.388463998160775,26.628660336077736,5.815548670505824
2022-03-31,10.328581753985826,51.72882010672271,11.45714695396001,26.605297767746745,5.726040655499003
2022-04-01,10.402786257163031,51.96242577870789,11.501662454134717,26.762189580359625,5.742269076634485
2022-04-04,10.378794247776282,52.802888747957056,11.481107406074974,26.892302505606697,5.791459787228461
2022-04-05,10.289332294729522,51.85193241129402,11.358710393803273,26.753328534541097,5.718306862603631
2022-04-06,10.383613585992034,51.146446352162734,11.402921443600047,26.88756714668913,5.661126970957078
2022-04-07,10.547715853138309,51.3835155550141,11.585386339626243,27.094144151496284,5.689653377190681
2022-04-08,10.559457222735185,51.45088907673797,11.568223006755932,27.285922893627745,5.674439949758631
2022-04-11,10.459928393838787,50.50934452827479,11.473853158281528,26.99461606539977,5.577451070416624
2022-04-12,10.454467974660428,50.80776615320677,11.502244998285137,27.087506941212656,5.556785126324903
2022-04-13,10.59172099674545,51.57037439309245,11.680423510346928,27.30747562439987,5.620429658804702
2022-04-14,10.461831747661943,50.80273052717124,11.49908178468442,27.121198184128602,5.550446334872494
2022-04-18,10.396476032023333,50.94136465496882,11.4731356666403,27.09837161517697,5.552728021041032
2022-04-19,10.451171211701599,51.42943092660238,11.53656412313413,27.138418899488997,5.642363935092875
2022-04-20,10.49282024794209,51.25782807282137,11.578249608409305,27.160380752501826,5.63817934069682
2022-04-21,10.239021916738288,50.49407274149721,11.27896226651,26.743456568084145,5.553869683990975
2022-04-22,9.990525266300232,49.44610783236432,11.017201081595077,26.163884730026812,5.401475922184909
2022-04-25,9.987900868477912,49.20774919098237,10.991582012846365,26.076003432172943,5.432790691573093
2022-04-26,9.83483733223894,47.65653364935754,10.78700097082392,25.876208703242284,5.275452319891909
2022-04-27,9.930187899101849,47.75119140105029,10.905630253796463,25.894996751193617,5.2902861495172635
2022-04-28,10.070816694093978,48.831173970022824,11.03216364535849,26.467994727339857,5.423916465526288
2022-04-29,9.92595874016945,47.4995927023437,10.853048160484107,25.96157730319289,5.223472016344843
2022-05-02,9.85583185435222,48.08966496863085,10.808877189011103,25.878866748981526,5.254913454979536
2022-05-03,9.89625757169671,48.36187122584483,10.86409906031502,25.988040710592205,5.279003568055409
2022-05-04,10.082266835107534,49.6628665252009,11.06145208515632,26.404533593282725,5.439763649123727
2022-05-05,9.852417364742136,46.7410005109096,10.768690692898545,25.419474394565015,5.246419236672264
2022-05-06,9.79305838934881,45.25746871246698,10.684749709110562,25.057628816301648,5.215103647418407
2022-05-09,9.459485740493092,42.428086494469106,10.246488332776396,24.12930285528066,5.048130624278518
2022-05-10,9.336082379073227,41.90888983492079,10.106562344970396,23.823523569563534,5.059794853211249
2022-05-11,9.291254945821924,39.81520920944435,10.047220407556056,22.964970957014625,4.979413582878582
2022-05-12,9.302569343344386,41.16196049853736,10.03820834105851,23.557303164427204,4.9742148146447684
2022-05-13,9.475649529573147,43.10424890180116,10.313440594486297,24.241036492219152,5.093138380207787
2022-05-16,9.523086429456427,42.58940759458525,10.350548372843342,24.29019370966285,5.072471616250393
2022-05-17,9.479517989447787,44.21365668814248,10.431812338598908,24.38801782854032,5.176815920479589
2022-05-18,9.179625308921915,41.76386612542638,10.082617746184228,23.310808366712696,4.968130591483892
2022-05-19,9.081882977997509,41.580882448482406,9.994905264091049,23.106514359575154,4.937702096888446
2022-05-20,9.172910145414406,41.308675152917885,10.041994956391568,23.2772349352836,4.939857113810473
2022-05-23,9.253504541661869,41.604264004449114,10.095794405514356,23.429626776647808,5.032282620815406
2022-05-24,9.250901427073238,39.473853066251785,10.06095597237261,22.995596074178764,4.993867404764403
2022-05-25,9.25254123018719,41.13622732228464,10.072552866159317,23.487790766317865,5.037987246169587
2022-05-26,9.457414399444309,42.36282928543882,10.318870221950343,23.861680770099376,5.138652813123098
2022-05-27,9.702043149685055,44.64196895310748,10.612295873701013,24.78325312384805,5.264803494595445
2022-05-31,9.537792033172806,43.62033483260511,10.416626202075042,24.1908637401364,5.235262094658411
2022-06-01,9.394468175890685,42.09785676687452,10.265475243640854,23.54180376085019,5.1929172624357225
2022-06-02,9.525038772022084,43.52308261869854,10.443886631105645,24.13346597805023,5.291807820206738
2022-06-03,9.41422391130883,41.733046786554915,10.312493273337461,23.473411812279274,5.204961089175149
2022-06-06,9.425098858893678,41.42691238263483,10.336083003962814,23.298718034469843,5.220809092638262
2022-06-07,9.624371638297413,41.86663646166098,10.579564931825997,23.50523370849064,5.270888537621996
2022-06-08,9.572829345709783,41.01962805433527,10.505438966787523,23.16923804406222,5.21358238666177
2022-06-09,9.36694956550121,39.506215796243445,10.265681615678496,22.42110086374299,5.089588361842796
2022-06-10,9.27123732430367,38.037749966250665,10.13430350915024,21.96638204730569,4.9420129505981745
2022-06-13,8.917526321136641,36.247504657756146,9.705391697164666,21.18710297483538,4.754373573433729
2022-06-14,8.843533197297877,36.53395502182718,9.616334671871694,21.158343858783518,4.740046420794417
2022-06-15,8.928973779491995,37.89182336305351,9.741725524319909,21.59828969056058,4.807622619110085
2022-06-16,8.782859131730422,36.07485516662771,9.53885125345327,20.952404502315183,4.6485092382464055
2022-06-17,8.739175196561439,36.91934157274747,9.489171593074728,21.26692474225596,4.658530456370029
2022-06-21,8.907476900162434,37.31994028115364,9.678917687056733,21.50918424393378,4.775801992601532
2022-06-22,8.886916299703813,37.20206395699865,9.618524823247904,21.564648982940536,4.767144211092455
2022-06-23,8.969564211897199,37.686174040272896,9.68361317358204,21.959100886736014,4.81387491473397
2022-06-24,9.221172143233204,39.67253501743714,9.989400477435897,22.819443879104647,4.966925388944276
2022-06-27,9.22106742565834,39.31172694425375,9.98504076761119,22.69340871725336,4.947952877400567
2022-06-28,9.055840444523373,37.95754013081473,9.793276986952081,21.9866754494234,4.846852781640256
2022-06-29,8.950402054385227,37.08050369395675,9.631200013615377,21.655486492016042,4.842905538356596
2022-06-30,8.813417663925398,36.423832144769364,9.428394962838908,21.371317489319665,4.8035601846993385
2022-07-01,8.84326378618249,36.62202225322419,9.431647565297045,21.492202721382213,4.854364800871025
2022-07-05,8.818966271648037,37.762882007528006,9.394789298640122,21.991307960787264,4.863532538828839
2022-07-06,8.825887812386597,37.76089893498189,9.414360075896886,21.951470756583575,4.879958957524399
2022-07-07,8.97002335121138,38.67983835323993,9.626464583040294,22.213945054278962,4.953046292895372
2022-07-08,8.974847790367372,38.3763170856163,9.62216056210383,22.092354661228494,4.948972790298037
2022-07-11,8.875503772951472,37.50826195346575,9.481580155890127,21.75655654897958,4.8924369031377895
2022-07-12,8.793535726841384,37.618878735612675,9.40053968665512,21.73851956686303,4.849143896264036
2022-07-13,8.782869256679671,37.05996468063073,9.386030939372095,21.50524455750515,4.823677228722846
2022-07-14,8.830418890371453,36.751869420723565,9.395626035757509,21.470256551959753,4.811964627715395
2022-07-15,8.96351652107952,37.68005606671662,9.57937527322013,21.908715365825763,4.903897805383566
2022-07-18,8.904552409686888,37.7531326210901,9.540327973119275,21.851391352184645,4.863405869582327
2022-07-19,9.098026572942686,39.10627841790456,9.783943213862761,22.373178996877193,4.994811480087103
2022-07-20,9.160065128257685,40.43307415083657,9.8835679772597,22.940872237250126,5.026643994647917
2022-07-21,9.23952755625014,40.66095740380552,9.956698064924348,23.137461931075734,5.077831488088992
2022-07-22,9.23990468082552,40.129698203247905,9.938001343303684,23.013705125938902,5.030719546909435
2022-07-25,9.243407896599063,40.43458031762894,9.929041929449005,23.145308392771003,5.036831235570364
2022-07-26,9.087938105195573,39.665935898849,9.810164756153654,22.650832628222762,4.977239299113233
2022-07-27,9.290286879420956,40.93167674741719,10.062650290870787,23.24058834074104,5.106480464240739
2022-07-28,9.486318837718041,41.96283792997384,10.33238169061773,23.655054870720523,5.1705279606989185
2022-07-29,9.594562151204837,42.7197517436892,10.465846693109297,24.275907854476593,5.245908870290692
2022-08-01,9.539805737577385,42.94235935232915,10.413626972992084,24.328746478514464,5.230373645581907
2022-08-02,9.559606958227045,43.36962543959964,10.4314982143246,24.54099866808756,5.195867549060762
2022-08-03,9.499471409662178,43.798760789949235,10.392715396449347,24.518697893813272,5.277231838335608
2022-08-04,9.575507999717088,43.399480597708056,10.51969814378639,24.26370813820173,5.273665832589989
2022-08-05,9.541319518030356,45.543509687899004,10.485835766302849,25.085703778257365,5.264752662923707
2022-08-08,9.603679447673148,45.63828838708589,10.577931937840543,25.19453031708967,5.258640974262777
2022-08-09,9.483165256064524,45.04717142704535,10.412755385677562,24.988307025308234,5.237759405499003
2022-08-10,9.638043945055562,47.01877532525541,10.616759769474047,25.64651475184064,5.347773080858432
2022-08-11,9.591767214808794,47.81362280104811,10.543343788628329,25.808725217204167,5.347773080858432
2022-08-12,9.790759988829706,48.67991153262171,10.770274503374598,26.323963866225522,5.4383055180239275
2022-08-15,9.763726243002145,48.67237756069658,10.716166023897914,26.363809782067175,5.460715726335397
2022-08-16,9.839513229867583,49.149854726228575,10.771091373502436,26.70868741192453,5.471411283975233
2022-08-17,9.755135172996653,48.28498968690298,10.63505474196685,26.388424899918345,5.432575066901038
2022-08-18,9.767573867432782,48.18649047431907,10.660015698198851,26.315297193371194,5.448364449968517
2022-08-19,9.568854294305513,46.68032919851161,10.394138646702087,25.763890751750075,5.375149625485361
2022-08-22,9.457183513744127,44.89954179323555,10.261092257700962,25.0316020016047,5.26322525317452
2022-08-23,9.464689746034585,44.89439696983467,10.299683911458112,24.961054208997762,5.250491919403925
2022-08-24,9.681158430632664,45.42116772328954,10.56084984377241,25.170581877784397,5.267299575637527
2022-08-25,9.811631693807561,46.587835574309345,10.724695091129096,25.699461614721113,5.341660982264666
2022-08-26,9.523294212945448,45.18685142845347,10.390280859128755,24.988384665792484,5.160850266292371
2022-08-29,9.617026424758606,44.76931858521937,10.489787929678828,24.782988489931036,5.126726637107776
2022-08-30,9.567806318319182,44.53452452070452,10.413716775463037,24.59277899030876,5.070445318239059
2022-08-31,9.453903397203874,43.997287332295734,10.269518257371187,24.438649841796188,5.031865309187743
2022-09-01,9.45847683566224,43.37776719015693,10.243173255705472,24.400673516094095,5.047653872389548
2022-09-02,9.40909935946253,42.710636977766285,10.22092340605936,24.128851014859062,4.994429012750551
2022-09-06,9.407114010783083,42.527711337725826,10.216443000997838,24.045229867961623,4.975584810184699
2022-09-07,9.610926657466036,43.61643362098364,10.445890594173855,24.600019305127216,5.0649710751390495
2022-09-08,9.742322617661756,44.54923522054231,10.607469344011564,24.88910172565217,5.098076841090356
2022-09-09,9.919480586024072,46.868654138065885,10.83476777745491,25.4546047301249,5.177277504853604
2022-09-12,9.97823575145499,48.85569516580351,10.967776791978833,26.165555077905424,5.232920558295729
2022-09-13,9.708379216880695,45.47792233959054,10.655488362091678,24.914706704411728,5.005380368480428
2022-09-14,9.79531664944454,45.64587915384589,10.763636023616534,25.029978979014754,5.024479549270647
2022-09-15,9.63524171655915,45.930073155183905,10.58192319124288,25.193352415918863,4.967434935460174
2022-09-16,9.52238090185188,43.474823103924365,10.467856564792164,24.56437945473268,4.929538694380312
2022-09-19,9.543913493554225,43.79430556631156,10.494050101335189,24.659854301577425,4.9677669810578235
2022-09-20,9.458435017257017,42.47071554213283,10.390053437755498,24.165966277150137,4.910743683754854
2022-09-21,9.350977807989294,41.8123803893533,10.2808295132016,24.00330248497673,4.825082888419561
2022-09-22,9.318647332970952,39.727482148029964,10.223441569490271,23.59518240769294,4.784552828864519
2022-09-23,9.018832050214224,39.142578211914135,9.850813428497702,23.229387326688393,4.70438882293525
2022-09-26,8.942258307235516,38.37205559816189,9.743643680653832,22.85009994707181,4.657849557928429
2022-09-27,9.012974252936747,38.847729200181696,9.808400671472,23.04640971937399,4.645959456002728
2022-09-28,9.343499346156879,40.437750931066184,10.153847429213169,23.971888377746563,4.737374888498269
2022-09-29,9.185323525298598,38.51718481297937,9.947584881677765,23.325548727469602,4.6384150520778675
2022-09-30,9.09462527937977,38.20603726836481,9.884245245633299,23.09800493598096,4.566689103657257
2022-10-03,9.42377840671233,39.46720274681861,10.369119681556162,23.62237204517316,4.687255680029384
2022-10-04,9.67847388800843,41.60480880385903,10.684333879984523,24.51844775584855,4.832498163500892
2022-10-05,9.65455826813894,40.97115315206058,10.641914584230081,24.2639958963417,4.821247146867457
2022-10-06,9.575829847873925,41.02969110881951,10.555170744456104,24.274558523199037,4.771511635533635
2022-10-07,9.337467593989416,39.141567508157515,10.265537584450767,23.601908616060705,4.6384150520778675
2022-10-10,9.21057962551674,38.1164346881142,10.085639373508469,23.32694400242194,4.603000544390808
2022-10-11,9.280575075029239,37.4668724022407,10.119510384411416,23.478082582217816,4.573849400514219
2022-10-12,9.038124775798956,37.902575271114955,9.829994638692009,23.50077564167493,4.558762642328681
2022-10-13,9.110033048338584,38.0941609605898,9.89798753447366,23.72541735192064,4.67907301067793
2022-10-14,8.889106826520065,36.13935015454034,9.598844250604209,22.93194178231437,4.572442511018995
2022-10-17,9.088243860204686,37.62028195619428,9.875989206195197,23.456738184587834,4.68994074010914
2022-10-18,9.223835199987354,38.38806638988631,10.019431702148195,23.7499059557396,4.745046371602476
2022-10-19,9.124765830877255,36.59533240067295,9.917050459546054,23.00297736647748,4.711419990948683
2022-10-20,9.253786248133748,36.46408182755446,10.080164383374848,22.897001792490716,4.671914353552315
2022-10-21,9.54385988442757,36.95133053273502,10.40951433886598,23.407979202284835,4.785448122179662
2022-10-24,9.698189836918173,36.794658213722386,10.570230573203593,23.462157780780124,4.844004568291531
2022-10-25,9.811206193584196,38.95584901326825,10.701452649143233,24.256943257241534,4.921356434961695
2022-10-26,9.953248038356177,38.61287134090561,10.845107427901596,24.33770120903024,4.884278829756533
2022-10-27,9.895421604565975,38.42218103705587,10.769021711256368,24.26214636579907,4.8581968530276
2022-10-28,9.973688944017722,38.86513011269671,10.856007056126872,24.514294911963084,4.973776186509602
2022-10-31,9.879255792215634,38.0170950105284,10.747519693738724,24.375477958819662,4.937849672709624
2022-11-01,9.885416013256577,39.02127176575662,10.797904274273339,24.69979441976676,4.916242932757896
2022-11-02,9.756603300027104,37.02605648127308,10.637698280022502,24.036339458411373,4.792863397260993
2022-11-03,9.733344194893828,37.32485979337789,10.580585424887447,24.29850743715756,4.743511583062231
2022-11-04,9.841676061263458,35.43649000006599,10.79363244482207,23.517114920943925,4.811785077132963
2022-11-07,10.025268935360467,34.339926231299245,11.002247942608587,23.074555448308253,4.857812745959702
2022-11-08,10.140614578340303,33.98453036603586,11.158853014214838,22.815017137536334,4.884023031666492
2022-11-09,9.995588472587045,32.554651822668546,10.98212366391036,22.28295117405785,4.783401737459334
2022-11-10,10.286542572869006,36.971984154271624,11.339255419324335,24.009026349071437,5.046269939133173
2022-11-11,10.259620849108549,39.69663409226983,11.352939297482994,24.93497162042108,5.095110567084689
2022-11-14,10.184099800860933,37.20159971496836,11.295070088325435,23.935245434283228,5.05176754840487
2022-11-15,10.279750064612204,37.83535149554952,11.369991311502277,24.24857308218254,5.094853949128974
2022-11-16,10.164037864649716,35.94217829310827,11.214244869228862,23.658031171910725,5.055987806957708
2022-11-17,10.175277660244777,35.27969246573223,11.18639576237515,23.535521642872368,5.040516941704271
2022-11-18,10.1986864574068,34.84498185300028,11.211458586260287,23.430313009582587,5.063402672106203
2022-11-21,10.17779528618215,33.553770777505825,11.177094232651484,23.00284239207565,5.044991768548641
2022-11-22,10.224759214909653,33.78512598905577,11.263881757650932,23.07816732004189,5.112881975417148
2022-11-23,10.279379678616998,35.284871558790826,11.342187274079523,23.71760997368156,5.145101466575716
2022-11-25,10.300714117746502,35.00651015898108,11.35205471603191,23.71549881515412,5.143950785103369
2022-11-28,10.148647759968222,34.12409718658537,11.134113003480895,23.354595532296806,5.061869113364467
2022-11-29,10.17186652970705,33.960916684349364,11.183308994161816,23.34366390846034,5.053173618034421
2022-11-30,10.382193890367015,34.772967530329524,11.475195977491015,23.803686341992403,5.212351768286284
2022-12-01,10.48566180445174,35.35766487892398,11.618471863126349,24.220641445738707,5.208517666465526
2022-12-02,10.553845663434872,35.10978760620415,11.69820072468593,24.197796734410964,5.202507231215238
2022-12-05,10.33562267263161,33.78959386904736,11.411526842344639,23.490105378504477,5.108918334820023
2022-12-06,10.212673163737199,32.735980848911026,11.256611346210507,22.888787331926423,5.035275540455452
2022-12-07,10.198016836495372,30.483808936561058,11.246127237378465,21.74028671420466,5.026707944170427
2022-12-08,10.310101268554169,32.354545707303764,11.403994126563747,22.773133636832366,5.0660873222531215
2022-12-09,10.169452152850553,32.41309115448836,11.313343229364412,22.64082917393862,5.028242732710673
2022-12-12,10.260979819519125,32.43174946237448,11.411857690496644,22.61242679344338,5.100734845602896
2022-12-13,10.327524004627518,32.23735885738389,11.526347535770759,22.490240225945666,5.139348059213979
2022-12-14,10.325361539419399,32.50433843665389,11.530993221045234,22.648275308115196,5.106489072830308
2022-12-15,10.114303913745086,32.162179199288886,11.26175469502876,22.397994562087607,4.9815755686588306
2022-12-16,10.07776513881843,31.331097348277556,11.22598794247096,21.97258168121072,4.922763324456921
2022-12-19,9.994234516037107,30.7904552204319,11.122621339870628,21.702081445029442,4.881019043839858
2022-12-20,10.101198739129881,30.331000676272563,11.273575879494057,21.529420617711352,4.88769889941232
2022-12-21,10.242582412773471,30.93394788600865,11.433348629932118,21.885021192279247,4.960781315589254
2022-12-22,10.10060306582166,30.225934794757173,11.26584853293959,21.445121690490176,4.89000928087942
2022-12-23,10.157672251312126,30.279601769308194,11.341898481401056,21.444566757479866,4.918138872127191
2022-12-27,10.162585552713033,29.74089272791899,11.365828095947933,21.111283833812404,4.898744949627453
2022-12-28,10.058038074207122,29.720795787969557,11.228600492315662,21.09816932598974,4.837862954533529
2022-12-29,10.258641791862585,31.012028776835297,11.481520200814591,21.824465450955568,4.924946216811837
2022-12-30,10.263280265314252,31.069089676362697,11.483665655451624,21.939405454377226,4.911974302130338
2023-01-03,10.274727245771098,30.176284306548986,11.49353886703053,21.643373940964132,4.891294420322175
2023-01-04,10.290676353598046,30.64627904894306,11.492364174817375,21.920498958907693,4.929057023297303
2023-01-05,10.238228634041244,29.962483995507956,11.432205241359107,21.557006608508335,4.872799070600273
2023-01-06,10.553650774443827,30.604606408495247,11.840134634415211,21.859463037257033,4.984541842664498
2023-01-09,10.536782744913182,31.12911687165343,11.8403603245475,21.95648647978825,4.981716585554623
2023-01-10,10.53216695041753,31.12576225949523,11.831527541867155,21.967289291737035,5.016653111554203
2023-01-11,10.615873347293203,32.25101605771896,11.901821168227677,22.65343555600683,5.080102925936615
2023-01-12,10.67975312226531,34.15185927602734,12.00219638644128,23.75154352565878,5.0985986855913525
2023-01-13,10.722758707381837,33.4440968341578,12.04691334427206,23.50183419105297,5.118377944957498
2023-01-17,10.66527705480765,33.914455029212725,11.982466429234352,23.70182762674367,5.1090023710515275
2023-01-18,10.472225012112647,33.330577848762076,11.753231340558706,23.351714151515516,5.028341526524295
2023-01-19,10.419333192833856,32.81179627280104,11.712804901240707,23.001013795205786,4.991735754014062
2023-01-20,10.543023679257974,33.52656814603856,11.877710089452096,23.25505328357845,5.084726968333508
2023-01-23,10.69946906213388,34.63624740563412,12.046851416372032,23.779307912935423,5.145736452539616
2023-01-24,10.720699409895479,34.39829294326195,12.077768503439502,23.66531109341784,5.140213837364887
2023-01-25,10.664199330062905,34.286598154811784,12.032343375311237,23.628502863309016,5.142140521696925
2023-01-26,10.613253895957143,34.972112301017674,11.994366674532312,23.941302547904073,5.198654682416834
2023-01-27,10.63862299988354,36.483037871003205,12.012757348242294,24.68314721291089,5.210598895476965
2023-01-30,10.55458992569559,37.308826164562554,11.9290704684819,25.10802193941173,5.145222806695351
2023-01-31,10.653559385306568,38.121529502960385,12.036595978156615,25.540514765429442,5.220874681892118
2023-02-01,10.76344432806809,40.17964179765153,12.171251640510008,26.545482011887607,5.276361960856333
2023-02-02,10.69942059017824,40.58475955127572,12.122480375554055,26.532305037106045,5.353169436719488
2023-02-03,10.539031271234913,40.10225708633389,11.894264995136792,26.359494535758827,5.296269529200336
2023-02-06,10.458572323022638,39.8177730475324,11.798494817610257,26.19094702149162,5.2639020522877535
2023-02-07,10.64040809720488,40.01559050565977,12.004839697735767,26.290757860240063,5.3327469927327105
2023-02-08,10.656214574759163,40.02796141782781,12.015231314413246,26.441658172345143,5.2744348665914575
2023-02-09,10.705918710665193,39.52142738367571,12.073141361309041,26.124688223094385,5.228709318265295
2023-02-10,10.643089559909741,39.10010294961631,12.00739832826448,25.82948951592684,5.240911379079652
2023-02-13,10.770158676591771,39.35027017899628,12.129238639840466,26.076440737426946,5.302434509130024
2023-02-14,10.815211533629084,39.544451100501774,12.184148103568265,26.13045112621747,5.299993769020884
2023-02-15,10.806724498872109,40.811263766845045,12.184598818990414,26.501620269308212,5.3172047991657045
2023-02-16,10.689359395843683,39.10829485416964,12.060542966799455,25.59642350455374,5.243994483943751
2023-02-17,10.714820668942536,39.5287064017881,12.078739370525076,25.851688891439984,5.230892620553049
2023-02-21,10.526862499549955,38.152057916215846,11.8610590837947,25.359100972183878,5.125956783240634
2023-02-22,10.506237405657908,38.1281840505728,11.830102891884508,25.303154469991906,5.118892410667436
2023-02-23,10.557564412590839,38.24281328749625,11.87739348653536,25.25270702032518,5.146121789406023
2023-02-24,10.43658865929782,36.932148631009454,11.734795261395245,24.469787586261518,5.091148976151747
2023-02-27,10.430574890380646,37.73893025686471,11.73896801974397,24.830837020657334,5.108489135140099
2023-02-28,10.477255336436537,37.94543595360263,11.799554446342624,25.0648732322693,5.0896072187532795
2023-03-01,10.489985358560373,37.64955905310345,11.822979115538535,24.931794199661674,5.070084167410012
2023-03-02,10.464079809402037,37.71821440907998,11.791056292778231,24.976146922344704,5.1095156069629555
2023-03-03,10.649684773169435,38.60629902906787,12.028166503525505,25.44087261939193,5.191461590932942
2023-03-06,10.583585410466195,38.907290044745764,11.937927033079555,25.32877987445916,5.195058341641305
2023-03-07,10.36258873395344,38.59619799001263,11.654207384331222,24.864271032754658,5.11542396893693
2023-03-08,10.347697220784388,38.46025781673509,11.639864541938255,24.81619315277092,5.123773480952881
2023-03-09,10.330950522971094,37.5529799429162,11.616541199321253,24.476036425310514,5.029240919167804
2023-03-10,10.185585656792137,36.13914759907181,11.460975499485514,24.04032545625542,4.956671328969462
2023-03-13,10.286540760498855,36.157339386428035,11.618828041479246,24.29382152578917,4.949606546463428
2023-03-14,10.354634513493028,36.3933876897513,11.711626688733139,24.319845888308986,5.031424221455557
2023-03-15,10.278262701263767,35.80571717045141,11.582923265433822,24.232139776640274,4.999955727253647
2023-03-16,10.31622337156798,36.67080456210529,11.633625666139064,24.474660242978448,5.0876813542869135
2023-03-17,10.358276698835724,36.23123450895549,11.694523041488871,24.457038513869858,5.028192720904608
2023-03-20,10.449769922957122,35.92325196606656,11.799121418206129,24.45205019078468,5.076541429452198
2023-03-21,10.45562303152326,37.41735671665173,11.829717564906472,24.834597534877716,5.143199378213874
2023-03-22,10.376515059962522,36.882637175819205,11.745360306022988,24.782610127968862,5.055525402718019
2023-03-23,10.447987288728374,36.39056153689581,11.82311765013731,24.783166392630804,5.069192563490398
2023-03-24,10.43517543679235,36.510218265129375,11.802502617282267,24.84093576715997,5.10245574365096
2023-03-27,10.441811485255892,36.46048116449168,11.811111405631392,24.735085531889887,5.111997750288593
2023-03-28,10.51157497475467,36.27582845925415,11.899112614933546,24.745858260888873,5.100522500393535
2023-03-29,10.58581725807575,37.23233268594037,12.00063328664051,25.101270697459512,5.174658853893378
2023-03-30,10.702167222078636,38.078029870970255,12.150280405947665,25.57131866219796,5.20495739977962
2023-03-31,10.798610472235625,39.31454521799067,12.27086734623556,26.08606266901951,5.278318980218281
2023-04-03,10.839817331175082,39.22905371329884,12.28810349807281,26.099116688552403,5.298432744779095
2023-04-04,10.761632633836797,38.79943649362694,12.217666223532857,26.015915638245428,5.269036461066219
2023-04-05,10.79436487335062,38.209610997018444,12.219990593603129,25.890335056993997,5.25524017145031
2023-04-06,10.772940858950365,38.2873180057278,12.176302484728506,25.997640788983475,5.275740092743205
2023-04-10,10.75814206835514,38.72374863793302,12.173080988668207,26.09391365427236,5.281154895581907
2023-04-11,10.751162828125276,39.11630634725898,12.175187643461543,26.33098638458436,5.282574083062231
2023-04-12,10.741743205756526,38.82339728483455,12.159005310651231,26.190207796471565,5.261041950886767
2023-04-13,10.907427002288506,39.137190837888014,12.36508514030561,26.42025305847629,5.330922381676986
2023-04-14,10.81844893261846,38.76758425624151,12.260965876802242,26.0839541332799,5.317900455189422
2023-04-17,10.824324326937427,38.66882607463273,12.260558634797055,26.030580741540366,5.336983238666177
2023-04-18,10.817721084315338,38.31892076521276,12.258363872667758,25.87490911719792,5.340463978381782
2023-04-19,10.808500760608554,37.86000773806677,12.254123590113474,25.72217852425814,5.339562126141253
2023-04-20,10.83566889128633,36.764427985641795,12.262740500743487,25.337256958249778,5.310422050451254
2023-04-21,10.854554668108866,37.034862574139716,12.258213299454955,25.516016934923027,5.314549254250184
2023-04-24,10.93857295365768,37.106763912552694,12.37258174169335,25.623134982638824,5.32009277599958
2023-04-25,10.878946319047376,35.97131523605453,12.27951020921365,25.131247442649222,5.23564251233078
2023-04-26,10.953489689857383,36.00663744293743,12.41664002519988,24.878696348953316,5.21346637566901
2023-04-27,11.168592847656718,36.53164417888478,12.651258198084586,25.10736079090628,5.317256450703117
2023-04-28,11.298170711905378,36.57021748176293,12.809325143512332,25.048078106305116,5.362639705110715
2023-05-01,11.378465500492823,36.457120776472216,12.894564646862941,25.108445500520187,5.357224902272011
2023-05-02,11.334190445076437,36.00786953638343,12.826355676838514,25.02175228963475,5.297013557298772
2023-05-03,11.500512892441789,35.7904902556505,12.958174093076147,25.218651854530524,5.260654974289013
2023-05-04,11.441124705238826,35.258950110837,12.907839954221311,25.10243760275134,5.223394539038724
2023-05-05,11.566754236539545,37.13589121183812,13.0847965994216,25.886344484301723,5.32009277599958
2023-05-08,11.622249380455084,38.54738151199101,13.122580690219301,26.7825354359433,5.32151114361423
2023-05-09,11.663749416158357,40.18737355723024,13.180984659631175,27.653577425889246,5.2981740771591985
2023-05-10,11.71243177417804,40.81588406632999,13.220270683302294,28.04191771997826,5.32292951122888
2023-05-11,11.641795971642171,40.541810216247626,13.074636356588956,27.93108533345699,5.313646582143982
2023-05-12,11.616866215958966,39.16743670375825,13.034922615040541,27.183872242894623,5.306683872914262
2023-05-15,11.639994851256949,39.911292561922586,13.078571993253505,27.544141863137828,5.324992293262672
2023-05-16,11.53825412911969,38.90399471971481,12.951392596918799,27.05994153171369,5.28940766344842
2023-05-17,11.624286625357398,40.305773842239894,13.069625890734732,27.71733730588738,5.3536146237800395
2023-05-18,11.69251014414984,41.56680236548285,13.151128196076282,28.353552475652783,5.405187044154686
2023-05-19,11.678633183556876,40.77492801557535,13.146269587426067,28.06003819045788,5.397322072751601
2023-05-22,11.7473150860731,41.771242819824025,13.249845114898894,28.2693156323877,5.399515623360269
2023-05-23,11.680943484294668,42.11252561103882,13.198642176808272,28.382276900816077,5.338916891856439
2023-05-24,11.628368107823174,41.462522895020655,13.108433021998673,28.06317089520908,5.300237679058663
2023-05-25,11.91675281428408,41.976052585947045,13.448262966053214,27.974552568552646,5.346137038907545
2023-05-26,12.18412534031667,43.3208637468108,13.809070111952602,28.521308704259308,5.415373055278623
2023-05-30,12.183539707217616,44.82242125202994,13.78649330566305,29.329598091028345,5.417435837312415
2023-05-31,12.233123475250595,44.16868962888721,13.853586922967102,29.149273534151128,5.387395549113234
2023-06-01,12.424743273329346,45.672618496023816,14.075826895668765,30.051583153313945,5.438580582957288
2023-06-02,12.48529953227514,46.738042234164645,14.161111218305397,30.399560961922006,5.517229477122468
2023-06-05,12.566545464211023,46.52965188874524,14.236490177612325,30.33257232851489,5.506656899333613
2023-06-06,12.532601112356728,46.78870647969905,14.185219248593736,30.504715473605785,5.518647434804281
2023-06-07,12.464340926304567,47.601970180729566,14.13657255394496,30.563458580956095,5.4995654711932
2023-06-08,12.660840276625233,51.12479636263324,14.385128487507004,32.617273445017894,5.5328298811522725
2023-06-09,12.730522493215016,49.61666881450074,14.476835476872608,31.847998691774176,5.542756814723476
2023-06-12,12.85795834591189,50.50643862771015,14.650007843630503,32.35330192388583,5.5930404062598384
2023-06-13,12.930315788481135,51.969686472309746,14.739188571982067,32.88540041965631,5.629915504643719
2023-06-14,13.02729151381758,52.2963384657459,14.874590037841623,33.21188985535988,5.636619136320705
2023-06-15,13.097936420153482,53.451382453858855,14.935057396790874,33.84268698881622,5.706499977043761
2023-06-16,13.014403659545644,53.21146994252825,14.858085664799344,33.51194321183853,5.687062191730507
2023-06-20,13.031995008156422,52.63952960462551,14.848152892353097,33.03552859929579,5.657556865883094
2023-06-21,12.945984838150391,52.369410454733845,14.705360700455609,33.121503314435365,5.628569695141149
2023-06-22,12.944263387010125,52.77910925308136,14.677766620366457,33.38641367453597,5.6488863764560815
2023-06-23,12.894762235509011,51.02750429586982,14.587556060051993,32.800599895439674,5.606181623202855
2023-06-26,12.858381822536467,51.03020591724923,14.584246947307731,32.87269398577977,5.583276216024767
2023-06-27,12.950823890159835,52.51725769416329,14.706294730083917,33.63845803055017,5.64448656732081
2023-06-28,12.917536559580881,53.648231887076484,14.675280526141087,34.14603838689051,5.647333550871026
2023-06-29,13.048855514747174,53.580913479302716,14.827789297444939,34.02056997703394,5.669592084032953
2023-06-30,13.219973105213176,54.21219042225521,15.02150210391943,34.36515554506555,5.7364972222951
2023-07-03,13.185641714913187,54.592937026779964,14.996921313911425,34.307791436740565,5.743096731031589
2023-07-05,13.134350645613388,55.157480871054055,14.939590416067157,34.58959768127457,5.734555780380942
2023-07-06,12.97461481778831,54.0889929349227,14.715889045678237,34.17700851766601,5.689650507660825
2023-07-07,12.950037032280877,54.430507733446916,14.685692405944197,34.07126098185326,5.675285641200546
2023-07-10,13.118553921502699,55.11762961181344,14.799532463305098,34.384456812215035,5.689650507660825
2023-07-11,13.095327623057301,55.73493841557923,14.790345119770507,34.58667700757319,5.725884881021094
2023-07-12,13.226824772610982,56.131228887476546,14.998771011156492,34.68300616010864,5.771955592795676
2023-07-13,13.304212921290484,55.97865591059935,15.137140896716122,34.40943121197422,5.817767227017525
2023-07-14,13.342365975910834,55.38602064115771,15.168255961496993,34.42404790049544,5.814143830674782
2023-07-17,13.354549285282861,55.3030397219911,15.195441747431838,34.39201545686073,5.834331383146186
2023-07-18,13.50429389948722,56.60164848091543,15.367600206851264,34.92536029755007,5.8776838302812475
2023-07-19,13.514404776721143,59.95692181836953,15.382153383207887,36.4631719144677,5.890754128843531
2023-07-20,13.530249928449688,58.22935064607494,15.351610138519092,35.73244771221536,5.85167236200021
2023-07-21,13.489952156799891,58.17070864903066,15.306403705358925,35.583726376695665,5.85167236200021
2023-07-24,13.509932954936499,58.70164816291153,15.322691109068014,35.78350160084134,5.8778133690576135
2023-07-25,13.576886714705198,58.628736754751,15.43065216026526,35.693166714185985,5.893860189946479
2023-07-26,13.50341046625046,58.697071515484744,15.340347918663687,35.66182386888338,5.894766551448211
2023-07-27,13.411520037821434,57.17105576514508,15.211250614067788,34.980420569867285,5.855683964739217
2023-07-28,13.577642796910519,57.952131202277535,15.403337688002859,35.436147246414805,5.913013071938293
2023-07-31,13.648814862700332,58.965599394058096,15.519233949057577,35.770273100646584,5.924271877295624
2023-08-01,13.606742542859026,58.92157988355306,15.46774178276104,35.73879497628782,5.9073195147707
2023-08-02,14.062091423691719,58.76431924939687,15.92093039758669,35.78713256835096,5.825143558479379
2023-08-03,14.042209096485339,58.90771567847465,15.903857939838371,35.83620923418166,5.808449453641516
2023-08-04,14.086224282344167,57.932501354013155,15.959199271435848,35.33188902001851,5.7821784978749085
2023-08-07,14.172584861930764,58.079720099364295,16.033448539921185,35.45989005836145,5.832649428717598
2023-08-08,14.556092849165868,57.77752156068471,16.3338006142265,36.07953011611556,5.80728524438556
2023-08-09,14.464868415312916,57.39927981519329,16.186860171477722,35.72126407006162,5.7684617352293
2023-08-10,14.372550115447037,57.33994330138791,16.083594766832007,35.58383104689178,5.770531076188477
2023-08-11,14.418003623851874,57.172528114565736,16.09715163319514,35.614399960270404,5.767167577264142
2023-08-14,14.549036818487945,57.48138050232831,16.26705242101636,35.6803641003131,5.7990029613548115
2023-08-15,14.51396810640864,56.62954194859442,16.196488763033315,35.507556871348754,5.73145135900934
2023-08-16,14.444103293857832,56.06802014747636,16.09285300240239,35.44472677059856,5.689392249973764
2023-08-17,14.270484377457402,55.23203905633607,15.939521845650212,35.089678851149365,5.646039392905866
2023-08-18,14.443334929089199,55.20412926169994,16.123239923435456,35.3169436220846,5.648757247612551
2023-08-21,14.672971689437832,55.30813074182431,16.481466106013965,35.38669901320063,5.685509776078288
2023-08-22,14.682888471555065,55.05232529296615,16.482547309601266,35.35372377968744,5.670109829205583
2023-08-23,14.816334950940734,55.256361978627034,16.709424872559964,35.37323783806074,5.7332620323486205
2023-08-24,14.68080620949066,54.00669899921575,16.531523699255057,34.90928910509513,5.653803930763984
2023-08-25,14.869695829434,54.631225484753074,16.772001732700947,35.04393230809445,5.693662930265506
2023-08-28,14.957102308735323,55.014692932573624,16.88189575861666,35.233848731110896,5.729768174782244
2023-08-29,15.092225448562138,55.88667724212043,17.088885025651,35.51332703728108,5.812590185224053
2023-08-30,15.122499763453915,56.368174714072694,17.131608137741903,35.53761794467693,5.8365306728145665
2023-08-31,15.240793607334478,56.4640961969344,17.267519907212705,35.65541653811506,5.827990542029594
2023-09-01,15.200893955889736,56.84100456610038,17.16359965932766,35.894209077456075,5.8388607310578235
2023-09-05,15.097463244373502,56.82580752881766,17.003103777968583,35.83019368355484,5.813625675569315
2023-09-06,15.055164157787337,56.32434273047176,16.917984515827108,35.81646790302832,5.774543498793158
2023-09-07,15.206170315060334,55.52855783156155,17.027785840804547,35.868015783726285,5.756814313542869
2023-09-08,15.268519119431911,56.135883024381535,17.05607234369046,36.24574797452296,5.765485212902718
2023-09-11,15.371169407978014,56.345113496719065,17.16375800237338,36.48024755743968,5.8034023605572465
2023-09-12,15.309106989490804,56.34048303024233,17.06573893902455,36.51531960957242,5.771566976466575
2023-09-13,15.322867566750178,55.59290616104913,17.074267897096142,36.356922278152524,5.778296843845105
2023-09-14,15.436494699027428,56.5868761722299,17.248967188877753,36.651171554622,5.828119260940288
2023-09-15,15.341628052010813,55.744658702570106,17.1824271101742,36.266623082079576,5.75790063555987
2023-09-18,15.296691712752343,55.79062898510226,17.144685088500882,36.273715861412526,5.761277252334978
2023-09-19,15.263774440405848,55.89001157789886,17.09529377956588,36.29081414882664,5.749329759812153
2023-09-20,15.2244239384211,55.40281632971926,17.056079863037347,36.21696925811304,5.696473839726099
2023-09-21,14.914367940071212,54.47819470369117,16.731591780474844,35.56933054629459,5.6023200558820445
2023-09-22,15.039959360708544,54.71196300652505,16.907205892151747,35.7473742539705,5.589723229746038
2023-09-25,15.136744354079264,55.222600660898024,16.995640531672674,35.89338012688132,5.613228778596914
2023-09-26,14.94640943130408,54.388499506727065,16.747788421922582,35.53795058878828,5.530764229588624
2023-09-27,14.889650976556844,54.15915758984858,16.6827466488452,35.36977970160965,5.532971717913737
2023-09-28,14.95851430301025,54.90389589912841,16.808299567315174,35.56412044273879,5.565048552445167
2023-09-29,14.773380817469778,54.780152689740135,16.61569232486206,35.327779825714636,5.551542495277574
2023-10-02,14.685159253034106,54.43080848388909,16.462778150870086,35.12769901422393,5.549335006952461
2023-10-03,14.445944542520875,53.52472918291625,16.191980763063718,34.69746505876574,5.4750514875642775
2023-10-04,14.531283969484935,53.89504161902823,16.271248480049262,34.92852877857344,5.514919915521041
2023-10-05,14.603332678118829,53.28753134337757,16.336445369033427,34.77294461638303,5.512842375905132
2023-10-06,14.882828950743667,53.86079884540208,16.692615390439506,35.07837607769176,5.578295532060028
2023-10-09,14.969000759121462,54.15361768559134,16.792164635366646,35.44391921364073,5.614008470852136
2023-10-10,15.10988825550106,54.83379235504485,16.928860748803114,35.75623907888387,5.643228483445272
2023-10-11,15.354650064119191,54.519745676156,17.165677732944413,36.0737804286037,5.666344596101375
2023-10-12,15.386148457643417,53.81150906806891,17.19871229312667,35.99149217652252,5.631800375826424
2023-10-13,15.360669534795289,53.497657549984986,17.176114069366978,36.036152784984154,5.603748671817609
2023-10-16,15.50852559979578,53.87779507436313,17.345849465218066,36.24055173462786,5.6627084918406965
2023-10-17,15.54663123557396,54.544870008097654,17.430520806399063,36.38969367304642,5.662448184489453
2023-10-18,15.495158512837103,53.499536601974654,17.34645548488526,36.08414889731265,5.586995536651275
2023-10-19,15.334542488966337,53.15305729022312,17.166978278338878,35.82818884453891,5.537905669535103
2023-10-20,15.237778587561177,52.276990004305716,17.08262459701392,35.4469833144788,5.4698564087259935
2023-10-23,15.253736571605709,52.17047130913524,17.113388348295366,35.27636968090961,5.460375892013853
2023-10-24,15.52303204402927,52.67541237305252,17.408790548011936,35.59124614247943,5.501543397129814
2023-10-25,15.385158260370881,52.02308131635017,17.2072348161128,35.48851433078832,5.422585003672999
2023-10-26,15.055591831803739,51.295672428905576,16.81401961421346,35.08335103726564,5.3576516423549165
2023-10-27,15.074259547666244,52.0333057815588,16.892117092588553,35.558762465601106,5.333365581383147
2023-10-30,15.255904470628117,52.26352474666509,17.137182580720804,35.961614098102956,5.397130634116906
2023-10-31,15.368356655721525,52.7359428020856,17.29530246984593,35.855396966109005,5.431026750577185
2023-11-01,15.452955461839965,53.713119232568104,17.39946582991258,36.22804562871186,5.488946980926645
2023-11-02,15.740034477686828,54.65553224653959,17.68634714315091,36.750591680604956,5.594138206396265
2023-11-03,15.667854552110576,55.26398361914591,17.68716307207514,36.84956206001978,5.645176484284815
2023-11-06,15.720271937668898,55.22352007726977,17.675435984813113,37.16050511327584,5.658162746615595
2023-11-07,15.783532709610812,55.34434747133414,17.716005530451866,37.23766277995531,5.674266548168748
2023-11-08,15.833144706395654,55.19624313267753,17.76171552809228,37.39823019311035,5.67842244726624
2023-11-09,15.774917842813458,54.700529442693444,17.78360288651997,37.129699211068186,5.634137812860741
2023-11-10,15.958037809284333,55.363153563895125,18.004703433623277,37.31846505679699,5.722056928192885
2023-11-13,16.16590771035602,55.447365007387965,18.193627023743428,37.57567547073819,5.716603181734705
2023-11-14,16.33154841193796,57.0779273072794,18.47651120551159,37.907747468446225,5.827510100745094
2023-11-15,16.193565858301966,57.25391390638922,18.401862972460112,37.73538220983645,5.839846619529856
2023-11-16,16.00462051815852,57.485451636536745,18.241237149259106,37.267807628015234,5.846989289274846
2023-11-17,16.08975232389737,57.4656341266207,18.348666224599437,37.225513518833196,5.854262317661874
2023-11-20,16.240541327652164,57.97502073943696,18.515978875232786,37.32033599114196,5.899326234389758
2023-11-21,16.116718765945652,57.84540751692982,18.36999298389238,37.330380543851305,5.886467871103998
2023-11-22,16.135369187566983,58.09450904289544,18.379023161253166,37.3250436685181,5.909194547565327
2023-11-24,16.205565694857363,58.12755119789277,18.48706944555257,37.615193693727456,5.9128318816245145
2023-11-27,16.149578686448297,58.08609647501515,18.43722626855892,37.59372358880419,5.9021826463952145
2023-11-28,16.204317614061527,57.950214158289235,18.489981461428673,37.71946813104899,5.908026648913842
2023-11-29,16.124541912640375,57.828298327803026,18.407078626372765,37.60684281344532,5.90387074981635
2023-11-30,16.2366641512395,58.17886360515461,18.55716207040311,37.66556468788419,5.92711763104733
2023-12-01,16.287888072723263,59.021022211342036,18.64529996461156,37.96306161345377,5.9621812362262565
2023-12-04,16.22190681613793,58.827816684344015,18.5226492962427,37.80592424965094,5.9308832740843735
2023-12-05,16.201440861115586,58.58875931887065,18.454467923302662,37.78683388805428,5.929714965500053
2023-12-06,16.086663123586078,58.289102015038104,18.27974377445453,37.883622900564,5.905819160588729
2023-12-07,16.102031438792224,58.89228849357378,18.317274149363428,38.12259602089348,5.950883077316613
2023-12-08,16.239419545624507,58.98981298761211,18.44777022978382,38.05082989786516,5.976466575716235
2023-12-11,16.277679568050026,59.321943398960784,18.607069075449363,37.99097586413509,5.999712227148704
2023-12-12,16.4832964468069,59.267553902131795,18.87396179247406,38.04197394617742,6.027114187611502
2023-12-13,16.548895319863142,60.557349720090194,18.917450377153436,38.60914927024618,6.110228890098647
2023-12-14,16.517003298245978,61.22595589711226,19.04891571017963,38.54234843541014,6.129839667068948
2023-12-15,16.490965296906413,60.97617808749061,19.02223872447166,38.55480141853997,6.119746710698919
2023-12-18,16.68366231262178,61.9260567195377,19.233950320951312,39.09839809460906,6.154170410719908
2023-12-19,16.652925476786855,62.57820366258006,19.201445901632354,39.63116974891544,6.191592769440654
2023-12-20,16.36670492149309,61.05599907857749,18.900959776858148,39.00325294630471,6.1057946466051005
2023-12-21,16.54468858729701,62.058478771758956,19.11073750416698,39.38445605033747,6.163689051185854
2023-12-22,16.59665816991193,61.56180453171745,19.155331013067954,39.265740231190605,6.176075991709519
2023-12-26,16.632554576618507,61.6631130887813,19.19117989900087,39.222842450867056,6.202155098908595
2023-12-27,16.74243535540786,61.9994244089658,19.29227079193181,39.60504829270295,6.213369221586736
2023-12-28,16.67163786922555,61.943725070613056,19.192327695634138,39.695175869855944,6.215715677143457
2023-12-29,16.612982015742475,61.399329215228114,19.10462433644162,39.442581961746775,6.1977212653478855
2024-01-02,16.47427728412789,60.65808202480629,18.887898820791165,39.2699096591551,6.163036848042816
2024-01-03,16.48101448078601,59.99075284291114,18.776534248465783,39.26764669928099,6.112705294364571
2024-01-04,16.506605368018132,60.250593414512906,18.81703581599242,39.24836192488297,6.093015810289642
2024-01-05,16.52250594832455,60.07332314898789,18.844490158865646,39.10296933013992,6.101360813044391
2024-01-08,16.73898320096127,61.32851082434553,19.145022612470573,39.56259074686068,6.188463752098857
2024-01-09,16.895439936788993,61.55326497641075,19.322565882865646,39.808566901812995,6.179075060342114
2024-01-10,16.946836180929893,61.813687367228155,19.353259629992287,40.091844917562796,6.2140206048641
2024-01-11,17.124664455664483,62.07076936094491,19.55949987513153,40.260794933458165,6.211282253515584
2024-01-12,17.39963402717738,61.33991338071108,19.873361524942986,40.35025888168588,6.21558490856858
2024-01-16,17.29980520858756,61.354358953493765,19.800877719340594,40.27603348707932,6.1927664071518524
2024-01-17,17.096122671190347,60.82784928225445,19.550465457240293,39.90216637948736,6.158342707130863
2024-01-18,17.268234451541712,61.659284039938385,19.836932266679757,40.2188721750013,6.213108504302655
2024-01-19,17.497334194266028,62.951694057486186,20.20685211347413,40.581623496090806,6.290561624383461
2024-01-22,17.451073848100005,64.0216139402297,20.130968938491876,40.70716801566359,6.3038618952670795
2024-01-23,17.540810002575263,63.59817066194151,20.25439340246281,40.68715984346183,6.322246563123098
2024-01-24,17.528630947477808,63.160706649529885,20.310645760553115,40.60858384500745,6.329158440681079
2024-01-25,17.448108913042997,62.87778980822192,20.208152380527316,40.62686572121786,6.363581730769232
2024-01-26,17.526900586832834,62.987843392230296,20.224779549931927,40.82766827739923,6.355497855231398
2024-01-29,17.72731106630822,64.12482421475309,20.48956107839875,41.18391909961127,6.4058285890439715
2024-01-30,17.859894846761073,63.772794635811934,20.62989646395415,41.11911459443532,6.4008745507136116
2024-01-31,17.817548898576383,62.38217437659335,20.52363449024883,40.71763578418361,6.296429403006611
2024-02-01,18.29754992948737,63.26884968213832,21.06328830678746,41.37571331428394,6.378837791216287
2024-02-02,18.37818929891218,64.81784353697586,21.156973136153987,42.03486661700116,6.445990118978906
2024-02-05,18.56481095288448,64.64424175653255,21.271204504424055,42.21075316411277,6.422519824351978
2024-02-06,18.40418135592413,65.59206316330537,21.052617567928756,42.23741386259269,6.441165209492077
2024-02-07,18.673316627530205,66.36076783062737,21.347145692457296,42.75802996740859,6.494888137527547
2024-02-08,18.638032006957943,67.75818752513807,21.33593897136498,43.086774585388916,6.4977560276524295
2024-02-09,18.715722854741678,68.35258900241412,21.42975721683032,43.26775433346203,6.535309974813726
2024-02-12,18.591288197365383,68.71570783606808,21.2377169000547,43.24293505582317,6.532440854890335
2024-02-13,18.448702248878494,67.51084704851543,21.04862927771465,42.883366925596995,6.442468795912478
2024-02-14,18.638360335365796,68.78300494387626,21.321684224797558,43.322124461781364,6.501016633434778
2024-02-15,18.633952784401526,69.69704450822645,21.316025946303956,43.4881147624311,6.545872304281666
2024-02-16,18.782619423809326,68.57289510957473,21.431404262398377,43.66942729048274,6.513274035182076
2024-02-20,18.69178625692896,67.96258107112715,21.241475426608744,43.604944006452094,6.4774147503673
2024-02-21,18.471684385462503,67.71018370821238,20.955831254785654,43.46287033210236,6.4832825289904505
2024-02-22,18.843808427642585,70.15810362652236,21.52420576894194,44.42706781274854,6.617457645739322
2024-02-23,18.83147786193022,72.22331425642183,21.47999050624702,44.14367178458177,6.622021428009235
2024-02-26,19.052009937337147,72.60521313566983,21.766568068446837,44.30873911453882,6.59776734179872
2024-02-27,19.049463397308614,73.82320257661817,21.75959810257066,44.20017983695619,6.610024333613181
2024-02-28,18.94822265546061,73.61736215898537,21.627973687093693,44.29963769283555,6.601288664865148
2024-02-29,18.962364940255544,73.94951107214733,21.722615845647486,44.32853997571454,6.625020086708994
2024-03-01,19.54017664010582,75.66222929206793,22.527092484912075,44.827426913950475,6.68721755627558
2024-03-04,19.722628641100616,75.52599710989108,22.73493783980087,45.09335166290189,6.680046191232028
2024-03-05,19.562785292241617,73.85274619193169,22.430441624675318,44.736695661329655,6.6132849393955295
2024-03-06,19.781299912571367,75.30025729084501,22.73265975604458,45.49888985027239,6.6467961289222375
2024-03-07,20.00341330527336,76.18778944624394,23.109062604560755,45.77061900170925,6.71277481897366
2024-03-08,19.559871229756954,76.21068253031795,22.405152472191418,45.61713939069576,6.672484160195194
2024-03-11,19.34219743135611,75.47707071658077,22.136223959297542,45.49664873893523,6.6667459203484105
2024-03-12,19.67615382758711,75.91806586245184,22.562388483326163,46.01974969743875,6.7384628502466155
2024-03-13,19.60686676636331,76.2333675329832,22.45416006957122,46.156278375404455,6.727900110845839
2024-03-14,19.63280373570049,75.52912610843909,22.507921757827567,46.05647005119963,6.714600249895057
2024-03-15,19.60905400374451,75.08703045867135,22.504812047782785,45.44357871610573,6.66849387396369
2024-03-18,19.817525425975475,76.18570696101308,22.759228634754958,45.827455506067416,6.708125770673733
2024-03-19,19.810426403234985,76.00738106085281,22.720327209586692,46.00689699760221,6.745403423103158
2024-03-20,19.969446012129396,77.89270755239005,22.986017456495258,46.26883720450542,6.807794790901459
2024-03-21,20.310168852027797,79.44126240627871,23.51805358636702,46.706147941575296,6.830292314907125
2024-03-22,20.26720684318487,78.52002654566319,23.515835826484,46.20145496990357,6.817342536598804
2024-03-25,20.214484898641803,78.61377899311017,23.42258066971337,46.2193888037601,6.798508172421031
2024-03-26,20.214855355168673,79.08186512156902,23.374671689804703,46.330449336293086,6.785950289904503
2024-03-27,20.236323225117946,78.97131781839197,23.35771542499827,46.41971636369005,6.842978506401511
2024-03-28,20.331700302223503,78.75063969327714,23.488592306953194,46.4618203180698,6.841671230585581
2024-04-01,20.453435457733093,78.41677262657375,23.723503794269234,46.174036603470434,6.829769240607619
2024-04-02,20.54781264603984,77.48613171456893,23.876467345762606,45.99641624750448,6.786343825427642
2024-04-03,21.048366506976922,77.78750735086533,24.575162839909467,46.376765696789064,6.793798454061287
2024-04-04,20.699595714945833,76.86747651260325,24.079519115554994,46.00232812322669,6.71087355047749
2024-04-05,21.13108215175069,77.87558209101913,24.61020614103535,46.57328079997467,6.780980674126352
2024-04-08,21.04671135495478,77.23612911023504,24.522749304330876,46.299917243960806,6.784773782663448
2024-04-09,20.852005014062655,77.14194040222513,24.298934948190734,46.039546729470146,6.792621946820233
2024-04-10,21.051219574346643,75.94338517102892,24.54104316348458,45.764978672340526,6.7246058905708885
2024-04-11,21.28129916166872,76.79671260511542,24.939195278193328,45.97840361589289,6.775356395608144
2024-04-12,21.063478504049797,74.61583209956756,24.6101470886605,45.373171096338346,6.6818359579966415
2024-04-15,20.853449417009067,73.15543631109225,24.294045970154095,45.134948852255945,6.598124393299401
2024-04-16,20.9514801231431,73.27634536632542,24.413773930465343,45.14204280520672,6.586091224813726
2024-04-17,20.845221812711873,72.42764325899634,24.227007732447273,44.97190149903069,6.547113170978067
2024-04-18,20.74314078097623,72.62021792399699,24.05615288196907,44.97012145665938,6.533641138235912
2024-04-19,20.42200233824457,71.50584714050238,23.556440796191353,44.56312070118054,6.4766137416045755
2024-04-22,20.30446923022353,72.21328524729793,23.432280077050127,44.67114589351516,6.536257739531956
2024-04-23,20.52202541374521,73.78767993422213,23.79163060929826,45.06680800400482,6.613820311680135
2024-04-24,20.70324139233373,74.04353050365033,24.077866158958393,45.13561554982773,6.610681865883095
2024-04-25,20.98072698073784,74.14262228879412,24.51532314197942,44.91920005292716,6.585567330648547
2024-04-26,21.22025790176473,75.8754010751187,24.881872901773363,45.29600207497641,6.647959108379683
2024-04-29,21.313405348151903,76.04004709345777,24.977110920248766,45.46803918646875,6.671502780984364
2024-04-30,21.001961335435347,74.35731284781579,24.466534617017217,45.13049275733628,6.56581840631231
2024-05-01,20.797439431130503,75.56686310283256,24.13259531432134,45.60447211741181,6.544497389547697
2024-05-02,20.95132618628236,78.787596849383,24.356163485549843,45.59864795985051,6.605711020306433
2024-05-03,20.937353382717923,80.24982814802169,24.443119321331835,45.735039555468695,6.687590595156889
2024-05-06,21.49539561701765,81.42094300257517,25.182102655270526,46.45955649247372,6.756652390072411
2024-05-07,21.538099299313554,81.01118864267569,25.18642692559216,46.64912961700675,6.764108248504565
2024-05-08,21.57217615981845,80.91867656387777,25.294391755683584,46.512402423952274,6.764761681446112
2024-05-09,21.71254300841476,82.31151809775768,25.46445813262189,46.96995094530679,6.803740145214609
2024-05-10,21.622756151156246,82.31860485147618,25.388792128753334,46.9769993786357,6.8125036893955295
2024-05-13,21.421752217982284,81.81871069563657,25.18868633775791,46.69820190105349,6.813419479352502
2024-05-14,21.718940677917324,83.53865586939959,25.639720347657732,47.177535479224105,6.844680137606255
2024-05-15,22.239485737432695,84.703054884756,26.369169172594855,47.92457610890945,6.929437440969672
2024-05-16,22.104252411035734,83.91667298679378,26.119739083161594,48.159345258798176,6.915181616643928
2024-05-17,22.38443890735324,83.75238500459386,26.487777810596217,48.384941063990546,6.925119208468884
2024-05-20,22.674574782051916,84.56592436489301,26.926729020083805,48.8693841981178,6.933098961066219
2024-05-21,22.75041889117326,84.44219116245262,26.930411475076085,49.204548831784926,6.950102155262882
2024-05-22,22.605713305565224,83.91349874109427,26.741218587329197,48.81549115483795,6.930090873911218
2024-05-23,22.468892590264353,83.0443819672116,26.578362563429582,48.468398458480046,6.879472367247351
2024-05-24,22.75634453805158,84.95353588575537,26.962504234072497,49.36622499271408,6.924990489558191
2024-05-28,22.876512400448142,84.6900718969344,27.21686547832591,49.608097909128055,6.929829336761466
2024-05-29,22.77259766171274,83.94645754989745,27.07721704217179,49.34470119085554,6.881303947161297
2024-05-30,22.71536610096942,82.94107277886388,26.895913184237415,49.04598089743174,6.835654646342743
2024-05-31,22.549127599437636,83.05786642258772,26.538461344954573,49.36517585865117,6.897914425700493
2024-06-03,22.518632393132624,82.45482406953812,26.457433033647504,49.47476504830897,6.903539524084374
2024-06-04,22.33089275183552,82.46587765182781,26.15722548317546,49.39124830714327,6.9112560998006085
2024-06-05,22.767027403718405,84.67801043492197,26.862027342699808,50.11269167831639,6.993397621733655
2024-06-06,22.603090596600598,84.26052990207228,26.667398474975183,50.08590331132621,6.993265623360268
2024-06-07,22.26355093955025,84.52615261925405,26.226574739439865,49.85509648041712,6.984763616329101
2024-06-10,22.611867670548087,85.85736781909256,26.707977064825666,50.53997713009467,7.006345760310631
2024-06-11,22.39283294613714,85.39590694456291,26.418203459994526,50.44221139473731,7.0232202355966
2024-06-12,22.63997855741642,86.62569525707981,26.840681314386742,50.64533978382056,7.080901065169483
2024-06-13,23.09366154589048,86.70642247195325,27.652437025245177,50.33290955531714,7.0951585292265715
2024-06-14,23.066158590147722,86.43886467087127,27.664939504489144,50.41213430816179,7.0994759418616855
2024-06-17,23.115016691472746,88.33129859902861,27.815643060246156,50.69389309568966,7.1559794443278415
2024-06-18,23.42820092293905,88.40765290731285,28.20994191769073,50.79808705114061,7.1741607854969045
2024-06-20,23.244255626643227,87.6957270233386,27.941606804135116,50.71768603226912,7.154672578444748
2024-06-21,22.962721454087475,87.32714727220339,27.459329150366713,50.46256668953544,7.145080150068213
2024-06-24,22.88100445791772,88.13550049824725,27.19601245625579,50.827433183015614,7.121853355546227
2024-06-25,22.86170268451042,89.02139876271042,27.154147923127862,50.810560324204545,7.149279502046385
2024-06-26,22.735812988226794,88.84123519152817,26.99609693614115,50.7910858128614,7.158201280302236
2024-06-27,22.858345566844203,89.6426366654559,27.111875295138812,51.07540274131727,7.169486731293945
2024-06-28,22.73222330134757,88.63924157510722,27.001959933521572,50.74445091074138,7.1412735137475085
2024-07-01,22.87139828947711,87.88340544591384,27.22329204996301,50.59655920723527,7.155970425805436
2024-07-02,22.908369717966597,87.55361137206873,27.31116301663976,50.33249677611987,7.20412933544968
2024-07-03,23.340454106742197,88.08659271644898,28.055263230155063,50.36143521161636,7.236277908227517
2024-07-05,23.496558848938708,87.95184750721735,28.144652404293023,50.9297722773024,7.278007431262462
2024-07-08,23.409090369978916,88.04959155754175,28.074561983662687,50.87130102852754,7.286405315353132
2024-07-09,23.520129142712673,87.99773808611596,28.171556716367306,50.93108868159522,7.293490594500997
2024-07-10,23.92155968350644,88.0410829582836,28.69879596639286,50.770033274034226,7.365660910116486
2024-07-11,23.87478704250758,87.94139994154078,28.609359073486004,50.831508876319766,7.302149195875748
2024-07-12,23.724750583709653,89.20454487695393,28.33413637303551,51.15301462785902,7.348210069262252
2024-07-15,23.69253979266254,90.40698687406736,28.250675300116466,51.46608197443207,7.368417298509812
2024-07-16,23.76983695699161,91.55257064862121,28.333937533377195,51.885698484700015,7.4121128594291115
2024-07-17,22.924963828991952,88.40262949479063,26.977575301214326,51.12110109555283,7.308186686693252
2024-07-18,22.664682585863016,87.70340973354305,26.847140289352286,50.2349907781288,7.252023428481478
2024-07-19,22.605719200823227,85.82716866480531,26.758850717687114,49.40708610145823,7.20386615856858
2024-07-22,22.812755918478125,84.69505646118719,27.10411566591934,48.81877797765623,7.27813697003883
2024-07-23,23.055653549987916,84.62028166407751,27.419546074806032,49.02387962074558,7.266720340539406
2024-07-24,22.315894516184027,82.29839133944833,26.257052118877894,48.440707258377444,7.102039661821807
2024-07-25,21.70476969026246,81.98903002018977,25.510538328373922,47.66816454275423,7.065035844527232
2024-07-26,21.762093798505415,84.46105395732053,25.639343311004605,48.22086780125779,7.1441594409172
2024-07-29,21.73822783961854,84.41330542917312,25.586730516984684,48.422966557198265,7.148359612761046
2024-07-30,21.41879315860015,82.98030190141878,25.092267309521212,47.94912030689154,7.112142866512751
2024-07-31,22.029268146692345,84.41198761717908,26.192828554649573,47.907357042026156,7.227748025763459
2024-08-01,21.643008671637833,84.3067988023703,25.29843954446498,47.96898560305224,7.12539599512016
2024-08-02,21.038657210018346,80.6109459084087,24.498496160877117,46.51870463519899,6.9927327106726835
2024-08-05,20.602578708547597,79.8102406857242,23.929948705178347,45.950476828950535,6.789078897313464
2024-08-06,20.81975174751302,81.5624549562163,24.25314257042119,46.552636837810766,6.851670722268864
2024-08-07,20.472076375692602,79.41143992054931,23.733450597613363,45.89564138034134,6.805875075427641
2024-08-08,21.296950536715915,82.95347645802694,24.800697563931706,47.83579191073331,6.9632093477804595
2024-08-09,21.633964389382697,83.50404067384076,25.138854201497523,48.44796653268369,6.993911677510757
2024-08-12,21.760719371078814,83.69371576204274,25.29935843157019,48.796511443962444,6.997588775055095
2024-08-13,22.07604848281538,86.42245457644576,25.790993566545257,49.492545499309344,7.112669220274951
2024-08-14,22.341478485412587,86.25964792879533,26.139256826763052,49.6691267319362,7.135106484153637
2024-08-15,22.96487027708917,88.56430081860466,27.003861122354746,50.55101710510312,7.257403387029069
2024-08-16,22.90613077237127,89.24377484283487,26.85540499728958,50.848399594736584,7.2736744411795575
2024-08-19,23.004521761527702,90.21108978050621,27.03945973289935,51.27763727255246,7.343222006506454
2024-08-20,23.12007940638318,89.64832253209943,27.042473565584423,51.51209564092494,7.331280662976178
2024-08-21,23.218851903372258,90.57869187472077,27.165027758119848,51.87878495451275,7.356475135113864
2024-08-22,23.021079727141583,89.75478977389102,26.82149643352829,51.631182032032115,7.298738554675202
2024-08-23,23.35259979171858,91.65537537980232,27.38254732773442,52.179440994228344,7.376289648703956
2024-08-26,23.259570630611748,90.70036059884097,27.220238702848484,51.97935149483852,7.358705989610662
2024-08-27,23.35994118790357,90.4670325435331,27.34412089941386,52.078092781495236,7.3688091943016065
2024-08-28,23.171408726061255,88.89069701203367,27.021729789708367,51.464371001010825,7.326032702801973
2024-08-29,23.15467592652281,89.01099115128373,26.985359094895056,51.60085961500549,7.326688595340539
2024-08-30,23.42779560934448,90.52756306057422,27.308022785486756,52.12064482315565,7.396629696190576
2024-09-03,22.79729254821875,86.0768300281781,26.293357373836123,50.40911094407814,7.244414255168433
2024-09-04,22.836044681900283,86.79615705894223,26.4221681158131,50.31786322901328,7.229586164602791
2024-09-05,22.6520683561231,85.89844018522761,26.253174924408675,49.544657144487196,7.212002505509498
2024-09-06,22.10191927216696,82.97124174244769,25.388273095113068,48.59277354545363,7.090623032322385
2024-09-09,22.363627200885116,84.29175241816012,25.761144287704006,49.2069800584534,7.170011445324798
2024-09-10,22.61893098738391,84.94109001847467,26.120833851474977,49.33972363959249,7.201242588414314
2024-09-11,23.236993192087013,87.12191191981435,27.067622195879288,50.157535172506904,7.27511904449575
2024-09-12,23.771061051849063,88.48453028676775,27.81365087376665,50.94853822558359,7.3363999042396895
2024-09-13,23.863496941855207,90.21643231770027,27.968713366322497,51.751498561609935,7.3747155066113965
2024-09-16,23.864399165107482,91.64190409649882,27.971477518376595,52.38655427607317,7.385606602214294
2024-09-17,23.591556582531023,92.18891555056969,27.700898370774166,52.215787822325694,7.388625347623045
2024-09-18,23.60799887041545,92.6768655977349,27.670899748382414,52.55304213537457,7.3667111580438664
2024-09-19,23.959231452771583,94.50385594521494,28.234381876831662,52.96753399711282,7.492419521985519
2024-09-20,24.441004299496058,98.31052323966927,28.909921043346337,54.59300834961445,7.479469743677196
2024-09-23,24.66993552096947,100.98757410519733,29.18852227680677,55.41135661050247,7.498158581697975
2024-09-24,24.93590911556334,101.08812438766728,29.620361158676843,55.46253635371657,7.519613646500157
2024-09-25,25.155652383352763,102.32964279099156,29.85829846605407,55.971431488884065,7.503027763931158
2024-09-26,25.08297427084368,102.52713911551152,29.86741641168808,55.817959940151205,7.5327749501521675
2024-09-27,24.684305265523278,103.39950199969752,29.376140928376795,55.582683210316645,7.521848600325323
2024-09-30,24.77717091412294,103.80469667485764,29.430598619238303,55.88526678733177,7.551993421397839
2024-10-01,24.787145620533167,104.44134005520493,29.417881771240573,56.24468837244192,7.484338106044706
2024-10-02,24.98252460343557,105.68439563602388,29.747991243506256,56.78889498339666,7.487497868349251
2024-10-03,25.05722405814157,106.12545070305265,29.90306877847931,57.084633312552356,7.473808571203694
2024-10-04,25.32517860343068,109.27995102969908,30.29959656400212,58.04845531327209,7.541726243572254
2024-10-07,25.26028359227661,107.29447059696471,30.19434018196786,57.158716124373996,7.473545394322595
2024-10-08,25.351088385861985,109.5793908959167,30.237238935687387,57.79126762757085,7.5442268338755385
2024-10-09,25.476059948908333,110.21161845461897,30.405188491338293,57.96850021840428,7.596480972557456
2024-10-10,25.404691318674573,110.29328641447142,30.3876787104811,57.87974901620303,7.583186850666387
2024-10-11,25.777495343306246,110.47151279722188,30.783785500802583,58.37255957213098,7.628597570574038
2024-10-14,25.799257838649908,110.92996366572615,30.795167099258116,58.32693748753469,7.690986068842481
2024-10-15,25.57378573296235,110.11697656284588,30.496408584195525,58.40139796398584,7.631229339385036
2024-10-16,25.971506858333193,110.44865114268765,31.069662161440096,58.38089936603584,7.664397005194669
2024-10-17,26.192217136655785,110.58704973367526,31.36297506302249,58.420912647854394,7.665056177195929
2024-10-18,26.298848740277904,112.07377807397754,31.60770459817794,58.5950514936674,7.694539366670165
2024-10-21,26.252231530624723,112.5144562328155,31.640886383773523,58.412859626808526,7.6819044167803545
2024-10-22,26.3622321891119,112.03921217935422,31.782859713059878,58.466023820899885,7.677823945324798
2024-10-23,25.93578167413493,110.64607961917991,31.08386820927166,58.14131036731508,7.607668859534054
2024-10-24,25.9233423388237,110.95041962278259,31.03328211117917,58.151369566672145,7.624121923863995
2024-10-25,26.007176101046873,112.78443407980068,31.151175263239992,58.84879601865858,7.62148851532165
2024-10-28,26.1569210266411,113.19452257933582,31.35019467293433,59.130877840294325,7.645049815038304
2024-10-29,26.29580134680452,113.8767447154127,31.621355970066034,59.29059774868672,7.657423227778361
2024-10-30,25.90348775200341,116.79608148178312,31.122887066986237,60.03590261660626,7.63425628345052
2024-10-31,25.394802673845774,117.93899390814975,30.362784639377896,60.28253693658476,7.484602102791478
2024-11-01,25.27095755334688,117.31415119400636,30.20902576822826,59.68842261877197,7.5161907073145136
2024-11-04,25.116908401435285,118.19537097537714,29.997190722400024,59.84348856046099,7.500000819865673
2024-11-05,25.51249019920721,120.44029113647929,30.498011366703942,60.46852515652725,7.590689441441914
2024-11-06,25.5035569088086,121.38417191766436,30.48859907569178,59.805546101805255,7.779436457130863
2024-11-07,25.966159432289402,123.1596056629907,31.124191293626026,60.797301325194184,7.839588361842796
2024-11-08,26.22483499119454,124.0143873591755,31.328086581690112,61.481391459806886,7.873547198027075
2024-11-11,25.935253765077654,124.6758817690208,30.93014533591996,61.30257023135148,7.881049788802603
2024-11-12,25.906502907114447,124.66803162210088,30.913490981655734,61.085661236472035,7.8565685998006085
2024-11-13,25.736885032292516,124.170637806072,30.69337989369549,60.9064580377262,7.860385074509393
2024-11-14,25.368294082385283,124.29739815767006,30.27183257069568,60.4761853218384,7.809841175621786
2024-11-15,25.05824611303376,123.3391216685527,29.903843993235487,59.90882729916577,7.709807725102319
2024-11-18,25.275516498840883,124.0195009382204,30.252157395416944,60.10090168748842,7.741397149491028
2024-11-19,26.005042910044253,125.05321691748965,31.159957994560916,60.55108110546449,7.769697272798825
2024-11-20,26.116317227104872,125.18060748539612,31.17233262766807,61.02674098064754,7.772327401878477
2024-11-21,26.528073519992915,127.2279662503368,31.643698043260528,61.646475985483605,7.81405364545073
2024-11-22,26.658610795493118,128.16954725804254,31.75933862210555,62.6394059349851,7.838272477437297
2024-11-25,26.073165234965245,127.50864247513472,31.0522393801923,62.430598654221306,7.864860721219436
2024-11-26,26.419245993944493,127.80986120808106,31.392161404314727,62.96138183380497,7.905926153059083
2024-11-27,26.24807372286429,127.29385001691531,31.037348325154102,62.99796668998579,7.881970497953615
2024-11-29,26.538572152944774,128.74146870175915,31.436590098998725,63.65305079148295,7.930934515688949
2024-12-02,26.524411630848093,129.48076675879037,31.468230828406522,63.85783692124,7.945150166596704
2024-12-03,26.787051733334344,130.43219634277136,31.82145790849045,64.48813719758981,7.948836282663448
2024-12-04,27.091540959712827,131.5406479555567,32.217392686356526,64.91294501821142,7.998193016056249
2024-12-05,27.219120186652123,130.74787141806482,32.37528521450541,64.48138910995907,7.985030892538567
2024-12-06,27.386100427888724,130.1668470697073,32.671805747986944,64.42130448909137,8.000168072463007
2024-12-09,26.8285102718342,128.9233858269356,32.106159330899025,64.06665725749473,7.958970642249973
2024-12-10,26.649126026664558,128.29865571719617,31.742616109623647,64.13213126622176,7.934225456501208
2024-12-11,27.094451956379565,130.71047619553946,32.4285342002285,64.86082515860265,7.995562067110924
2024-12-12,26.63783056807656,129.92909390216997,31.803977375736714,64.18215372823275,7.95436463689789
2024-12-13,27.151652660492708,129.46095909221134,32.85463324124034,64.23061019594498,7.952783116014273
2024-12-16,27.477397515793655,129.49084813732617,33.40824413882648,64.32718768612928,7.986743591929898
2024-12-17,27.168186305645307,129.08512687868367,32.92649879559415,64.221140393494,7.953837463270018
2024-12-18,26.462844748418405,124.56823557025945,31.971921979996516,62.57543137756903,7.716783962115647
2024-12-19,26.27396023243453,124.38136997465593,31.669061575558967,62.08704573939612,7.714414550320075
2024-12-20,26.49662450859766,126.4000147874952,32.02429606058939,62.796261910147,7.807072489243363
2024-12-23,26.690736904889828,126.78063391350086,32.36171608577645,62.75988098277089,7.853823689526708
2024-12-24,26.93945433887886,127.85902948459959,32.65522361240694,63.241979602921596,7.94111888708154
2024-12-26,27.065473354870402,127.88339032482754,32.8202795460041,63.357016459518164,7.941648520306433
2024-12-27,26.72086374364504,126.05665612079767,32.37285449844649,62.53176971714285,7.858050916937769
2024-12-30,26.422741157933224,124.81187362376046,31.974729238415758,61.88715395417829,7.76837728906496
2024-12-31,26.33513453848737,123.5344750699141,31.793474390926974,61.67216931262952,7.740115699443803
2025-01-02,26.611344642307547,123.30477864006063,32.224696278527816,61.60021633775882,7.7210972754223945
2025-01-03,26.900671336482638,123.37568161889865,32.670099099555806,61.314264958031686,7.817638098173995
2025-01-06,27.205556714635883,125.60857609419656,33.21541672950432,61.73232770630952,7.86267167987197
2025-01-07,26.873473047551506,124.20014434592824,32.71633532953731,61.948428121582594,7.773792501836499
2025-01-08,26.995818092368165,124.81418774415597,32.81042574063933,62.26536072438826,7.785149281141778
2025-01-09,27.05407037914962,124.81418774415597,32.895551369211674,62.35299661026666,7.785149281141778
2025-01-10,27.057225767653062,123.47958582490327,32.7988584179974,62.52723684186665,7.666290075034107
2025-01-13,26.70580886613026,123.89559834923158,32.31072731688426,62.54072906245397,7.678177307429951
2025-01-14,26.488189861276624,124.04756913861664,32.183812130034475,61.960610252283495,7.688741276629237
2025-01-15,26.816650877221992,127.85881475522608,32.69772751943045,62.97020501900737,7.828598882359114
2025-01-16,26.992582189028013,129.0426808157974,32.889777246650894,63.762599711026,7.813543689001993
2025-01-17,27.13756234422181,130.18285116401745,33.13599821296316,63.47978564384201,7.891990896211564
2025-01-21,27.677820705872396,129.60619047128196,33.85869022749206,63.69068440306188,7.9642309004092775
2025-01-22,28.094418026759396,130.38355544402344,34.39278148702866,63.966388754065534,8.009001305226152
2025-01-23,28.31595622405294,132.20505854847556,34.60128525123487,64.62450154276179,8.052714903190262
2025-01-24,28.364369879704324,129.14372756099118,34.64613072250361,64.37194686004605,8.029206074876692
2025-01-27,26.323293618576812,126.21789727735776,31.55669383829223,64.91518177771482,7.915630903032847
2025-01-28,26.623707702185857,129.2012955646858,32.05616968944968,65.62702586426188,7.983644499685171
2025-01-29,26.82545090962546,129.1157165039521,32.41617695317662,65.84586523190244,7.947854903452619
2025-01-30,27.42478595343255,129.86811550028173,33.25687127454295,66.55321871575887,7.9905116945639625
2025-01-31,27.378358237077123,125.62530869741968,33.27314462421847,64.95390207419979,7.947986901826004
2025-02-03,27.232537614272363,124.3683626344914,32.95640950548379,64.82843677504756,7.894499685171581
2025-02-04,27.669901290185557,125.68081100693125,33.53762539472216,65.67347554037687,7.947459728198132
2025-02-05,28.236082222983352,126.33843411371421,34.29994072351498,65.89668382103845,7.979682088886557
2025-02-06,28.280891623819365,126.5836029087267,34.25250039058262,66.02215715345147,8.00741650487984
2025-02-07,28.27822405770117,126.08136654111127,34.254711816185775,65.64768519613199,7.934120513695037
2025-02-10,28.716393218208186,126.99914277987403,34.83794009095154,65.93413029414337,7.988002085738273
2025-02-11,28.564612084617433,126.24178182204035,34.620100862475475,65.62709207306024,7.994076470511072
2025-02-12,28.396171063573593,125.25081790154591,34.30782718062049,65.34604950872786,7.968324489715605
2025-02-13,28.42028705677087,126.8469185301397,34.236318933730736,65.99461580014,8.05245090644349
2025-02-14,27.925972509331032,128.61595108084595,33.69581056248395,65.87469138647242,8.052054091457656
2025-02-18,28.14825434946745,129.46823475069164,33.96539138286024,66.35737407312277,8.075693278413265
2025-02-19,28.0464080207857,131.24562080885863,33.73970754082667,67.13720763276429,8.094710882569
2025-02-20,27.65904470102835,127.23742253396063,33.39258924750681,65.10662151306265,8.061034080176304
2025-02-21,26.981352464997915,123.39962194968393,32.317310003344794,63.746705078908704,7.92315808977857
2025-02-24,26.68555886478562,121.76516312118628,31.756056142589458,63.221455063639084,7.887105316664918
2025-02-25,26.86812750381616,121.95841194927905,31.814554112752266,64.13612697636886,7.847880483261623
2025-02-26,27.29210117764116,123.22186045206003,32.60363369867172,64.40395319369514,7.851842074194564
2025-02-27,26.72409142532491,119.75889262251458,31.675571945626075,63.6478708649386,7.7265116683282615
2025-02-28,26.914408858166347,122.54017541730913,31.910860869280253,64.49495358974497,7.847087673155631
2025-03-03,26.475525208663534,118.70105498705152,31.042911057658213,63.83393043046904,7.709607677878057
2025-03-04,26.33653742836183,116.86106013575422,31.019356698791512,62.72440006652507,7.61835006952461
2025-03-05,26.709977803423985,118.1521565893364,31.56066227604016,63.39465542945374,7.700231694039249
2025-03-06,26.171583553308363,113.27762448973637,30.743665784717933,61.972821106053445,7.563543689001994
2025-03-07,25.977903552789233,112.69663693290856,30.880655069819095,61.05779466990475,7.605936483366565
2025-03-10,25.077980508492345,107.51315407183412,29.696835969533858,58.95021619752094,7.4033476755168435
2025-03-11,25.36957232427038,107.16376591443029,30.294409462569313,58.67785447497033,7.341804458757477
2025-03-12,25.481238322368753,109.00354709490576,30.604859238491997,58.85378682207141,7.380763655682653
2025-03-13,25.302391832414582,105.62032906784744,30.33724251819543,57.66163839672142,7.282374855703642
2025-03-14,25.658577008975584,108.92663688092875,30.872507946758166,58.73876341093594,7.432797250498479
2025-03-17,25.93272656610379,109.50540972395449,31.172386265906415,59.27543597776712,7.4901140597124565
2025-03-18,25.708420934081662,106.21168076828927,30.795756649825517,58.15052102267557,7.409158063542869
2025-03-19,26.09473379694304,108.6920206404115,31.357438500873283,59.115825357837885,7.489850062965684
2025-03-20,26.07526530791968,108.9726646359156,31.290032835152157,59.217357589863695,7.468190031745199
2025-03-21,25.984000663823217,109.9811684902594,31.163328266174446,59.557195746837984,7.47065372809319
2025-03-24,26.413468079793812,114.01116130212367,31.730066627630674,61.24175669232929,7.604443507975653
2025-03-25,26.062708380765233,114.92143768644127,31.343150190762724,61.062626033898155,7.622723233025501
2025-03-26,25.47937475662159,112.15869272984126,30.387460453904996,60.134420759588316,7.531721422762095
2025-03-27,25.324433786081876,112.00082353087552,30.006743549307217,60.356119615314206,7.511718340067163
2025-03-28,25.212468073101608,109.68310934597044,29.721262012771728,59.85347624591963,7.360446564434883
2025-03-31,25.2836543648083,110.50401677082874,29.66026209386042,60.72881172214308,7.409854129499423
2025-04-01,25.38998358819557,111.76696162185547,29.837183944335372,60.9231133567358,7.43078366040508
2025-04-02,25.746061126459416,113.70369783496069,30.288673993753832,61.94545032163105,7.477808695823277
2025-04-03,24.495968330169042,103.22328895198942,28.43779566443802,57.5618647988912,7.1092962928953725
2025-04-04,23.05317497237136,97.44543949526556,26.540577102475957,54.83595786014454,6.693096813018156
2025-04-07,23.143023765027277,98.04284027901214,26.91007725213949,54.49591164694933,6.681175146264037
2025-04-08,23.037608520775755,95.90214652733941,26.81683845656752,53.68506569643929,6.576529951332774
2025-04-09,24.903324444280482,109.33785737096578,29.25550441467377,58.74109168818312,7.267192583167175
2025-04-10,24.4706611891335,104.39908703900964,28.549894052153917,57.564690724365526,6.948750196767762
2025-04-11,25.202989804731086,106.39040627142985,29.533083018469508,58.686604406524864,7.072736842795676
2025-04-14,25.47354127960279,106.389532274105,29.824753743352133,59.17253052677125,7.141352220852135
2025-04-15,25.498570293124413,107.02148887094316,29.877707310256522,59.3378430967633,7.121350777888551
2025-04-16,25.375705283678162,104.69896971194721,29.740572292289784,58.74311227185266,6.96305603289957
2025-04-17,26.057307879917403,105.36158792416295,30.32417424934497,60.59517755518578,6.972991165127506
2025-04-21,25.6605716874402,102.2721551376642,29.68742039756639,59.82910712312928,6.8070146887134015
2025-04-22,26.116293401256712,105.50531517942825,30.305234109256528,61.19712056529655,6.9841175621786125
2025-04-23,26.4021696281279,107.78710757443477,31.00929975798892,61.32211903536478,7.092340650907755
2025-04-24,27.283666298037325,111.33721665637624,32.1239620493801,62.97366386597926,7.241626711879526
2025-04-25,27.470592604041776,112.34666879123382,32.37655012441286,63.09352376121265,7.293949719277993
2025-04-28,27.600541367275984,112.83111157408246,32.51499765711401,63.50000185221015,7.296731523507188
2025-04-29,27.663802732766918,113.7392998197453,32.590594918264465,63.97650585395297,7.342696472609927
2025-04-30,27.72681466112269,112.87024886502178,32.56084831094452,63.556344892559665,7.345609455346836
2025-05-01,27.312222380855026,114.00747121497172,32.40916125074108,62.39550105066049,7.397667646132858
2025-05-02,27.899308588062425,116.06236458909436,33.07872811319519,63.43516542677192,7.507479634536678
2025-05-05,27.98591160343824,115.79912716142489,33.09868395120167,63.67581147237457,7.464430127767867
2025-05-06,27.958140350936507,115.38264745860444,33.16490202076968,63.29832755219427,7.402039989768077
2025-05-07,28.175953151510438,116.2612713944252,33.444444002894606,63.31740426499948,7.433168649648442
2025-05-08,27.796117778506122,118.6893495770522,33.12575333189613,63.60825304924843,7.4849612039563445
2025-05-09,27.803368050230006,117.20097210102519,33.16573379126597,63.018769805395685,7.475423706579914
2025-05-12,28.208615822487555,122.04554876947148,33.824006998820565,64.17530339458202,7.722468090827999
2025-05-13,28.56353912400524,125.25115586969117,34.37751521004155,64.91631220924604,7.773466195298562
2025-05-14,28.553849505417062,125.89697508635606,34.339864613360795,64.40013869821358,7.783400507660825
2025-05-15,28.43143300201196,125.45389958873648,34.21098609722048,64.63724532564086,7.821417678927484
2025-05-16,28.54396153722053,126.63050039201312,34.26918373516955,65.35041494441592,7.870958882096757
2025-05-19,28.658353933843372,126.74598063329164,34.40168686237919,65.48235067697762,7.879568291531116
2025-05-20,28.8192908626098,126.13458061612889,34.651285403393224,65.48217089306745,7.853075972032743
2025-05-21,28.52684112350299,123.95133596679189,34.36018316916234,64.51456835439694,7.720745553048589
2025-05-22,28.478687969059212,124.9044472333866,34.29211684676458,64.6037895163807,7.723792993755903
2025-05-23,29.047642621383396,121.04985995154804,34.95190913022331,63.42417209174449,7.6710707117745836
2025-05-27,29.511913444827325,124.99854080003817,35.53852149818503,64.65473186269416,7.830557541452409
2025-05-28,29.471767714028122,124.49605977118567,35.51104817717582,64.28997543141655,7.785255863679295
2025-05-29,29.451865179009985,125.37197700857698,35.52735165612505,64.49233236634869,7.815986888708154
2025-05-30,29.496023806177515,125.16438871669506,35.5349802000908,64.87954775366211,7.807245480900409
2025-06-02,29.946578507537097,126.09197770402305,36.21508737851026,65.66766475973334,7.851221435879945
2025-06-03,30.29543925327996,126.97857397802571,36.67579050293241,65.93994085816847,7.8959951201595135
2025-06-04,30.499107346413435,127.60597172551213,36.930422896324316,66.22976315582947,7.893874947528597
2025-06-05,30.37747035564841,127.68356666407868,36.94878617186789,66.10687868752964,7.855724958022877
2025-06-06,30.29600675070743,128.44447058428318,36.84231892996951,66.18792400233816,7.936395640938189
2025-06-09,30.65817481458275,127.6109037820949,37.31072196753388,66.34367682418082,7.943548149071257
2025-06-10,30.456729679567164,127.6321452504444,37.0935998440141,66.70030166752106,7.98858664996327
2025-06-11,30.7638363738832,127.17105524599765,37.47820844373908,66.54038999894624,7.965801763039144
2025-06-12,31.041125176263794,125.82356983846012,37.80244283738543,66.17554035833305,7.997461695875748
2025-06-13,30.948916924403168,123.28127984300409,37.62238071552022,65.69674535427615,7.9080487852870185
2025-06-16,31.280354113404055,124.5013431819153,38.058339490890575,65.62289177472223,7.983287038251652
2025-06-17,31.142925960769578,123.6750320350463,37.968716695822295,65.22281347036014,7.915070114912373
2025-06-18,31.31104276258237,123.97622827445947,38.138524490904395,65.35893306551533,7.913876390492182
2025-06-20,31.030266360204266,125.04936106893068,37.731071428086686,65.59924826036804,7.895290855546228
2025-06-23,31.27803830686719,124.74128935781364,38.03141845239381,65.66641089201363,7.973276478381782
2025-06-24,31.773839277507605,126.10521237849086,38.632368349929955,65.67005731654284,8.061359566848568
2025-06-25,31.76661872121752,125.6545075168561,38.68851408953695,65.36261785489609,8.06587620684227
2025-06-26,32.13658434664846,126.05713679475082,39.18180461228043,65.14694523290173,8.128982087574773
2025-06-27,31.992098140881268,127.90689274532399,38.97662944629766,65.33797807710316,8.16937031036835
2025-06-30,32.29368206530297,129.7350314125591,39.311947735511396,66.03126059954293,8.208429530905656
2025-07-01,31.797765861129825,129.84022651866601,38.72613469185088,66.56592210419704,8.20577234625879
2025-07-02,31.96484911152699,131.4068701870599,38.98692043272917,67.06351405094689,8.242971291583586
2025-07-03,32.34638008311001,132.34519396600973,39.476681407952995,67.32370588535055,8.307937447528598
2025-07-04,32.34785683370705,132.34519396600973,39.4768868465025,67.32723937090613,8.307937447528598
2025-07-07,32.39544836977285,132.36744705790602,39.48828375845756,67.38191714924949,8.246026930947634
2025-07-08,32.023975854266496,131.69195810880902,39.02836633277863,66.98099875892613,8.241510290953931
2025-07-09,32.215187192287466,132.72055855869894,39.28827507815616,67.43522618503998,8.290931793734915
2025-07-10,31.864318824924005,132.3219412433362,38.87456919968395,67.05884684484411,8.314314362734809
2025-07-11,32.17435461443421,131.5514232937784,39.408833804983125,67.0271538197066,8.28508615148494
2025-07-14,32.476044176953394,131.1589361470598,39.76941193632241,66.99963966996069,8.300895621261413
2025-07-15,32.334898250159824,130.6595920550923,39.719500910391695,66.19853615699908,8.265424132910065
2025-07-16,32.477695694074,131.16669216552305,39.81631062322265,66.69754078543855,8.293056885559869
2025-07-17,32.55782912928157,131.98099998200115,40.13267732738733,66.46185313845704,8.343808210462798
2025-07-18,32.62991058412699,132.66289055500886,40.16939144429487,66.8901715769451,8.33769611186903
2025-07-21,32.607285748265184,132.34274071067043,40.197601683634296,66.98931965043938,8.353506401511178
2025-07-22,32.73021837686794,132.51717852638114,40.21232775252176,67.53757619524234,8.354701765662714
2025-07-23,33.07087259078554,133.5813883041073,40.71518757743884,68.10012631654646,8.425780020201492
2025-07-24,33.235547168222965,131.77725483451584,40.9378698231118,67.62467486586448,8.42856838335607
2025-07-25,33.43149047659531,134.37399443608462,41.15498169812831,68.66299245846332,8.464173509812152
2025-07-28,33.520321268879854,134.26111588602473,41.341846195757526,68.31272100212436,8.462049237852872
2025-07-29,33.2527058769964,134.3717092029716,41.136519807964824,68.00794565523574,8.439729214765453
2025-07-30,33.157956284412336,132.72132093046065,41.05270522517665,66.89102460688189,8.429101296043656
2025-07-31,32.76676936194656,133.48775422911382,40.422660531223094,67.39639601880063,8.39748153662504
2025-08-01,32.824363431121284,130.76331736996838,40.33466634303345,67.15462141182688,8.259843307272536
2025-08-04,33.2077551387933,132.55952460172327,40.87813453811959,67.84251379757133,8.38539097754224
2025-08-05,33.06694423906924,131.79359718385274,40.71316075222577,67.66511647844135,8.342877662923707
2025-08-06,33.387009876379565,132.67110823480402,41.18303726715696,68.06136102783974,8.40678127295624
2025-08-07,32.588667795639815,131.02130403309104,40.46477515383079,66.07609086547247,8.399739446689054
2025-08-08,32.66263120312669,131.1735036948756,40.55581181384209,66.05519208737192,8.465237695455977
2025-08-11,32.54680976637126,130.7200060630207,40.42406696116146,65.77747516812411,8.448497678140413
2025-08-12,32.82580369117215,132.373452462472,40.87829470762372,66.21834596197152,8.538440221954035
2025-08-13,32.49567417093131,134.2251346220788,40.4950433821019,67.10171119614016,8.56766761333823
2025-08-14,32.47780168158402,133.06247317710415,40.412713578062025,66.92326860709274,8.568466162503936
2025-08-15,32.54936115437943,133.096808409267,40.44637591386554,67.20924548664979,8.548404869346207
2025-08-18,32.69614412217222,134.07640537065754,40.65191585952311,67.44281055001863,8.546543774268025
2025-08-19,32.21494461328867,132.8018096643429,39.85647504155412,67.19653923715072,8.500177910851086
2025-08-20,32.130093944866154,132.20560465305402,39.66141383851622,67.15833727492362,8.477593071151222
2025-08-21,31.887628400992252,132.1930168893104,39.490305480300755,66.82073767168292,8.443581763563857
2025-08-22,32.174833483120345,135.03117920532353,39.98464793411069,67.81027435366069,8.573247619110086
2025-08-25,31.959840743414833,135.35074022547937,39.73241943300716,67.67459247982974,8.535517400829049
2025-08-26,32.53301247767156,136.56300751192984,40.39649843091317,68.67309165633394,8.571254525658516
2025-08-27,32.56513102673617,136.64755187981444,40.44727777635883,68.90600520537548,8.590784545860005
2025-08-28,33.05769079002405,138.13732361040493,41.20187995910912,69.55516627968915,8.621208121261413
2025-08-29,32.84802183562411,137.23928287204367,40.85457740119924,69.7661366794121,8.56979352502886
2025-09-02,32.927900470401724,136.12100479078305,40.88826559214913,70.05423663471393,8.50628918957918
2025-09-03,33.35410551108984,135.5736677348704,41.433586590049465,70.53102775170943,8.552389416517999
2025-09-04,33.39863610059059,136.62706586762746,41.446055656304814,70.83890139086016,8.62386530590828
2025-09-05,33.623554316136875,135.9050622014603,41.90915480473383,70.5332786372784,8.59888891803967
2025-09-08,34.02564112120975,136.07275614566453,42.40901477329152,70.87243800562393,8.620012757109874
2025-09-09,34.132739751817624,135.81791209033145,42.45970472373038,70.89747136873837,8.639941232028544
2025-09-10,34.90096913502898,134.6229846342234,43.782464476124915,70.38074836307432,8.66491843976283
2025-09-11,34.929077325426206,134.12315253454912,43.82994002157524,70.51093277294089,8.73692560210935
2025-09-12,34.91014810567638,135.3264443614637,43.81459243443578,70.96738434671974,8.734001141253017
2025-09-15,35.53329310035376,138.73378817752953,44.75737806735761,71.42470558314007,8.780500642774689
2025-09-16,35.24629007810742,137.16841891657927,44.273941501165005,71.53594588986779,8.768411723423233
2025-09-17,35.14219140304353,137.9414500656737,44.06751092082031,71.71628216566013,8.757517348357645
2025-09-18,35.225921935347124,138.28065097278403,44.26846379695868,71.37597213141981,8.798437663973134
2025-09-19,35.39097379193097,140.66374546828308,44.60267549172222,71.94046129520426,8.842014344369819
2025-09-22,35.85277191616315,140.28872060448998,45.18275270870313,72.51371810970632,8.883847170479589
2025-09-23,35.62216224678901,140.08827839086138,44.890926493678094,72.45094622979673,8.835487393745408
2025-09-24,35.23865587405557,137.32941689475092,44.42399254440527,71.60846075932582,8.80737583954245
2025-09-25,35.12457362147079,135.6847310074744,44.395090852424715,70.47803004395,8.766743296778255
2025-09-26,35.300801510734544,136.0135037081942,44.65919172954894,70.92474698522878,8.816969087784658
2025-09-29,35.44073468023343,141.9723734083713,44.75826334099508,72.60475042004155,8.841747888026026
2025-09-30,35.991512126138865,143.34368045883275,45.36538526010349,73.33902172628248,8.875053291268758
2025-10-01,36.88297993320877,147.1911968117892,46.47377097755815,75.46840573707368,8.905294856490713
2025-10-02,36.80365428484847,147.8658914270018,46.37812328426007,75.49148769483578,8.91555219592822
2025-10-03,37.10022859310341,146.7032938355663,46.78454584373256,75.55843173646939,8.915420197554834
2025-10-06,37.462262988104406,144.98822069221924,47.154213827089386,75.41486245186378,8.947393319078603
2025-10-07,37.46388974217809,143.94255648303948,47.05457277007536,75.45926251553075,8.914220734074929
2025-10-08,38.02802231109054,149.33113135206008,47.93296107414893,76.73950983808137,8.967376724997376
2025-10-09,37.81133405451531,149.19151447174335,47.61398028781419,76.36810798025046,8.941398461276103
2025-10-10,37.47189924210944,139.8522285552513,46.98857171434113,73.71887678156995,8.699731575978593
2025-10-13,38.77871932640404,146.9114944965744,49.23041388875456,76.69694842435418,8.833221285024662
2025-10-14,38.89381984918364,143.36137160556086,49.170544947274394,76.73569457827554,8.822430213033895
2025-10-15,39.49983666112449,146.24690401269814,49.97720453775435,78.31546446793989,8.861597655840066
2025-10-16,39.429756781574056,145.5531228738859,50.01014022437683,77.69460393943868,8.801247343635218
2025-10-17,38.628481595490015,143.76125744614956,48.78184122111989,76.67548768579985,8.851206678297826
2025-10-20,39.041544014408686,146.06825866267624,49.20991596964944,77.84645703381483,8.943263655682653
2025-10-21,37.92706412651,146.12573676741692,47.748175815960714,76.93352224737336,8.94313001757792
2025-10-22,37.89985370627689,142.44634700329834,47.7095169135733,75.98447812022222,8.896635435250289
2025-10-23,38.72996432902233,149.6246282460235,48.79772068930423,78.19343552694556,8.949392151589885
2025-10-24,39.00339115021159,154.83108149855698,49.27397279117365,79.46075576281008,9.022531548431104
2025-10-27,38.793034285276875,157.32851795895547,49.07134502611737,78.73136107502505,9.128976348515058
2025-10-28,39.72606945504708,158.375545280481,50.724839219140605,78.56814890592763,9.153223055934514
2025-10-29,40.10186269732682,163.8503764569403,51.38491620885518,79.81416266223894,9.15761999553993
2025-10-30,40.02190511065972,156.63704058714623,51.19730059439078,78.59403332792468,9.056903596914681
2025-10-31,39.805936731669846,158.84418706503706,50.79971665366092,79.03830822179636,9.086610609717704
2025-11-03,39.940906206361284,160.73326120503424,50.77052702158458,80.45593632893187,9.103664635586107
2025-11-04,39.25821817691868,152.87146778098727,49.75216069339529,78.54833345498604,8.995753915678455
2025-11-05,39.76428867823868,159.17117092335437,50.443653753365496,79.92261152720066,9.026927668170847
2025-11-06,39.327352031785544,153.6550762923482,49.799237332002576,78.87688090485078,8.930074476597754
2025-11-07,39.26522150174288,159.44031467389118,49.701051820800075,81.00691927980107,8.93886671607724
2025-11-10,40.39708124077726,166.62693284706566,51.180489625327226,83.76112823336862,9.078351282925805
2025-11-11,40.20420303407737,164.44778661345958,50.820906228536565,83.91190692240747,9.099134057875958
2025-11-12,40.635751027954484,165.37274380951658,51.43224910701978,84.948896167239,9.10419754827369
2025-11-13,39.746684795242246,155.78497207630363,50.03119198118012,82.82386462173518,8.95312254040298
2025-11-14,39.640003111573066,157.513734821306,49.84279291800165,82.89245788479201,8.951656620579284
2025-11-17,39.37381431307399,157.7246838136742,49.51599495780703,83.26390063285973,8.868259064434884
2025-11-18,39.25827975961712,155.3228404349489,49.325362722849725,82.32400283534236,8.7937873858747
2025-11-19,39.91694510046495,160.7576485080626,50.32767955080338,83.75847988331276,8.82775933990975
2025-11-20,39.53359197004965,147.8933743977908,49.61022534314487,81.35138029764683,8.693204625354182
2025-11-21,39.38674970531789,149.6879264513909,49.208177272318736,81.50006109088032,8.779799657624094
2025-11-24,40.3749137257247,162.2787003255761,51.02548450398157,84.71578521782574,8.909024425438137
2025-11-25,41.32409492900888,163.10702400874027,52.174476418992505,86.0873201028679,8.992822895896737
2025-11-26,41.840645348489645,168.04125517460517,53.14394960541155,86.83752114907396,9.0549047644034
2025-11-28,42.23524466801352,172.9086567389566,54.07737795520587,88.17713554831015,9.104330366512752
2025-12-01,42.02213667327521,168.07964174030522,53.80874930496027,86.91885072974303,9.062763996746773
2025-12-02,41.87693251242469,168.26056019923794,53.64624957536818,87.01800094641459,9.079551566271382
2025-12-03,41.91340297344953,169.18656109993927,53.694143591522824,86.9450715047007,9.110991775107568
2025-12-04,42.13568582603452,174.96777020598336,54.017213218232975,88.18208991908104,9.11765236383671
2025-12-05,42.33988388997901,178.80565870153393,54.50466634807824,89.93978158385873,9.134971206317557
2025-12-08,42.06217598650723,184.80354146793715,54.31393756974706,91.24447877812283,9.107527842638262
2025-12-09,42.13215714086617,187.6683073641273,54.68726601722791,91.92855741275734,9.099666970563543
2025-12-10,42.300889316642404,197.1318026916004,55.00831491505113,95.23021386996534,9.160018102634066
2025-12-11,42.84096124350146,195.94433299080117,55.73893390502788,96.25171407191174,9.18133297040613
2025-12-12,41.70404226685363,182.57147527194562,53.38569516555776,93.73414799106838,9.082615404292161
2025-12-15,41.75367784574579,180.15091331229019,53.145207029693566,93.22142747604987,9.068892492654005
2025-12-16,41.433154674254816,181.14706242809473,52.75740405194042,93.51652381261434,9.044113692412637
2025-12-17,40.952074262378055,175.376320780493,52.058737771763894,91.61096016793594,8.944595937401616
2025-12-18,41.27259130813878,181.02112548553643,52.47751726127359,93.28625518785094,9.01213893115752
2025-12-19,41.91613571548447,188.10713849660993,53.59886001085217,94.67325955334094,9.093820508447896
2025-12-22,42.394066310916706,190.24588077644967,54.27232446863584,95.21518781804146,9.15047404633225
2025-12-23,42.62186433053242,190.44680459146693,54.85897139679207,95.355859327519,9.192295394322594
2025-12-24,42.749244517803255,191.95782607257746,55.0437157609203,95.9321275608609,9.224630896473922
2025-12-26,43.10184006267684,190.89968229422425,55.77385358508614,95.96855705860835,9.223695429740792
2025-12-29,42.3378054254305,189.72711654862024,54.63984064542236,95.10688573564317,9.190825375170531
2025-12-30,42.58866111848385,188.3604983927045,55.3386700689559,95.0061180416616,9.179602233969987
2025-12-31,42.02808565283692,186.19832567585613,54.26742440828415,94.17211203410884,9.111591096914681
2026-01-02,42.955473719652666,192.47939047180782,55.65525658314936,96.10649145266086,9.128292580543604
2026-01-05,43.1211507189962,194.13214713538798,56.14954984270987,96.5462854660851,9.189088079809004
2026-01-06,43.80944302022805,204.4334901167477,57.13848080928685,100.72463404349476,9.243737865988036
2026-01-07,43.85126547196363,201.7809368657257,56.92702759633642,100.66933848572236,9.213941487826636
2026-01-08,43.23063490980373,194.50301891357637,55.85066807756322,99.25981846723653,9.213006021093504
2026-01-09,43.724995128479314,200.09667606487346,56.96271118219591,101.58921399117054,9.273935158463637
2026-01-12,44.95828203604813,203.21797850482014,58.774839621293474,104.16638606461001,9.288499252282506
2026-01-13,45.150072157515474,207.19814210247483,59.1375229046,104.54226838926087,9.269926835187324
2026-01-14,45.243875039827486,203.44780048730678,59.21642883472859,104.3906058548305,9.224363620264455
2026-01-15,45.07895439077313,203.70441900659844,59.27983957866856,103.71794848836433,9.249483484625879
2026-01-16,45.37128150838349,203.21149394956865,59.7133766776321,104.33192186538484,9.241733294417044
2026-01-20,45.65371556578266,205.48007608443754,59.814644266064704,105.35767564596141,9.053601177982998
2026-01-21,46.579440868102935,208.51670030073637,60.708840157730165,107.42754147531589,9.158089778570679
2026-01-22,46.807355949342,212.41583038669762,60.9875450945897,108.56270170792406,9.205924841274005
2026-01-23,47.05259091277451,208.3058714810518,61.38269389450801,107.35359497440521,9.209264154160982
2026-01-26,47.68548833210199,208.37577236096269,62.663387247998145,107.41096839685036,9.256030112026446
2026-01-27,47.67958313217025,215.29414152712022,62.71852252152577,108.52267350506632,9.29290848987302
2026-01-28,48.90854407951198,216.63010781865015,64.34882938545668,109.1882309795793,9.291973023139889
2026-01-29,49.0259909491834,214.03572244386874,64.45489456624108,108.80719894730365,9.27353424414944
2026-01-30,45.657860893807104,213.65192877673536,59.80923038475823,107.06690664596269,9.24587525579809
2026-02-02,45.68915059351377,218.99757210505004,59.81276765565107,110.00215463808959,9.29184020490083
2026-02-03,46.6638568109953,220.12024251497593,60.96165851274154,111.53180583682848,9.213273297302969
2026-02-04,46.625408053980316,209.41312879964957,60.41645566261607,109.87671262623311,9.168645549113233
2026-02-05,45.02433816194362,206.73741954546045,58.36058014878258,107.32509161955925,9.054135730401931
2026-02-06,46.8412741574075,221.31120863000115,60.97999720533385,111.66682660391405,9.227837391121838
2026-02-09,47.735779160772374,227.13821877806177,62.67773618740766,112.59982262240351,9.272332321072517
2026-02-10,47.0058341466993,222.41998886483307,61.697049924160325,110.19235539727194,9.247879827369083
2026-02-11,48.93640531080328,221.04248639670493,64.47544932079991,110.98316591347547,9.24574243755903
2026-02-12,48.106670948505595,216.83126258116354,62.79891125360188,110.91555323881681,9.102906259838388
2026-02-13,48.150625778534064,218.43194245649963,62.73792987559161,111.19609698913051,9.109319249134222
2026-02-17,47.68965449836207,220.49775393226764,62.27003783209515,110.0021421855165,9.124016981057824
2026-02-18,48.014546827693614,221.21549856996296,62.96053440608458,110.58150863901204,9.169981110294888
2026-02-19,48.042398918492204,222.3083002586831,63.05397021520811,110.13756766325537,9.145795892800923
2026-02-20,48.31953297538616,223.25706523266615,63.643163795850086,110.12670930617519,9.211937736121314
2026-02-23,49.27375145219157,219.69651788400873,64.73255579519217,111.50570083599337,9.117871267971456
2026-02-24,49.42361746081804,221.0240468743457,64.94902898943859,111.10483992454616,9.184144289799558
2026-02-25,49.792956428753385,225.95892403788244,65.69915511292935,111.39929615737637,9.261642912425229
2026-02-26,49.140791897544624,226.2328183840738,64.49199013786138,111.75147429196694,9.210199620894112
2026-02-27,49.79099260174488,225.94807863727868,65.43696666726917,112.68414468438837,9.165972787018575
2026-03-02,49.91190786329041,228.76143801644227,65.41288965137063,111.98874191868977,9.17118467310316
2026-03-03,48.350617849592794,218.50508408756522,63.29035766991739,109.19658205789834,9.090346737590513
2026-03-04,48.7130926789591,223.43472064097872,63.804726678057484,109.57387908419732,9.15448154974289
2026-03-05,47.92903784021806,222.03610874239823,63.244580100124466,108.20465490603205,9.10344081225732
2026-03-06,47.77176071813314,210.37617058003812,63.002676795427305,106.68732386516821,8.984120841641305
2026-03-09,49.04790555971425,223.29095330270573,64.97905848820427,109.85250868070256,9.062821387343897
2026-03-10,49.89828644178213,225.17750369119383,66.13902954248597,110.53823781572011,9.048256473659356
2026-03-11,49.175184584827704,226.9512763401589,65.0434071360576,110.82504119907655,9.036899694354078
2026-03-12,48.80878921469957,217.55866540880987,64.54141616775105,108.41762613108465,8.89967467730087
2026-03-13,47.90190818762447,217.5076196526489,62.8991289156024,108.73944466262687,8.849301310473292
2026-03-16,48.08095730825001,223.42797103787592,63.21320894946046,110.39383725265122,8.939359455346835
2026-03-17,47.67116529252307,226.04272545986342,62.68407219438257,109.76447563908665,8.96287484258579
2026-03-18,46.75121710782822,226.08532080664926,61.45120408370912,107.90789568777747,8.837810073197607
2026-03-19,45.86680057314123,231.03298617845377,60.25550910975479,107.42252058260915,8.816031161454507
2026-03-20,44.83906432082454,221.11596146236786,58.679870629833076,104.94267794699914,8.68964640833246
2026-03-23,45.0080850740308,227.19026813095016,59.25919978028067,105.85550914101282,8.780887619372443
2026-03-24,45.40677249151755,228.60750815286733,59.81245094101478,106.23222071188357,8.751411808689266
2026-03-25,46.20280790517193,232.41050562269157,60.897276636009835,108.18247578875429,8.800180698394376
2026-03-26,44.559918236124716,217.35347469172478,58.41340508762752,103.8537160260263,8.643020647497114
2026-03-27,44.54284340171682,216.0074008455724,58.32869835922633,104.20774032637799,8.495640774215554
2026-03-30,44.24303962373684,207.3871480353145,57.70339227050972,102.51387929535075,8.467236527967259
2026-03-31,45.90167197068487,221.66761408378449,60.33521685311662,107.40185101819839,8.713361022930004
2026-04-01,46.99356579198712,229.08621531984744,61.664623921552064,110.32670120775074,8.779011766712141
2026-04-02,46.63150633578705,234.01212913216617,61.1948734967873,110.5622993708467,8.786916911533215
2026-04-06,46.46263206013954,233.1456855817885,60.94603981119273,110.85997793191845,8.828451306537938
2026-04-07,46.53000090366106,237.9369312946978,61.43088283218543,110.94446869823585,8.832335830097596
2026-04-08,48.32368247687426,250.84383471827303,64.11548093608974,114.85830622791866,9.057292213243782
2026-04-09,48.783663711124746,252.73723321844716,64.78724717562675,116.26062064661582,9.10954389232868
2026-04-10,48.82559511500358,258.10298627888324,65.28896676502661,117.4853745486874,9.103515420033583
2026-04-13,48.766757568433206,265.3035400529195,65.3916322258595,119.06386779200834,9.192479044233393
2026-04-14,49.22610046314935,270.9170320700171,66.28310194895221,120.24450311626178,9.30448827264141
2026-04-15,49.173827474803375,272.7172346365183,66.55313584774609,119.52314351409049,9.377909703274215
2026-04-16,49.04803808911976,277.2141311403661,66.3471310160226,119.5884423253217,9.40095448761675
2026-04-17,50.12999240400016,283.8032626579409,67.94921728583044,122.25851059530218,9.514571472609928
2026-04-20,50.13045174318045,285.0907251959095,67.82733134354704,122.0862665104677,9.495544849931786
2026-04-21,49.37375869221204,278.99876600755135,66.65414955637176,120.35733375165971,9.433378535260783
2026-04-22,50.35901221128803,292.7620222004334,68.29759422470768,124.56870076654475,9.528907643771644
2026-04-23,50.51802332509388,285.8277503495047,68.28603783235498,123.71400802269605,9.491928422447266
2026-04-24,50.09002066367916,290.48372089878075,67.97940403776576,123.41582449006832,9.565484311050477
2026-04-27,49.59000596089985,291.0486914138889,67.30467497769527,123.42451098403839,9.58196361108196
2026-04-28,48.411858576992046,281.4988631288152,65.40597130067918,121.65241658575727,9.535337850246616
2026-04-29,48.071058854520096,280.4025965069033,64.97286248600868,120.93236480998576,9.533864551631861
2026-04-30,50.4864581169498,287.55252700484675,68.12940421306021,124.96599125494544,9.62872301002204
2026-05-01,50.768708856665555,291.25702871066494,68.64970352404264,126.09613992412027,9.65538586158044
2026-05-04,50.26279545847705,294.3352558300156,67.765043322025,125.65265859114962,9.62001439684122
2026-05-05,50.76111928465443,300.17370711764124,68.38829753269914,128.19271431887555,9.6971883526603
2026-05-06,51.91544682819757,298.6060747565399,70.25665362915892,130.26175141341466,9.831973449470038
2026-05-07,51.06338801363185,288.5679243706107,69.25597032095884,128.26425400052904,9.80182780853185
2026-05-08,51.054674347988474,297.1052141164674,69.57010274458796,130.6462707414572,9.882752649805855
2026-05-11,51.91467561028251,304.1040620009153,71.16595531792431,130.77037910174747,9.90526124199811
2026-05-12,51.9126763862042,298.0567370490123,70.88904050576338,129.94953609694258,9.890255240581384
2026-05-13,52.33291084670265,296.78142492512853,71.55150540636906,130.23400763181422,9.945589614597544
2026-05-14,52.487931652103775,301.23668475409346,71.72670096611623,130.68969762393255,10.024103230926645
2026-05-15,51.34838623738789,294.2330163722139,69.46488489697722,128.94364928853642,9.903519847308218
2026-05-18,50.45019948444481,286.45082146534804,68.27706204299358,127.29800806657106,9.896552628817295
2026-05-19,50.084810611682755,284.3215231416292,67.34888576829553,127.51440916670192,9.830633788960016
2026-05-20,49.88325313877238,287.4485501488159,67.34132629785951,128.3866609807798,9.931387901406232
2026-05-21,49.657960218154194,294.1788612638722,67.23185616533259,127.69699197691855,9.951082714608038
2026-05-22,49.80658344442996,293.02504445744034,67.29988894182846,127.62094353612974,9.990205884667857
2026-05-26,49.8666149333704,298.0449096011366,67.62275940244781,129.06093923114102,10.05652727857068
2026-05-27,49.750762074494375,297.8679955570558,67.26478236367197,129.093857890789,10.054785064015112
2026-05-28,50.470722053222076,303.7848065994203,68.13617795894693,131.3706959278855,10.110253076136006
2026-05-29,50.610663369566595,309.9742985979167,68.68788625071078,131.20803631876143,10.135441809213978
2026-06-01,50.44704557729209,313.85890092784456,68.76483140063691,130.23545902716023,10.163041767236855
2026-06-02,51.16849928362081,316.6510715314936,70.15831007892186,128.86755535627736,10.176842566113969
2026-06-03,51.005747361446126,310.56759334793566,69.617607110126,129.51234479727123,10.105429806380522
2026-06-04,50.543896916709194,308.0626100926725,68.27369278757196,129.57707611323582,10.14361505011019
2026-06-05,48.703228941276215,288.4479015213938,64.92984085754685,125.38712664562084,9.881814723475705
2026-06-08,49.194824711340296,296.0307892230365,65.57812490619135,127.44932386281543,9.904188857697555
2026-06-09,48.358102157318086,290.70973786621437,64.13785079206423,126.53862349963663,9.875115601059923
2026-06-10,47.181984765084586,287.3952215139708,62.31146507598362,123.79416323454019,9.719428848777417
2026-06-11,48.12356613114771,304.94233487485735,63.63960785392944,128.39315595207407,9.884628502466155
2026-06-12,48.43158350123671,305.1805255746369,64.50772139354316,127.68095608735915,9.938087023822018
2026-06-15,49.38062115255077,319.3708264925032,66.17037267797103,131.36930924164557,10.113334951201596
2026-06-16,48.85808152702489,313.04316408420675,65.2821374771344,130.6103336257059,10.053043669325216
2026-06-17,49.141372634936715,312.1981185236673,66.05034705920798,129.0065848713892,9.9275025579809
2026-06-18,49.1646927718227,323.52975995751797,66.11824799848723,131.1427018654531,10.03071872704376
2026-06-22,49.372079759885374,325.383075059909,66.1133216537305,130.79466186727896,9.999152258893902
2026-06-23,48.44256507963637,306.351979854326,64.47667473748024,127.02163756940553,9.853945029646344
2026-06-24,47.96320216726582,305.2234279432412,63.47696475524753,126.4858967637983,9.849377557980901
